{
"type": "FeatureCollection",
"name": "brazil_coastline",
"crs": { "type": "name", "properties": { "name": "urn:ogc:def:crs:OGC:1.3:CRS84" } },
"features": [
{ "type": "Feature", "properties": { }, "geometry": { "type": "MultiLineString", "coordinates": [ [ [ -51.254003906250006, -0.54140625 ], [ -51.424462890624994, -0.56591796875 ], [ -51.546044921874994, -0.649609375000011 ], [ -51.678271484374989, -0.855078125 ], [ -51.680029296875006, -1.086132812500011 ], [ -51.802050781249989, -1.202539062500009 ], [ -51.938378906249994, -1.45263671875 ], [ -51.83251953125, -1.433789062500011 ], [ -51.6376953125, -1.341894531250006 ], [ -51.465136718749989, -1.211132812500011 ], [ -51.310107421874989, -1.023828125 ], [ -51.276318359374983, -1.021777343750003 ], [ -51.160742187500006, -0.666699218750011 ], [ -51.254003906250006, -0.54140625 ] ], [ [ -136.44375, 68.895117187500006 ], [ -136.498681640624994, 68.897314453125006 ], [ -136.717333984374989, 68.88916015625 ], [ -137.070410156250006, 68.950878906249997 ], [ -137.259960937500011, 68.964111328125 ], [ -137.869433593749989, 69.092822265625003 ], [ -138.128369140625011, 69.151953125 ], [ -138.291015625, 69.219042968750003 ], [ -138.689892578125011, 69.316796875 ], [ -139.181542968749994, 69.515527343749994 ], [ -139.976611328124989, 69.621728515624994 ], [ -140.405126953125006, 69.602490234374997 ], [ -140.860009765624994, 69.63525390625 ], [ -141.002148437500011, 69.65078125 ], [ -141.080810546875, 69.659423828125 ], [ -141.289648437500006, 69.664697265624994 ], [ -141.338623046875, 69.646777343750003 ], [ -141.407910156250011, 69.653369140625003 ], [ -141.5263671875, 69.714697265625006 ], [ -141.69921875, 69.770361328125006 ], [ -142.296972656250006, 69.869873046875 ], [ -142.422119140625, 69.939501953125003 ], [ -142.707861328125006, 70.033789062500006 ], [ -143.218310546874989, 70.116259765625003 ], [ -143.276464843750006, 70.0953125 ], [ -143.35703125, 70.089550781249997 ], [ -143.56640625, 70.101464843749994 ], [ -143.746435546875006, 70.101953125 ], [ -144.064111328124994, 70.054101562499994 ], [ -144.416894531249994, 70.039013671874997 ], [ -144.619189453124989, 69.982128906249997 ], [ -145.197363281250006, 70.008691406249994 ], [ -145.23681640625, 70.033935546875 ], [ -145.440087890624994, 70.050927734374994 ], [ -145.823144531249994, 70.160058593749994 ], [ -146.057666015624989, 70.15625 ], [ -146.28125, 70.186132812500006 ], [ -146.744873046875, 70.191748046875006 ], [ -147.062939453125011, 70.17041015625 ], [ -147.705371093749989, 70.217236328124997 ], [ -147.790576171874989, 70.240136718749994 ], [ -147.86953125, 70.303271484375003 ], [ -148.0390625, 70.315478515625003 ], [ -148.142724609374994, 70.35546875 ], [ -148.248779296875, 70.356738281250003 ], [ -148.371142578124989, 70.314990234375003 ], [ -148.479199218750011, 70.317919921875003 ], [ -148.688378906249994, 70.416308593750003 ], [ -148.844775390624989, 70.425195312499994 ], [ -149.269433593749994, 70.50078125 ], [ -149.410595703125011, 70.49140625 ], [ -149.544042968750006, 70.512890625 ], [ -149.8701171875, 70.509667968749994 ], [ -150.152490234374994, 70.443701171875006 ], [ -150.273632812500011, 70.434326171875 ], [ -150.403222656249994, 70.443896484375003 ], [ -150.543505859374989, 70.490136718749994 ], [ -150.662646484374989, 70.509912109374994 ], [ -150.979052734374989, 70.464697265625006 ], [ -151.128027343750006, 70.451611328124997 ], [ -151.224804687500011, 70.41875 ], [ -151.944677734375006, 70.452099609374997 ], [ -151.819628906249989, 70.511328125 ], [ -151.799902343750006, 70.538037109374997 ], [ -151.76904296875, 70.56015625 ], [ -152.172949218750006, 70.556640625 ], [ -152.253369140625011, 70.568261718749994 ], [ -152.269677734374994, 70.61474609375 ], [ -152.399218749999989, 70.620458984375006 ], [ -152.470605468749994, 70.653613281250003 ], [ -152.437255859375, 70.733251953125006 ], [ -152.23291015625, 70.810351562500003 ], [ -152.300390625, 70.846777343750006 ], [ -152.4912109375, 70.880957031250006 ], [ -152.670849609375011, 70.890722656250006 ], [ -152.784912109375, 70.876025390625003 ], [ -153.23291015625, 70.932568359374997 ], [ -153.497705078124994, 70.891064453124997 ], [ -153.701367187500011, 70.893603515625003 ], [ -153.918212890625, 70.87734375 ], [ -154.195214843749994, 70.801123046875006 ], [ -154.3921875, 70.838330078124997 ], [ -154.5986328125, 70.847998046875006 ], [ -154.785205078124989, 70.894287109375 ], [ -154.726318359375, 70.927783203125003 ], [ -154.673681640625006, 70.987109375 ], [ -154.817529296874994, 71.048486328124994 ], [ -154.943798828125011, 71.083056640625003 ], [ -155.166845703125006, 71.09921875 ], [ -155.229736328125, 71.082226562499997 ], [ -155.313378906249994, 71.014990234375006 ], [ -155.579394531249989, 70.894335937500003 ], [ -155.708056640624989, 70.857275390625006 ], [ -155.872216796874994, 70.834667968749997 ], [ -155.973535156249994, 70.841992187499997 ], [ -156.041943359375011, 70.902246093749994 ], [ -156.146582031250006, 70.927832031250006 ], [ -155.804345703124994, 70.995410156250003 ], [ -155.634570312499989, 71.061572265625003 ], [ -155.579443359375006, 71.12109375 ], [ -155.645605468750006, 71.182763671874994 ], [ -155.811132812500006, 71.188427734374997 ], [ -156.469970703125, 71.291552734375003 ], [ -156.567236328125006, 71.341552734375 ], [ -156.496679687500006, 71.379101562499997 ], [ -156.395263671875, 71.396679687499997 ], [ -156.47021484375, 71.407666015624997 ], [ -156.783300781250006, 71.318945312500006 ], [ -156.973339843750011, 71.230029296875003 ], [ -157.1953125, 71.09326171875 ], [ -157.324755859374989, 71.039599609375003 ], [ -157.605615234374994, 70.941259765625006 ], [ -157.909375, 70.860107421875 ], [ -157.998486328125011, 70.8453125 ], [ -158.484375, 70.841064453125 ], [ -158.510839843750006, 70.820117187500003 ], [ -158.620947265625006, 70.799023437499997 ], [ -158.996289062500011, 70.801611328125006 ], [ -159.075048828125006, 70.772070312500006 ], [ -159.251171875000011, 70.7484375 ], [ -159.304150390625011, 70.752539062500006 ], [ -159.33984375, 70.78125 ], [ -159.26220703125, 70.813867187499994 ], [ -159.183154296874989, 70.831933593749994 ], [ -159.191748046875006, 70.859667968750003 ], [ -159.231738281249989, 70.876757812500003 ], [ -159.314501953124989, 70.878515625 ], [ -159.680908203125, 70.786767578124994 ], [ -160.081591796874989, 70.634863281250006 ], [ -159.961816406249994, 70.634082031250003 ], [ -159.746191406250006, 70.53046875 ], [ -159.386767578124989, 70.524511718750006 ], [ -159.683300781250011, 70.477148437500006 ], [ -159.814990234374989, 70.4970703125 ], [ -159.842626953125006, 70.453027343749994 ], [ -159.857519531250006, 70.389257812500006 ], [ -159.855224609375, 70.324169921874997 ], [ -159.865673828125011, 70.278857421875003 ], [ -159.907568359375006, 70.331445312499994 ], [ -160.095068359375006, 70.333300781250003 ], [ -160.005566406250011, 70.447558593750003 ], [ -160.106396484375011, 70.472558593749994 ], [ -159.963134765625, 70.568164062500003 ], [ -160.045605468750011, 70.585595703124994 ], [ -160.117138671875011, 70.591210937499994 ], [ -160.634130859375006, 70.446386718750006 ], [ -160.647656250000011, 70.420556640624994 ], [ -160.996289062500011, 70.304589843749994 ], [ -161.639013671875006, 70.234521484374994 ], [ -161.768164062500006, 70.196533203125 ], [ -161.997412109375006, 70.165234375 ], [ -162.073876953124994, 70.161962890625006 ], [ -162.042382812499994, 70.176660156249994 ], [ -161.911962890625006, 70.20546875 ], [ -161.818408203124989, 70.2484375 ], [ -161.761083984375006, 70.257666015625006 ], [ -161.779931640624994, 70.27734375 ], [ -161.812597656250006, 70.28984375 ], [ -161.880957031250006, 70.331738281249997 ], [ -161.977978515625011, 70.287646484375003 ], [ -162.071142578125006, 70.227197265624994 ], [ -162.350390624999989, 70.094140625 ], [ -162.952099609375011, 69.758105468750003 ], [ -163.093554687499989, 69.610693359375006 ], [ -163.131005859374994, 69.454345703125 ], [ -163.161474609375006, 69.387939453125 ], [ -163.187109375, 69.38046875 ], [ -163.205175781250006, 69.392529296874997 ], [ -163.250537109374989, 69.345361328124994 ], [ -163.535693359374989, 69.170117187499997 ], [ -163.867919921875, 69.036669921875003 ], [ -164.150195312499989, 68.961181640625 ], [ -164.30234375, 68.936474609374997 ], [ -164.889697265624989, 68.902441406250006 ], [ -165.0439453125, 68.882470703124994 ], [ -165.509472656250011, 68.867578125 ], [ -166.209082031250006, 68.885351562500006 ], [ -166.18203125, 68.797216796875006 ], [ -166.282958984375, 68.5732421875 ], [ -166.380517578124994, 68.425146484375006 ], [ -166.447021484375, 68.390234375 ], [ -166.570410156250006, 68.361083984375 ], [ -166.647851562499994, 68.373828125 ], [ -166.5458984375, 68.424365234375003 ], [ -166.643896484375006, 68.408007812500003 ], [ -166.786279296874994, 68.359619140625 ], [ -166.574462890625, 68.320263671874997 ], [ -166.409130859375011, 68.307958984375006 ], [ -166.2359375, 68.277929687500006 ], [ -165.959570312500006, 68.155908203124994 ], [ -165.386035156249989, 68.045605468749997 ], [ -164.125195312500011, 67.606738281250003 ], [ -163.942675781249989, 67.477587890625003 ], [ -163.7998046875, 67.27099609375 ], [ -163.720556640625006, 67.195556640625 ], [ -163.531835937500006, 67.102587890625003 ], [ -163.001708984375, 67.027294921874997 ], [ -162.761425781250011, 67.036425781250003 ], [ -162.583105468750006, 67.018505859374997 ], [ -162.409423828125, 67.103955078124997 ], [ -162.411572265625011, 67.060302734375 ], [ -162.391552734375011, 67.019873046875006 ], [ -161.965429687500006, 67.049560546875 ], [ -161.719921875000011, 67.020556640625003 ], [ -161.622216796874994, 66.979345703125006 ], [ -161.731298828125006, 66.922802734374997 ], [ -161.878759765625006, 66.803955078125 ], [ -161.856689453125, 66.700341796874994 ], [ -161.680908203125, 66.6455078125 ], [ -161.571728515625011, 66.591601562500003 ], [ -161.398046875, 66.551855468750006 ], [ -161.051464843750011, 66.652783203124997 ], [ -160.864013671875, 66.670849609374997 ], [ -160.643798828125, 66.60498046875 ], [ -160.360888671874989, 66.6125 ], [ -160.262548828125006, 66.572460937499997 ], [ -160.227343749999989, 66.508544921875 ], [ -160.231689453125, 66.420263671875006 ], [ -160.650537109374994, 66.373095703125003 ], [ -160.784472656249989, 66.384375 ], [ -161.048144531249989, 66.47421875 ], [ -161.155810546874989, 66.4953125 ], [ -161.3359375, 66.496337890625 ], [ -161.591015625000011, 66.459521484375003 ], [ -161.909570312499994, 66.559619140625003 ], [ -162.050732421875011, 66.667285156250003 ], [ -162.017626953124989, 66.784130859374997 ], [ -162.131396484374989, 66.801367187500006 ], [ -162.253564453124994, 66.918652343749997 ], [ -162.361621093749989, 66.947314453125003 ], [ -162.478320312499989, 66.930810546874994 ], [ -162.607421875, 66.894384765625006 ], [ -162.543652343750011, 66.805126953124997 ], [ -162.467431640624994, 66.735644531250003 ], [ -162.317724609375006, 66.733691406250003 ], [ -162.191162109375, 66.693115234375 ], [ -161.887597656249994, 66.493066406249994 ], [ -161.916894531249994, 66.411816406249997 ], [ -161.828173828124989, 66.370849609375 ], [ -161.54443359375, 66.40703125 ], [ -161.120312500000011, 66.334326171875006 ], [ -161.069531250000011, 66.294628906249997 ], [ -161.034277343750006, 66.188818359375006 ], [ -161.109228515625006, 66.239501953125 ], [ -161.201074218749994, 66.219384765624994 ], [ -161.345068359375006, 66.247167968750006 ], [ -161.455419921875006, 66.281396484374994 ], [ -161.556835937500011, 66.250537109375003 ], [ -161.816308593749994, 66.053662109374997 ], [ -161.933691406250006, 66.042871093749994 ], [ -162.214257812499994, 66.071044921875 ], [ -162.586865234375011, 66.050830078125003 ], [ -162.721777343750006, 66.059814453125 ], [ -162.886474609375, 66.09921875 ], [ -163.171435546874989, 66.075439453125 ], [ -163.695361328124989, 66.083837890625006 ], [ -164.033740234374989, 66.215527343749997 ], [ -163.964990234374994, 66.25732421875 ], [ -163.893945312499994, 66.286914062500003 ], [ -163.902880859374989, 66.378369140624997 ], [ -163.793701171875, 66.492626953124997 ], [ -163.775488281250006, 66.531103515625006 ], [ -163.838232421875006, 66.561572265625003 ], [ -163.893945312499994, 66.575878906249997 ], [ -163.815722656249989, 66.58349609375 ], [ -163.638232421874989, 66.574658203124997 ], [ -163.727685546874994, 66.616455078125 ], [ -164.058251953124994, 66.610742187499994 ], [ -164.460498046874989, 66.588427734375003 ], [ -164.674121093749989, 66.555029296875006 ], [ -165.06396484375, 66.437841796875006 ], [ -165.198291015624989, 66.43994140625 ], [ -165.449414062500011, 66.409912109375 ], [ -165.776171874999989, 66.319042968749997 ], [ -165.811865234375006, 66.288476562499994 ], [ -165.840234375, 66.245068359374997 ], [ -165.560205078124994, 66.167089843750006 ], [ -165.589990234374994, 66.145117187500006 ], [ -165.629931640624989, 66.131201171875006 ], [ -165.723681640624989, 66.112548828125 ], [ -166.008935546874994, 66.121337890625 ], [ -166.057421874999989, 66.127246093750003 ], [ -166.214599609375, 66.170263671875006 ], [ -166.398730468749989, 66.144433593749994 ], [ -166.540136718750006, 66.100634765625003 ], [ -166.74765625, 66.051855468750006 ], [ -166.894433593749994, 65.959179687499997 ], [ -166.997216796874994, 65.904931640624994 ], [ -167.07421875, 65.877050781250006 ], [ -167.405322265624989, 65.859326171874997 ], [ -167.580029296875011, 65.75830078125 ], [ -167.914355468749989, 65.681201171875003 ], [ -167.927001953125, 65.71435546875 ], [ -167.930566406249994, 65.748144531250006 ], [ -168.009667968749994, 65.719140625 ], [ -168.08837890625, 65.657763671875003 ], [ -168.035009765625006, 65.595605468749994 ], [ -167.987255859375011, 65.567773437499994 ], [ -167.404003906250011, 65.422119140625 ], [ -166.665380859375006, 65.33828125 ], [ -166.609375, 65.352734375 ], [ -166.197412109374994, 65.305566406249994 ], [ -166.157031249999989, 65.285839843749997 ], [ -166.121484375, 65.2607421875 ], [ -166.2796875, 65.273779296875006 ], [ -166.45166015625, 65.247314453125 ], [ -166.531005859375, 65.154736328124997 ], [ -166.762548828125006, 65.134912109374994 ], [ -166.856787109375006, 65.147265625 ], [ -166.906396484374994, 65.163818359375 ], [ -166.928417968750011, 65.157080078125006 ], [ -166.826953124999989, 65.09609375 ], [ -166.550878906250006, 64.952978515625006 ], [ -166.415234375000011, 64.926513671875 ], [ -166.40869140625, 64.826953125 ], [ -166.478125, 64.797558593749997 ], [ -166.481396484375011, 64.728076171875003 ], [ -166.325097656249994, 64.625732421875 ], [ -166.142773437500011, 64.582763671875 ], [ -165.446191406249994, 64.512841796874994 ], [ -165.138134765625011, 64.465234375 ], [ -164.978759765625, 64.453662109375003 ], [ -164.899511718750006, 64.460644531249997 ], [ -164.857275390625006, 64.480322265625006 ], [ -164.829541015625011, 64.511376953124994 ], [ -164.764941406249989, 64.529638671875006 ], [ -164.727490234375011, 64.523291015625006 ], [ -164.691845703125011, 64.507421875 ], [ -164.303955078125, 64.583935546874997 ], [ -163.713085937500011, 64.588232421875006 ], [ -163.486181640625006, 64.5498046875 ], [ -163.267041015625011, 64.475195312500006 ], [ -163.144335937499989, 64.423828125 ], [ -163.1044921875, 64.478613281250006 ], [ -163.0517578125, 64.519726562499997 ], [ -163.174072265625, 64.532958984375 ], [ -163.248291015625, 64.56328125 ], [ -163.302832031250006, 64.605908203124997 ], [ -163.203906249999989, 64.652001953124994 ], [ -162.876416015625011, 64.51640625 ], [ -162.80703125, 64.37421875 ], [ -162.711083984374994, 64.377539062500006 ], [ -162.6357421875, 64.450830078124994 ], [ -162.334619140624994, 64.612841796875003 ], [ -162.172265625, 64.678076171875006 ], [ -161.868310546874994, 64.74267578125 ], [ -161.759375, 64.816259765625006 ], [ -161.633984375000011, 64.79248046875 ], [ -161.466357421874989, 64.794873046874997 ], [ -161.186914062499994, 64.924023437499997 ], [ -161.130175781249989, 64.925439453124994 ], [ -161.063232421875, 64.904003906249997 ], [ -160.967480468750011, 64.839550781249997 ], [ -160.886962890625, 64.795556640624994 ], [ -160.855908203125011, 64.755615234375 ], [ -160.836035156250006, 64.681933593750003 ], [ -160.893701171874994, 64.612890625 ], [ -160.931933593749989, 64.5791015625 ], [ -161.048779296875011, 64.534472656250003 ], [ -161.193066406250011, 64.51640625 ], [ -161.414599609374989, 64.5263671875 ], [ -161.49072265625, 64.433789062499997 ], [ -161.385693359375011, 64.43994140625 ], [ -161.220117187499994, 64.396582031250006 ], [ -160.987548828125, 64.251269531250003 ], [ -160.903955078124994, 64.031201171874997 ], [ -160.840478515624994, 63.934912109374999 ], [ -160.778564453125, 63.818945312499999 ], [ -160.826513671875006, 63.729345703124999 ], [ -160.926708984375011, 63.660546875 ], [ -161.099707031250006, 63.557910156250003 ], [ -161.266015625, 63.496972656249994 ], [ -161.505419921874989, 63.468164062499994 ], [ -161.973974609375006, 63.452929687500003 ], [ -162.05625, 63.471337890624994 ], [ -162.1125, 63.5341796875 ], [ -162.193310546875011, 63.540966796874997 ], [ -162.2828125, 63.529199218749994 ], [ -162.359814453125011, 63.452587890624997 ], [ -162.621484375, 63.265820312499997 ], [ -162.807763671874994, 63.206591796875003 ], [ -162.947705078125011, 63.114990234375 ], [ -163.062255859375, 63.079736328124994 ], [ -163.287841796875, 63.046435546875003 ], [ -163.358837890625011, 63.045751953124999 ], [ -163.423193359375006, 63.084521484375003 ], [ -163.504345703125011, 63.105859375 ], [ -163.649365234375011, 63.056787109374994 ], [ -163.737841796874989, 63.01640625 ], [ -163.748974609375011, 63.030322265625003 ], [ -163.725732421874994, 63.047802734374997 ], [ -163.66357421875, 63.0703125 ], [ -163.633740234375011, 63.090429687499999 ], [ -163.616308593750006, 63.125146484374994 ], [ -163.736230468749994, 63.192822265624997 ], [ -163.94287109375, 63.247216796874994 ], [ -164.107617187500011, 63.26171875 ], [ -164.409033203125006, 63.215039062499997 ], [ -164.46328125, 63.185205078124994 ], [ -164.525195312499989, 63.127636718749997 ], [ -164.375097656250006, 63.054003906250003 ], [ -164.384228515625011, 63.03046875 ], [ -164.428125, 63.040429687499994 ], [ -164.677441406250011, 63.020458984374997 ], [ -164.7640625, 62.970605468749994 ], [ -164.799658203125006, 62.918066406249999 ], [ -164.845410156250011, 62.800976562499997 ], [ -164.818652343749989, 62.677050781250003 ], [ -164.792675781250011, 62.623193359374994 ], [ -164.68896484375, 62.6767578125 ], [ -164.589453125, 62.709375 ], [ -164.596289062500006, 62.686669921874994 ], [ -164.68798828125, 62.608251953124999 ], [ -164.844384765624994, 62.5810546875 ], [ -164.796093750000011, 62.511621093749994 ], [ -164.757861328124989, 62.496728515624994 ], [ -164.779199218749994, 62.481152343749997 ], [ -164.891845703125, 62.517578125 ], [ -164.999707031250011, 62.533789062499999 ], [ -165.115625, 62.5126953125 ], [ -165.194531250000011, 62.473535156249994 ], [ -165.44765625, 62.30390625 ], [ -165.707275390625, 62.100439453124999 ], [ -165.743945312499989, 62.01171875 ], [ -165.725244140624994, 61.959375 ], [ -165.705810546875, 61.927441406249997 ], [ -165.61279296875, 61.869287109374994 ], [ -165.833837890625006, 61.836816406249994 ], [ -165.991406250000011, 61.834179687499997 ], [ -166.078808593750011, 61.803125 ], [ -166.019921875, 61.748291015625 ], [ -165.808935546875006, 61.69609375 ], [ -165.834570312500006, 61.679394531249997 ], [ -166.100488281249994, 61.645068359375003 ], [ -166.131152343749989, 61.657324218749999 ], [ -166.168115234374994, 61.650830078124997 ], [ -166.163525390625011, 61.589013671874994 ], [ -166.152734375, 61.545947265625003 ], [ -166.093994140625, 61.506738281249994 ], [ -165.961328125, 61.550878906249999 ], [ -165.8453125, 61.536230468749999 ], [ -165.797119140625, 61.491162109374997 ], [ -165.906298828124989, 61.40380859375 ], [ -165.863964843750011, 61.335693359375 ], [ -165.691357421875011, 61.299902343749999 ], [ -165.627587890624994, 61.165185546874994 ], [ -165.565869140625011, 61.10234375 ], [ -165.48046875, 61.094873046874994 ], [ -165.380761718749994, 61.106298828124999 ], [ -165.379296875, 61.16875 ], [ -165.392041015625011, 61.212304687499994 ], [ -165.333691406250011, 61.26611328125 ], [ -165.273632812500011, 61.274853515624997 ], [ -165.243945312499989, 61.26875 ], [ -165.310791015625, 61.227636718749999 ], [ -165.344873046874994, 61.197705078124997 ], [ -165.27978515625, 61.169628906249997 ], [ -165.203759765624994, 61.15283203125 ], [ -165.150048828124994, 61.186865234374999 ], [ -165.127783203125006, 61.192431640625003 ], [ -165.1376953125, 61.130126953125 ], [ -165.077099609375011, 61.094189453124997 ], [ -164.941210937499989, 61.114892578124994 ], [ -164.868994140625006, 61.111767578124997 ], [ -164.875585937500006, 61.086767578124999 ], [ -164.999902343749994, 61.043652343749997 ], [ -165.175488281250011, 60.965673828124999 ], [ -165.11484375, 60.9328125 ], [ -165.065625, 60.920654296875 ], [ -164.753955078124989, 60.931298828124994 ], [ -164.441552734374994, 60.869970703124999 ], [ -163.99462890625, 60.864697265624997 ], [ -163.7490234375, 60.9697265625 ], [ -163.658935546875, 60.938232421875 ], [ -163.5869140625, 60.902978515624994 ], [ -163.655419921874994, 60.877490234375003 ], [ -163.837304687499994, 60.880419921875003 ], [ -163.906542968749989, 60.853808593750003 ], [ -163.623046875, 60.822216796874997 ], [ -163.511865234374994, 60.798144531250003 ], [ -163.420947265624989, 60.757421875 ], [ -163.528710937499994, 60.66455078125 ], [ -163.72998046875, 60.589990234374994 ], [ -163.821386718750006, 60.668261718750003 ], [ -163.894921875, 60.745166015625003 ], [ -163.936132812500006, 60.75830078125 ], [ -163.999560546874989, 60.766064453124997 ], [ -164.1318359375, 60.691503906249999 ], [ -164.309667968750006, 60.606738281250003 ], [ -164.372363281249989, 60.591845703125003 ], [ -164.321386718750006, 60.646630859374994 ], [ -164.265673828124989, 60.724658203125003 ], [ -164.318505859374994, 60.771289062500003 ], [ -164.370068359375011, 60.7958984375 ], [ -164.512939453125, 60.819042968749997 ], [ -164.682373046875, 60.871533203124997 ], [ -164.80517578125, 60.892041015624997 ], [ -164.899804687499994, 60.873144531249999 ], [ -165.016015625, 60.740039062500003 ], [ -165.353808593749989, 60.541210937499997 ], [ -165.224511718749994, 60.523583984374994 ], [ -165.11328125, 60.526074218749997 ], [ -165.026513671874994, 60.500634765624994 ], [ -165.048730468749994, 60.464257812499994 ], [ -165.061132812500006, 60.412548828124997 ], [ -164.919726562499989, 60.3484375 ], [ -164.799951171874994, 60.307226562499999 ], [ -164.662255859374994, 60.303808593749999 ], [ -164.470507812499989, 60.149316406249994 ], [ -164.131542968750011, 59.994238281249999 ], [ -164.14111328125, 59.948876953124994 ], [ -164.142822265625, 59.896777343750003 ], [ -163.906884765624994, 59.806787109374994 ], [ -163.680371093750011, 59.801513671875 ], [ -163.219384765624994, 59.845605468749994 ], [ -162.877832031249994, 59.922753906249994 ], [ -162.732617187500011, 59.99365234375 ], [ -162.570751953125011, 59.98974609375 ], [ -162.53564453125, 60.038378906250003 ], [ -162.50048828125, 60.1265625 ], [ -162.526953125, 60.199121093749994 ], [ -162.547705078125006, 60.231054687499999 ], [ -162.684960937499994, 60.268945312499994 ], [ -162.599707031250006, 60.296972656249999 ], [ -162.468701171875011, 60.394677734374994 ], [ -162.265039062499994, 60.59521484375 ], [ -162.199902343750011, 60.634326171875003 ], [ -162.138037109375006, 60.685546875 ], [ -162.068261718749994, 60.694873046875003 ], [ -161.962011718750006, 60.695361328125003 ], [ -161.946582031249989, 60.684814453125 ], [ -162.138867187500011, 60.614355468749999 ], [ -162.287792968750011, 60.456884765624999 ], [ -162.421337890625011, 60.283984375 ], [ -162.242480468749989, 60.178320312499999 ], [ -162.138134765625011, 59.980029296875003 ], [ -161.908642578125011, 59.714111328125 ], [ -161.828710937500006, 59.588623046875 ], [ -161.831689453124994, 59.514501953124999 ], [ -161.872216796874994, 59.428271484375003 ], [ -161.920117187500011, 59.365478515625 ], [ -162.023291015625006, 59.283984375 ], [ -161.981054687500006, 59.146142578124994 ], [ -161.890771484374994, 59.076074218749994 ], [ -161.794482421874989, 59.109472656249999 ], [ -161.644384765625006, 59.109667968750003 ], [ -161.788671875, 59.01640625 ], [ -161.790283203125, 58.949951171875 ], [ -161.780517578125, 58.897412109374997 ], [ -161.724365234375, 58.794287109374999 ], [ -161.856494140624989, 58.717089843750003 ], [ -162.008691406249994, 58.685009765624997 ], [ -162.144921875, 58.644238281249997 ], [ -161.75546875, 58.612011718749997 ], [ -161.361328125, 58.66953125 ], [ -161.328125, 58.743701171875003 ], [ -161.287890624999989, 58.7609375 ], [ -161.246826171875, 58.799462890624994 ], [ -161.215917968750006, 58.800976562499997 ], [ -160.924267578125011, 58.872412109374999 ], [ -160.817089843750011, 58.871679687499999 ], [ -160.656640625, 58.955078125 ], [ -160.519921875, 59.00732421875 ], [ -160.363134765625006, 59.051171875 ], [ -160.260791015624989, 58.971533203124999 ], [ -160.152587890625, 58.905908203124994 ], [ -159.920214843749989, 58.819873046875003 ], [ -159.832226562500011, 58.835986328125003 ], [ -159.741455078125, 58.894287109375 ], [ -159.670263671875006, 58.9111328125 ], [ -159.454199218750006, 58.792919921874997 ], [ -159.358203124999989, 58.721289062499999 ], [ -159.082666015624994, 58.469775390625003 ], [ -158.95068359375, 58.404541015625 ], [ -158.788623046874989, 58.440966796875003 ], [ -158.772119140624994, 58.5203125 ], [ -158.861376953124989, 58.71875 ], [ -158.837744140625006, 58.7939453125 ], [ -158.775537109374994, 58.902539062499997 ], [ -158.809472656249994, 58.973876953125 ], [ -158.760595703125006, 58.950097656249994 ], [ -158.678271484374989, 58.929394531249997 ], [ -158.58447265625, 58.98779296875 ], [ -158.514404296875, 59.072851562499999 ], [ -158.422802734375011, 59.08984375 ], [ -158.220605468749994, 59.0375 ], [ -158.080517578125011, 58.977441406249994 ], [ -158.189208984375, 58.979931640624997 ], [ -158.314501953124989, 59.009326171875003 ], [ -158.425634765625006, 58.999316406250003 ], [ -158.476269531250011, 58.938378906249994 ], [ -158.503173828125, 58.850341796875 ], [ -158.439306640625006, 58.782617187499994 ], [ -158.3896484375, 58.745654296875003 ], [ -158.302587890625006, 58.641796875 ], [ -158.19091796875, 58.6142578125 ], [ -158.021923828125011, 58.640185546875003 ], [ -157.665722656250011, 58.748486328124997 ], [ -157.142041015625011, 58.877636718749997 ], [ -156.96337890625, 58.988867187499999 ], [ -156.808886718749989, 59.13427734375 ], [ -156.923242187499994, 58.963671875 ], [ -157.040478515625011, 58.772558593749999 ], [ -157.009033203125, 58.744189453125003 ], [ -156.974658203124989, 58.736328125 ], [ -157.228857421875006, 58.640917968750003 ], [ -157.460888671875011, 58.503027343749999 ], [ -157.523632812500011, 58.421337890624997 ], [ -157.5244140625, 58.350732421874994 ], [ -157.488378906250006, 58.253710937500003 ], [ -157.393603515624989, 58.234814453124997 ], [ -157.339404296874989, 58.234521484374994 ], [ -157.193701171875006, 58.194189453124999 ], [ -157.442675781249989, 58.172167968750003 ], [ -157.555029296875006, 58.139941406250003 ], [ -157.610888671874989, 58.050830078125003 ], [ -157.621191406250006, 57.895214843749997 ], [ -157.683984375, 57.743896484375 ], [ -157.697216796875011, 57.679443359375 ], [ -157.6806640625, 57.638085937500001 ], [ -157.607568359374994, 57.601464843750001 ], [ -157.571630859375006, 57.540673828125001 ], [ -157.533496093749989, 57.52587890625 ], [ -157.473876953125, 57.518212890625001 ], [ -157.4619140625, 57.506201171874999 ], [ -157.535302734374994, 57.483447265624996 ], [ -157.645556640624989, 57.497802734375 ], [ -157.674023437500011, 57.513720703124996 ], [ -157.697412109374994, 57.539257812499997 ], [ -157.737207031249994, 57.548144531249996 ], [ -157.845751953124989, 57.528076171875 ], [ -157.894335937499989, 57.511376953125001 ], [ -158.045703124999989, 57.409472656249996 ], [ -158.133544921875, 57.36640625 ], [ -158.224511718749994, 57.342675781250001 ], [ -158.320947265624994, 57.297900390624996 ], [ -158.473730468750006, 57.199072265624999 ], [ -158.585595703124994, 57.1140625 ], [ -158.660791015624994, 57.039404296874999 ], [ -158.67724609375, 56.997363281249996 ], [ -158.684814453125, 56.944238281250001 ], [ -158.681054687499994, 56.887744140624996 ], [ -158.665917968749994, 56.827929687499996 ], [ -158.675146484375006, 56.794873046874997 ], [ -158.708837890625006, 56.78857421875 ], [ -158.782080078125006, 56.795751953124999 ], [ -158.894873046875006, 56.81640625 ], [ -158.918017578124989, 56.847412109375 ], [ -158.918017578124989, 56.882177734374999 ], [ -158.990380859374994, 56.860058593749997 ], [ -159.159033203125006, 56.770068359374996 ], [ -159.283105468749994, 56.688574218749999 ], [ -159.785058593749994, 56.561621093749999 ], [ -160.046240234375006, 56.43701171875 ], [ -160.149267578125006, 56.396337890624999 ], [ -160.302050781249989, 56.314111328125001 ], [ -160.377490234374989, 56.241455078125 ], [ -160.460839843749994, 56.1375 ], [ -160.514697265624989, 56.059130859374996 ], [ -160.5390625, 56.006298828124997 ], [ -160.527441406250006, 55.965039062499997 ], [ -160.479882812499994, 55.935449218750001 ], [ -160.308496093749994, 55.864453125 ], [ -160.270117187500006, 55.832177734375001 ], [ -160.291699218750011, 55.805078125 ], [ -160.347314453124994, 55.799902343749999 ], [ -160.436914062499994, 55.816699218749996 ], [ -160.497900390625006, 55.837890625 ], [ -160.530224609375011, 55.863476562499997 ], [ -160.599707031250006, 55.874316406249996 ], [ -160.706347656249989, 55.870458984374999 ], [ -160.758398437500006, 55.854638671875001 ], [ -160.745507812499994, 55.771484375 ], [ -160.762597656249994, 55.756591796875 ], [ -160.802832031250006, 55.754443359374996 ], [ -160.851318359375, 55.771875 ], [ -161.00537109375, 55.887158203124997 ], [ -161.008398437500006, 55.91171875 ], [ -160.902392578124989, 55.941308593750001 ], [ -160.877832031249994, 55.970507812499996 ], [ -160.898632812500011, 55.99365234375 ], [ -160.968652343749994, 55.969628906250001 ], [ -161.145166015624994, 55.951318359375001 ], [ -161.192529296874994, 55.954296875 ], [ -161.222558593749994, 55.977441406250001 ], [ -161.178613281249994, 56.014453125 ], [ -161.215625, 56.021435546874997 ], [ -161.697314453124989, 55.9072265625 ], [ -161.936621093750006, 55.824169921874997 ], [ -162.157128906249994, 55.719433593749997 ], [ -162.349365234375, 55.5947265625 ], [ -162.513378906250011, 55.45 ], [ -162.658984374999989, 55.35078125 ], [ -162.786230468750006, 55.297070312499997 ], [ -162.857128906250011, 55.253027343749999 ], [ -162.87158203125, 55.218603515624999 ], [ -162.906591796875006, 55.195556640625 ], [ -162.961962890624989, 55.183837890625 ], [ -163.008251953125011, 55.186865234374999 ], [ -163.045361328125011, 55.204736328125001 ], [ -163.114501953125, 55.193945312499999 ], [ -163.27880859375, 55.121826171875 ], [ -163.303662109375011, 55.095849609375001 ], [ -163.305957031249989, 55.058544921874997 ], [ -163.285693359374989, 55.009960937499997 ], [ -163.296337890625011, 54.949267578124996 ], [ -163.337890625, 54.876367187500001 ], [ -163.335302734375006, 54.839160156249996 ], [ -163.288623046874989, 54.837597656249997 ], [ -163.220556640625006, 54.863378906249999 ], [ -163.131103515625, 54.916552734374996 ], [ -163.100195312500006, 54.9736328125 ], [ -163.127832031249994, 55.034765625 ], [ -163.11962890625, 55.064697265625 ], [ -162.995898437499989, 55.046484375 ], [ -162.865039062499989, 54.954541015624997 ], [ -162.819580078125, 54.95 ], [ -162.674365234374989, 54.99658203125 ], [ -162.618896484375, 55.038427734374999 ], [ -162.614306640624989, 55.071484375 ], [ -162.644140625, 55.218017578125 ], [ -162.63037109375, 55.246679687499999 ], [ -162.541894531249994, 55.242724609374996 ], [ -162.495263671874994, 55.208447265624997 ], [ -162.426806640624989, 55.145410156250001 ], [ -162.412548828125011, 55.106884765624997 ], [ -162.452392578125, 55.092822265624996 ], [ -162.457470703125011, 55.077685546874996 ], [ -162.427929687500011, 55.061474609374997 ], [ -162.386376953124994, 55.05234375 ], [ -162.332910156249994, 55.050244140624997 ], [ -162.274658203125, 55.0732421875 ], [ -162.211474609374989, 55.121337890625 ], [ -162.166601562500006, 55.14375 ], [ -162.073974609375, 55.139306640625001 ], [ -161.980322265625006, 55.198632812500001 ], [ -161.741552734375006, 55.391162109374996 ], [ -161.720361328124994, 55.420703125 ], [ -161.683544921875011, 55.529931640625001 ], [ -161.654296875, 55.563378906250001 ], [ -161.598779296874994, 55.592822265624996 ], [ -161.516943359375006, 55.618408203125 ], [ -161.458789062499989, 55.629150390625 ], [ -161.357470703124989, 55.612207031250001 ], [ -161.255126953125, 55.579003906250001 ], [ -161.214697265625006, 55.559765625 ], [ -161.202099609375011, 55.543554687499999 ], [ -161.313281249999989, 55.558642578124996 ], [ -161.372705078124994, 55.556298828125001 ], [ -161.413330078125, 55.5361328125 ], [ -161.443798828125011, 55.51328125 ], [ -161.476708984374994, 55.464892578124996 ], [ -161.480517578124989, 55.397802734374999 ], [ -161.4638671875, 55.382519531249997 ], [ -161.381933593750006, 55.371289062499997 ], [ -161.178027343749989, 55.388867187499997 ], [ -161.099511718749994, 55.405712890624997 ], [ -161.024218749999989, 55.4404296875 ], [ -160.952197265624989, 55.493066406250001 ], [ -160.896728515625, 55.513623046874997 ], [ -160.770849609375006, 55.483544921875001 ], [ -160.726513671875011, 55.499658203125001 ], [ -160.682910156249989, 55.540429687500001 ], [ -160.625244140625, 55.552392578125001 ], [ -160.553515624999989, 55.535498046874999 ], [ -160.499316406249989, 55.537304687499997 ], [ -160.462695312499989, 55.5578125 ], [ -160.407421875000011, 55.613818359374996 ], [ -160.373193359374994, 55.635107421874999 ], [ -160.243798828124994, 55.660546875 ], [ -160.045654296875, 55.762939453125 ], [ -159.962304687499994, 55.794873046874997 ], [ -159.913525390625011, 55.7921875 ], [ -159.874365234375006, 55.80029296875 ], [ -159.810400390625006, 55.832714843749997 ], [ -159.771386718749994, 55.841113281249996 ], [ -159.743017578125006, 55.84375 ], [ -159.678515624999989, 55.824658203124997 ], [ -159.665332031249989, 55.794873046874997 ], [ -159.670263671875006, 55.64501953125 ], [ -159.65966796875, 55.625927734374997 ], [ -159.610058593750011, 55.652783203124997 ], [ -159.567626953125, 55.695214843750001 ], [ -159.541308593749989, 55.748486328124997 ], [ -159.523242187499989, 55.810009765624997 ], [ -159.429443359375, 55.842724609374997 ], [ -158.789843749999989, 55.986914062499999 ], [ -158.704882812499989, 56.043115234375001 ], [ -158.626757812499989, 56.1546875 ], [ -158.591162109375006, 56.184521484374997 ], [ -158.554443359375, 56.182861328125 ], [ -158.542675781250011, 56.166845703124999 ], [ -158.523339843749994, 56.072460937499997 ], [ -158.504687499999989, 56.062109375 ], [ -158.476123046874989, 56.075488281249996 ], [ -158.431835937500011, 56.111474609375001 ], [ -158.275634765625, 56.196240234374997 ], [ -158.29140625, 56.203662109374996 ], [ -158.316992187500006, 56.254150390625 ], [ -158.343994140625, 56.280322265624996 ], [ -158.386132812499994, 56.3015625 ], [ -158.467333984374989, 56.318261718750001 ], [ -158.536376953125, 56.307666015624996 ], [ -158.552148437499994, 56.312695312499997 ], [ -158.537402343749989, 56.33544921875 ], [ -158.414404296875006, 56.435839843749996 ], [ -158.352490234375011, 56.453515625 ], [ -158.189404296875011, 56.478173828125001 ], [ -158.124365234375006, 56.501025390624996 ], [ -158.070947265624994, 56.510351562499999 ], [ -157.982177734375, 56.509570312499996 ], [ -157.929980468749989, 56.520458984374997 ], [ -157.9287109375, 56.531689453124997 ], [ -157.978271484375, 56.543164062499997 ], [ -158.078320312500011, 56.552050781249996 ], [ -158.027880859374989, 56.592138671874999 ], [ -157.869091796875011, 56.645214843749997 ], [ -157.770703125000011, 56.651660156249996 ], [ -157.673876953124989, 56.633447265625001 ], [ -157.609765625, 56.627685546875 ], [ -157.578369140625, 56.634472656249997 ], [ -157.528710937499994, 56.673193359374999 ], [ -157.489648437499994, 56.759765625 ], [ -157.440576171874994, 56.790332031249996 ], [ -157.390234375, 56.809814453125 ], [ -157.33359375, 56.815869140624997 ], [ -157.270556640624989, 56.808496093750001 ], [ -157.205761718750011, 56.812060546874996 ], [ -157.13916015625, 56.8265625 ], [ -157.066699218749989, 56.860205078124999 ], [ -156.988427734374994, 56.912939453124999 ], [ -156.9234375, 56.942089843749997 ], [ -156.871728515624994, 56.94765625 ], [ -156.823876953124994, 56.968847656249999 ], [ -156.779882812500006, 57.005615234375 ], [ -156.712646484375, 57.016064453124997 ], [ -156.629003906250006, 57.009960937499997 ], [ -156.592041015625, 57.065087890625001 ], [ -156.501318359375006, 57.089794921874997 ], [ -156.475146484374989, 57.105175781249997 ], [ -156.400488281250006, 57.204833984375 ], [ -156.397656250000011, 57.240576171874999 ], [ -156.443554687500011, 57.293652343749997 ], [ -156.473681640624989, 57.310693359375001 ], [ -156.478417968749994, 57.327880859375 ], [ -156.435888671875006, 57.359960937499999 ], [ -156.2421875, 57.44921875 ], [ -156.156005859375, 57.463427734374996 ], [ -156.089892578124989, 57.445068359375 ], [ -156.055371093750011, 57.447558593749996 ], [ -156.037353515625, 57.526513671875001 ], [ -156.000195312500011, 57.544970703124996 ], [ -155.813671875000011, 57.559033203124997 ], [ -155.777978515624994, 57.568212890624999 ], [ -155.728955078125011, 57.626611328125001 ], [ -155.628710937499989, 57.673046875 ], [ -155.595849609374994, 57.701074218750001 ], [ -155.590234375, 57.73359375 ], [ -155.529638671875006, 57.758886718749999 ], [ -155.413964843749994, 57.777050781249997 ], [ -155.312744140625, 57.80712890625 ], [ -155.147363281249994, 57.8818359375 ], [ -155.099267578124994, 57.913330078125 ], [ -155.006884765624989, 58.016064453124997 ], [ -154.584912109375011, 58.0556640625 ], [ -154.581933593749994, 58.109765625 ], [ -154.570605468749989, 58.118066406249994 ], [ -154.409228515624989, 58.147314453124999 ], [ -154.282275390624989, 58.146777343750003 ], [ -154.247021484375011, 58.159423828125 ], [ -154.235107421875, 58.234619140625 ], [ -154.208056640624989, 58.288769531249997 ], [ -154.281787109374989, 58.29345703125 ], [ -154.289013671875011, 58.304345703124994 ], [ -154.085888671875011, 58.365820312499999 ], [ -154.055712890624989, 58.397167968749997 ], [ -154.062451171875011, 58.441748046874999 ], [ -154.019873046875006, 58.49296875 ], [ -153.861962890624994, 58.587841796874997 ], [ -153.821484375000011, 58.604101562499999 ], [ -153.698583984375006, 58.626367187499994 ], [ -153.617333984374994, 58.654736328124997 ], [ -153.437597656250006, 58.754833984374997 ], [ -153.362939453124994, 58.822216796874997 ], [ -153.334423828125011, 58.857861328124997 ], [ -153.327050781249994, 58.884326171875003 ], [ -153.338964843750006, 58.908544921874999 ], [ -153.418261718749989, 58.9599609375 ], [ -153.656396484374994, 59.038671875 ], [ -153.787939453125006, 59.067919921875003 ], [ -153.899560546874994, 59.078027343749994 ], [ -154.129833984375011, 59.119873046875 ], [ -154.178320312500006, 59.155566406250003 ], [ -154.138818359374994, 59.240136718749994 ], [ -154.067480468750006, 59.336376953124997 ], [ -154.088330078125011, 59.36328125 ], [ -153.814160156250011, 59.473730468749999 ], [ -153.752587890624994, 59.509863281249999 ], [ -153.71435546875, 59.545263671874999 ], [ -153.622265625000011, 59.598486328124999 ], [ -153.609375, 59.615039062500003 ], [ -153.670703124999989, 59.634814453125003 ], [ -153.652539062500011, 59.647021484375003 ], [ -153.482617187500011, 59.720947265625 ], [ -153.414404296875006, 59.740136718749994 ], [ -153.366455078125, 59.729833984374999 ], [ -153.359619140625, 59.717480468749997 ], [ -153.383496093750011, 59.6671875 ], [ -153.364013671875, 59.659863281249997 ], [ -153.236181640625006, 59.670947265625003 ], [ -153.093603515625006, 59.709130859374994 ], [ -153.048144531249989, 59.730029296875003 ], [ -153.024609375000011, 59.793994140625003 ], [ -153.040087890624989, 59.810498046874997 ], [ -153.211230468749989, 59.842724609374997 ], [ -153.186376953125006, 59.856884765624997 ], [ -153.106054687500006, 59.875048828125003 ], [ -152.85693359375, 59.898095703124994 ], [ -152.759472656250011, 59.9208984375 ], [ -152.660107421875011, 59.997216796874994 ], [ -152.628564453124994, 60.041113281249999 ], [ -152.630126953125, 60.083789062500003 ], [ -152.664746093750011, 60.125292968750003 ], [ -152.752392578125011, 60.177490234375 ], [ -152.892919921875006, 60.240380859374994 ], [ -153.03125, 60.289257812499997 ], [ -153.025, 60.295654296875 ], [ -152.923388671874989, 60.292871093749994 ], [ -152.797900390624989, 60.247167968749999 ], [ -152.727294921875, 60.237060546875 ], [ -152.653955078124994, 60.238427734374994 ], [ -152.540917968749994, 60.265429687500003 ], [ -152.368847656250011, 60.336328125 ], [ -152.29150390625, 60.381103515625 ], [ -152.260302734374989, 60.409423828125 ], [ -152.305078125, 60.453027343749994 ], [ -152.306591796875011, 60.472216796875003 ], [ -152.270703125000011, 60.528125 ], [ -151.996240234374994, 60.682226562499999 ], [ -151.866162109375011, 60.734082031249997 ], [ -151.785107421875011, 60.740234375 ], [ -151.75048828125, 60.7548828125 ], [ -151.784423828125, 60.833154296874994 ], [ -151.781640625, 60.857958984375003 ], [ -151.733984375, 60.910742187499999 ], [ -151.593505859375, 60.979638671874994 ], [ -151.460107421874994, 61.014111328124997 ], [ -151.281884765624994, 61.041943359374997 ], [ -151.150146484375, 61.085839843749994 ], [ -151.064990234374989, 61.145703125 ], [ -150.945507812500011, 61.1982421875 ], [ -150.612255859375011, 61.301123046874999 ], [ -150.567236328125006, 61.306787109374994 ], [ -150.533203125, 61.300244140624997 ], [ -150.471777343750006, 61.259960937499997 ], [ -150.108935546874989, 61.267919921874999 ], [ -149.975683593750006, 61.279345703125003 ], [ -149.945214843749994, 61.294238281250003 ], [ -149.873681640624994, 61.372998046874997 ], [ -149.82373046875, 61.413378906250003 ], [ -149.695263671875011, 61.470703125 ], [ -149.625439453125011, 61.486035156249997 ], [ -149.433544921875011, 61.50078125 ], [ -149.329052734375011, 61.497363281250003 ], [ -149.595996093749989, 61.417285156250003 ], [ -149.736914062500006, 61.363330078125003 ], [ -149.829199218750006, 61.307519531249994 ], [ -149.882031250000011, 61.263720703125003 ], [ -149.895312499999989, 61.231738281250003 ], [ -149.9267578125, 61.21328125 ], [ -150.0185546875, 61.194238281249994 ], [ -150.053271484374989, 61.17109375 ], [ -149.967724609375011, 61.121728515624994 ], [ -149.592480468750011, 60.993847656249997 ], [ -149.459130859374994, 60.964746093749994 ], [ -149.142236328124994, 60.935693359374994 ], [ -149.0712890625, 60.885546875 ], [ -149.075097656249994, 60.876416015624997 ], [ -149.1728515625, 60.880419921875003 ], [ -149.632470703124994, 60.952001953124999 ], [ -149.85625, 60.962255859374999 ], [ -149.99755859375, 60.93515625 ], [ -150.113037109375, 60.9328125 ], [ -150.202783203124994, 60.955224609374994 ], [ -150.281494140625, 60.985205078124999 ], [ -150.34912109375, 61.02265625 ], [ -150.441259765625006, 61.023583984374994 ], [ -150.779492187500011, 60.914794921875 ], [ -150.953759765624994, 60.841210937499994 ], [ -151.32177734375, 60.742919921875 ], [ -151.3564453125, 60.722949218750003 ], [ -151.355029296874989, 60.659863281249997 ], [ -151.317529296874994, 60.553564453124999 ], [ -151.312695312500011, 60.466455078124994 ], [ -151.39599609375, 60.274462890625003 ], [ -151.451464843749989, 60.20263671875 ], [ -151.611865234374989, 60.092041015625 ], [ -151.734521484374994, 59.988330078125003 ], [ -151.783447265625, 59.921142578125 ], [ -151.853222656250011, 59.782080078124999 ], [ -151.816943359374989, 59.720898437499997 ], [ -151.763818359374994, 59.7 ], [ -151.512597656249994, 59.651269531249994 ], [ -151.450097656249994, 59.650390625 ], [ -151.403662109375006, 59.662255859374994 ], [ -151.089453125, 59.789404296874999 ], [ -151.057324218750011, 59.782177734374997 ], [ -151.046484375, 59.771826171874999 ], [ -151.189404296875011, 59.6376953125 ], [ -151.262109375, 59.585595703124994 ], [ -151.399609375000011, 59.516308593749997 ], [ -151.5126953125, 59.482714843750003 ], [ -151.692578125000011, 59.462207031250003 ], [ -151.849951171875006, 59.406347656249999 ], [ -151.884619140625006, 59.386328125 ], [ -151.931689453124989, 59.342724609374997 ], [ -151.964062500000011, 59.285107421874997 ], [ -151.949511718749989, 59.265087890624997 ], [ -151.903857421874989, 59.259765625 ], [ -151.738183593749994, 59.188525390625003 ], [ -151.619384765625, 59.187304687500003 ], [ -151.477001953125011, 59.230566406249999 ], [ -151.366357421874994, 59.24560546875 ], [ -151.2875, 59.232324218749994 ], [ -151.222265625, 59.229394531249994 ], [ -151.170703124999989, 59.236914062499999 ], [ -151.163037109375011, 59.256933593749999 ], [ -151.19921875, 59.289648437499999 ], [ -151.182763671874994, 59.30078125 ], [ -151.063574218750006, 59.278417968749999 ], [ -150.960742187499989, 59.243994140624999 ], [ -150.934521484375011, 59.249121093749999 ], [ -150.899316406249994, 59.302685546874997 ], [ -150.852783203125, 59.341845703125003 ], [ -150.677441406250011, 59.426953125 ], [ -150.622900390625006, 59.479638671874994 ], [ -150.621142578124989, 59.535058593749994 ], [ -150.607373046875011, 59.563378906249994 ], [ -150.58154296875, 59.564599609374994 ], [ -150.525976562500006, 59.537304687499997 ], [ -150.4853515625, 59.535302734374994 ], [ -150.338134765625, 59.581347656250003 ], [ -150.296484375, 59.583251953125 ], [ -150.258496093750011, 59.570947265624994 ], [ -150.198046874999989, 59.566552734374994 ], [ -149.966503906250011, 59.690039062499999 ], [ -149.960156250000011, 59.713037109374994 ], [ -150.015966796875006, 59.776953125 ], [ -150.005322265625011, 59.784423828125 ], [ -149.964990234374994, 59.782275390625003 ], [ -149.80126953125, 59.737939453124994 ], [ -149.782470703125, 59.750341796874999 ], [ -149.803662109375011, 59.832714843749997 ], [ -149.794775390625006, 59.855810546874999 ], [ -149.7138671875, 59.919580078124994 ], [ -149.684667968750006, 59.8953125 ], [ -149.629638671875, 59.78466796875 ], [ -149.612890625, 59.766845703125 ], [ -149.598046875, 59.770458984374997 ], [ -149.549169921875006, 59.894335937500003 ], [ -149.459716796875, 59.966259765624997 ], [ -149.432226562500006, 60.001025390625003 ], [ -149.414843749999989, 60.100244140624994 ], [ -149.395263671875, 60.105761718750003 ], [ -149.304931640625, 60.013671875 ], [ -149.2666015625, 59.998291015625 ], [ -149.12158203125, 60.033496093750003 ], [ -149.070117187499989, 60.000244140625 ], [ -149.004248046875006, 59.97998046875 ], [ -148.842724609375011, 59.951220703125003 ], [ -148.750878906249994, 59.94775390625 ], [ -148.643603515624989, 59.956835937500003 ], [ -148.574072265625006, 59.970068359374999 ], [ -148.542382812499994, 59.987402343749999 ], [ -148.506054687500011, 59.988964843749997 ], [ -148.465087890625, 59.974707031249999 ], [ -148.430712890624989, 59.989111328124999 ], [ -148.333105468750006, 60.122021484374997 ], [ -148.291357421875006, 60.145458984374997 ], [ -148.245019531249994, 60.146826171874999 ], [ -148.213769531249994, 60.154248046874997 ], [ -148.197607421875006, 60.167773437500003 ], [ -148.218652343749994, 60.267675781249999 ], [ -148.215869140624989, 60.323144531249994 ], [ -148.203564453125011, 60.364941406249997 ], [ -148.181689453124989, 60.39306640625 ], [ -148.129199218749989, 60.414208984374994 ], [ -148.045996093750006, 60.428320312499999 ], [ -147.990966796875, 60.451855468749997 ], [ -147.964111328125, 60.48486328125 ], [ -147.984033203124994, 60.523339843749994 ], [ -148.050683593749994, 60.5671875 ], [ -148.119189453124989, 60.575146484374997 ], [ -148.189453125, 60.547119140625 ], [ -148.29638671875, 60.532080078124999 ], [ -148.43984375, 60.529980468749997 ], [ -148.549121093749989, 60.514794921874994 ], [ -148.624267578125, 60.486425781249999 ], [ -148.64013671875, 60.489453125 ], [ -148.596630859375011, 60.523779296874999 ], [ -148.509570312499989, 60.565234375 ], [ -148.4677734375, 60.572070312500003 ], [ -148.338427734374989, 60.56982421875 ], [ -148.304980468749989, 60.583349609374999 ], [ -148.284228515624989, 60.609326171874997 ], [ -148.256738281249994, 60.67529296875 ], [ -148.267871093749989, 60.69970703125 ], [ -148.341259765625011, 60.724316406249997 ], [ -148.398681640625, 60.734033203124994 ], [ -148.557373046875, 60.802929687499997 ], [ -148.55615234375, 60.827001953124999 ], [ -148.471044921875006, 60.835498046875003 ], [ -148.393310546875, 60.831884765624999 ], [ -148.344433593750011, 60.853564453125003 ], [ -148.293164062500011, 60.939697265625 ], [ -148.208691406250011, 61.029931640624994 ], [ -148.225878906249989, 61.044042968749999 ], [ -148.287402343749989, 61.036230468749999 ], [ -148.395849609375006, 61.007128906250003 ], [ -148.410742187500006, 61.011474609375 ], [ -148.388769531250006, 61.036962890624999 ], [ -148.341894531250006, 61.060400390624999 ], [ -148.27001953125, 61.081787109375 ], [ -148.208691406250011, 61.08828125 ], [ -148.157910156250011, 61.0796875 ], [ -148.049414062500006, 61.082666015624994 ], [ -147.986376953124989, 61.106494140625003 ], [ -147.844824218750006, 61.186376953124999 ], [ -147.773779296875006, 61.217822265625003 ], [ -147.751855468749994, 61.218945312499997 ], [ -147.97119140625, 61.01904296875 ], [ -148.005126953125, 60.968554687500003 ], [ -147.990771484374989, 60.948291015625003 ], [ -147.89111328125, 60.889892578125 ], [ -147.8076171875, 60.885400390624994 ], [ -147.655664062499994, 60.909521484374999 ], [ -147.623291015625, 60.933007812499994 ], [ -147.592578124999989, 60.979443359374997 ], [ -147.567285156249994, 60.994921875 ], [ -147.523291015625006, 60.9703125 ], [ -147.433398437499989, 60.950292968749999 ], [ -147.390576171875011, 60.918017578125003 ], [ -147.361376953124989, 60.914501953124997 ], [ -147.321093749999989, 60.925488281249997 ], [ -147.285595703125011, 60.94677734375 ], [ -147.2548828125, 60.978271484375 ], [ -147.195019531250011, 60.996826171875 ], [ -147.10595703125, 61.002539062499999 ], [ -147.034326171874994, 60.996191406249999 ], [ -146.980175781250011, 60.977783203125 ], [ -146.8740234375, 61.0048828125 ], [ -146.715917968750006, 61.077539062499994 ], [ -146.582714843750011, 61.127832031249994 ], [ -146.384375, 61.135839843749999 ], [ -146.284912109375, 61.112646484374999 ], [ -146.59912109375, 61.053515625 ], [ -146.636035156249989, 60.992529296874999 ], [ -146.638427734375, 60.897314453124999 ], [ -146.603564453124989, 60.870947265624999 ], [ -146.531933593750011, 60.8388671875 ], [ -146.391992187499994, 60.810839843750003 ], [ -146.495507812499994, 60.756787109374997 ], [ -146.54638671875, 60.7451171875 ], [ -146.570458984374994, 60.729150390624994 ], [ -146.502978515624989, 60.70078125 ], [ -146.34716796875, 60.738134765624999 ], [ -146.251025390624989, 60.749072265625003 ], [ -146.182324218750011, 60.734765625 ], [ -146.167089843750006, 60.715527343749997 ], [ -146.16640625, 60.692285156249994 ], [ -146.149023437500006, 60.660693359375003 ], [ -145.674902343750006, 60.651123046875 ], [ -145.690234374999989, 60.621972656249994 ], [ -145.759814453124989, 60.56201171875 ], [ -145.810644531250006, 60.524658203125 ], [ -145.898876953125011, 60.478173828124994 ], [ -145.847753906250006, 60.46923828125 ], [ -145.718457031250011, 60.467578125 ], [ -145.563134765624994, 60.440722656250003 ], [ -145.381787109375011, 60.388574218749994 ], [ -145.248291015625, 60.380126953125 ], [ -145.162695312500006, 60.415380859374999 ], [ -145.095996093749989, 60.453662109375003 ], [ -144.984033203124994, 60.536914062500003 ], [ -144.863085937499989, 60.600878906250003 ], [ -144.724414062499989, 60.662841796875 ], [ -144.691113281250011, 60.669091796874994 ], [ -144.786572265625011, 60.584619140624994 ], [ -144.824414062500011, 60.53359375 ], [ -144.862451171874994, 60.459179687499997 ], [ -144.901318359375011, 60.33515625 ], [ -144.852441406249994, 60.295068359374994 ], [ -144.741406250000011, 60.272705078125 ], [ -144.671582031250011, 60.24921875 ], [ -144.64296875, 60.224658203125003 ], [ -144.529980468750011, 60.205224609374994 ], [ -144.332617187500006, 60.191015625 ], [ -144.185498046875011, 60.150732421874999 ], [ -144.088525390624994, 60.084326171874999 ], [ -144.084277343749989, 60.063037109375003 ], [ -144.160937499999989, 60.045800781249994 ], [ -144.147216796875, 60.01640625 ], [ -143.9794921875, 60.0087890625 ], [ -143.805078125, 60.012890625 ], [ -143.506103515625, 60.055029296874999 ], [ -142.945654296875006, 60.096972656250003 ], [ -142.548583984375, 60.086035156249999 ], [ -142.104101562500006, 60.033447265625 ], [ -141.670166015625, 59.969873046874994 ], [ -141.530175781249994, 59.994775390624994 ], [ -141.447070312499989, 60.019433593749994 ], [ -141.409716796874989, 60.042285156250003 ], [ -141.422167968749989, 60.085498046875003 ], [ -141.421679687499989, 60.108837890624997 ], [ -141.408740234374989, 60.11767578125 ], [ -141.362158203125006, 60.105273437500003 ], [ -141.329541015625011, 60.0828125 ], [ -141.289941406249994, 60.004150390625 ], [ -141.294628906250011, 59.980029296875003 ], [ -141.408300781250006, 59.902783203124997 ], [ -141.331933593749994, 59.873779296875 ], [ -140.843164062499994, 59.748876953124999 ], [ -140.648388671875011, 59.723193359375003 ], [ -140.419824218749994, 59.710742187500003 ], [ -140.216748046875011, 59.726660156249999 ], [ -139.916894531249994, 59.8056640625 ], [ -139.850195312500006, 59.830712890624994 ], [ -139.611669921875006, 59.9734375 ], [ -139.518945312499994, 60.01708984375 ], [ -139.431445312499989, 60.012255859375003 ], [ -139.402490234374994, 60.0009765625 ], [ -139.242480468749989, 59.892773437499997 ], [ -138.988085937499989, 59.835009765625003 ], [ -139.048291015625011, 59.828222656249999 ], [ -139.178857421874994, 59.83984375 ], [ -139.220800781250006, 59.819873046875003 ], [ -139.245703125, 59.782080078124999 ], [ -139.258740234375011, 59.743310546874994 ], [ -139.265625, 59.66259765625 ], [ -139.276269531249994, 59.620361328125 ], [ -139.28671875, 59.6109375 ], [ -139.320019531250011, 59.738720703124997 ], [ -139.314648437500011, 59.847949218750003 ], [ -139.330957031249994, 59.877001953125003 ], [ -139.446875, 59.956835937500003 ], [ -139.483007812500006, 59.963769531249994 ], [ -139.512304687500006, 59.953564453124997 ], [ -139.554101562499994, 59.933300781249997 ], [ -139.569140624999989, 59.912353515625 ], [ -139.581152343750006, 59.880517578124994 ], [ -139.582177734374994, 59.848291015624994 ], [ -139.558496093749994, 59.790185546874994 ], [ -139.505566406250011, 59.726318359375 ], [ -139.513037109375006, 59.698095703124999 ], [ -139.611621093749989, 59.610302734374997 ], [ -139.674121093749989, 59.586816406249994 ], [ -139.766064453125011, 59.566064453124994 ], [ -139.799121093749989, 59.546240234374999 ], [ -139.773291015625006, 59.527294921874997 ], [ -139.714453125, 59.503955078125003 ], [ -139.576806640624994, 59.462451171875003 ], [ -139.340966796874994, 59.375634765624994 ], [ -138.884326171874989, 59.236914062499999 ], [ -138.704199218750006, 59.187548828125003 ], [ -138.514892578125, 59.165917968749994 ], [ -138.520703125000011, 59.152246093749994 ], [ -138.560302734375, 59.129150390625 ], [ -138.537158203124989, 59.115087890624999 ], [ -138.451318359374994, 59.110107421875 ], [ -138.352490234375011, 59.087304687499994 ], [ -138.24072265625, 59.046826171874997 ], [ -138.026904296874989, 58.941455078125003 ], [ -137.960888671875011, 58.891015625 ], [ -137.933984375, 58.846875 ], [ -137.863720703125011, 58.785546875 ], [ -137.75, 58.707080078125003 ], [ -137.661083984375011, 58.659912109375 ], [ -137.597070312499994, 58.644238281249997 ], [ -137.564599609374994, 58.625878906249994 ], [ -137.556933593749989, 58.589941406249999 ], [ -137.543994140624989, 58.581201171874994 ], [ -137.071923828124994, 58.395214843749997 ], [ -136.864990234375, 58.332421875 ], [ -136.698925781250011, 58.266455078124999 ], [ -136.607421875, 58.243994140624999 ], [ -136.582617187500006, 58.245214843749999 ], [ -136.46240234375, 58.327978515624999 ], [ -136.129638671875, 58.350390625 ], [ -136.08125, 58.364208984374997 ], [ -136.055957031249989, 58.384179687499994 ], [ -136.061474609375011, 58.452734375 ], [ -136.102880859375006, 58.506298828124997 ], [ -136.224609375, 58.602246093749997 ], [ -136.319873046874989, 58.624462890624997 ], [ -136.483740234375006, 58.61767578125 ], [ -136.404199218749994, 58.679785156249999 ], [ -136.410107421875011, 58.700634765624997 ], [ -136.533496093749989, 58.740234375 ], [ -136.54931640625, 58.752392578124997 ], [ -136.568212890625006, 58.786328125 ], [ -136.613916015624994, 58.809277343749997 ], [ -136.740136718749994, 58.850195312499999 ], [ -136.879101562500011, 58.881542968749997 ], [ -136.963037109374994, 58.883544921875 ], [ -137.038378906249989, 58.866650390624997 ], [ -137.059033203125011, 58.873730468749997 ], [ -136.987890625, 58.925146484374999 ], [ -136.948046874999989, 58.934912109374999 ], [ -136.952832031250011, 58.966943359374994 ], [ -137.002148437500011, 59.021142578124994 ], [ -136.989013671875, 59.034472656250003 ], [ -136.830957031249994, 58.983837890624997 ], [ -136.566210937499989, 58.94091796875 ], [ -136.511181640625011, 58.907080078124999 ], [ -136.477587890624989, 58.8625 ], [ -136.451171875, 58.846337890624994 ], [ -136.380273437499994, 58.827294921874994 ], [ -136.299023437500011, 58.786914062500003 ], [ -136.225830078125, 58.765478515624999 ], [ -136.186328124999989, 58.770166015624994 ], [ -136.146826171875006, 58.788818359375 ], [ -136.124169921874994, 58.819628906250003 ], [ -136.118408203125, 58.862597656250003 ], [ -136.12353515625, 58.893457031249994 ], [ -136.159472656249989, 58.94677734375 ], [ -136.150048828124994, 59.048095703125 ], [ -136.133691406249994, 59.03955078125 ], [ -136.100634765624989, 58.999853515624999 ], [ -136.049365234374989, 58.893212890624994 ], [ -136.0166015625, 58.873974609374997 ], [ -135.931689453124989, 58.903759765624997 ], [ -135.826367187500011, 58.89794921875 ], [ -136.043115234374994, 58.821630859374999 ], [ -136.045507812500006, 58.789111328125003 ], [ -135.889550781249994, 58.622705078124994 ], [ -135.86171875, 58.577050781249994 ], [ -135.896337890625006, 58.463818359374997 ], [ -135.897558593750006, 58.400195312500003 ], [ -135.8734375, 58.394238281249997 ], [ -135.57177734375, 58.412060546874997 ], [ -135.449951171875, 58.376123046874994 ], [ -135.363134765625006, 58.298291015624997 ], [ -135.302539062499989, 58.255908203125003 ], [ -135.141552734375011, 58.2333984375 ], [ -135.090234375, 58.245849609375 ], [ -135.060498046875011, 58.27890625 ], [ -135.049707031249994, 58.306787109374994 ], [ -135.06201171875, 58.340869140625003 ], [ -135.151904296874989, 58.51220703125 ], [ -135.1845703125, 58.589746093749994 ], [ -135.207080078124989, 58.6708984375 ], [ -135.257031250000011, 58.777734375 ], [ -135.334082031250006, 58.909619140624997 ], [ -135.386132812499994, 59.087548828124994 ], [ -135.50234375, 59.202294921874994 ], [ -135.433740234374994, 59.210693359375 ], [ -135.400146484375, 59.207910156249994 ], [ -135.416943359375011, 59.241503906250003 ], [ -135.484082031250011, 59.308691406249999 ], [ -135.412744140624994, 59.318457031249999 ], [ -135.402539062500011, 59.353076171875003 ], [ -135.363671875, 59.41943359375 ], [ -135.348925781249989, 59.410058593749994 ], [ -135.358447265624989, 59.324902343749997 ], [ -135.330322265625, 59.2390625 ], [ -135.217382812500006, 59.076611328124997 ], [ -135.1318359375, 58.842871093749999 ], [ -135.076464843749989, 58.796777343749994 ], [ -134.986132812499989, 58.765625 ], [ -134.964794921875011, 58.7421875 ], [ -134.942529296874994, 58.646289062500003 ], [ -134.776123046875, 58.453857421875 ], [ -134.663623046874989, 58.384716796874997 ], [ -134.485449218750006, 58.3671875 ], [ -134.331445312499994, 58.299609375 ], [ -134.257617187499989, 58.244189453125003 ], [ -134.208837890625006, 58.232958984375003 ], [ -134.131201171875006, 58.279345703125003 ], [ -134.0361328125, 58.415332031250003 ], [ -133.94384765625, 58.498291015625 ], [ -133.9111328125, 58.515234375 ], [ -133.876757812499989, 58.518164062499999 ], [ -133.888525390625006, 58.498730468749997 ], [ -133.933642578124989, 58.467871093749999 ], [ -134.045263671875006, 58.289257812499997 ], [ -134.063330078125006, 58.211083984374994 ], [ -134.056738281250006, 58.128369140624997 ], [ -134.031103515625006, 58.072167968749994 ], [ -133.894482421875011, 57.993261718749999 ], [ -133.821386718750006, 57.936376953124999 ], [ -133.744140625, 57.854589843749999 ], [ -133.722314453124994, 57.84423828125 ], [ -133.657275390624989, 57.841015625 ], [ -133.625732421875, 57.856982421874996 ], [ -133.559375, 57.924462890625001 ], [ -133.497412109375006, 57.924658203124999 ], [ -133.1943359375, 57.877685546875 ], [ -133.212060546874994, 57.865673828124997 ], [ -133.511132812499994, 57.880126953125 ], [ -133.536425781249989, 57.863867187499999 ], [ -133.535205078124989, 57.832958984374997 ], [ -133.515478515625006, 57.775146484375 ], [ -133.435742187500011, 57.72705078125 ], [ -133.117041015625006, 57.566210937499996 ], [ -133.142822265625, 57.555126953124997 ], [ -133.342333984374989, 57.631103515625 ], [ -133.55419921875, 57.695068359375 ], [ -133.603369140625006, 57.694677734374999 ], [ -133.626953125, 57.676513671875 ], [ -133.648730468749989, 57.642285156249997 ], [ -133.538964843749994, 57.554150390624997 ], [ -133.436669921874994, 57.336865234374997 ], [ -133.465869140624989, 57.172167968749996 ], [ -132.913427734375006, 57.047460937499999 ], [ -132.824609375, 57.055810546875001 ], [ -132.814257812499989, 57.040722656249997 ], [ -132.838818359375011, 56.960205078125 ], [ -132.829882812499989, 56.930615234374997 ], [ -132.802197265625011, 56.895166015625001 ], [ -132.701953124999989, 56.822265625 ], [ -132.639501953125006, 56.796435546874996 ], [ -132.487109374999989, 56.76640625 ], [ -132.475927734375006, 56.649658203125 ], [ -132.434423828125006, 56.634130859374999 ], [ -132.357666015625, 56.625878906250001 ], [ -132.336669921875, 56.603125 ], [ -132.33203125, 56.557910156249996 ], [ -132.304980468749989, 56.519873046874999 ], [ -132.255566406250011, 56.489111328124999 ], [ -132.18203125, 56.420654296875 ], [ -132.133251953125011, 56.399853515624997 ], [ -132.021923828125011, 56.380078125 ], [ -131.962304687499994, 56.323681640624997 ], [ -131.927294921874989, 56.272998046874996 ], [ -131.887890625000011, 56.241650390624997 ], [ -131.84423828125, 56.229638671875001 ], [ -131.551367187500006, 56.206787109375 ], [ -131.738037109375, 56.161230468749999 ], [ -131.843847656250006, 56.160107421874997 ], [ -132.005712890625006, 55.930078125 ], [ -132.090673828125006, 55.839550781249997 ], [ -132.157958984375, 55.780664062500001 ], [ -132.20751953125, 55.75341796875 ], [ -132.223437499999989, 55.721044921874999 ], [ -132.155419921874994, 55.599560546874997 ], [ -132.118994140625006, 55.569775390624997 ], [ -131.9833984375, 55.535009765624999 ], [ -131.945019531250011, 55.554150390624997 ], [ -131.869433593749989, 55.647167968749997 ], [ -131.83359375, 55.734912109374996 ], [ -131.803271484374989, 55.765966796874999 ], [ -131.799072265625, 55.7828125 ], [ -131.826171875, 55.835351562500001 ], [ -131.815478515624989, 55.854199218749997 ], [ -131.7841796875, 55.8765625 ], [ -131.63525390625, 55.932226562499999 ], [ -131.28759765625, 56.012109375 ], [ -131.032763671874989, 56.088085937499997 ], [ -131.074023437499989, 56.044384765624997 ], [ -131.140380859375, 55.997509765624997 ], [ -131.127685546875, 55.96015625 ], [ -130.977001953125011, 55.811962890624997 ], [ -130.918554687500006, 55.735986328125001 ], [ -130.879638671875, 55.61181640625 ], [ -130.873388671875006, 55.551123046874999 ], [ -130.879785156249994, 55.459521484374996 ], [ -130.85595703125, 55.355126953125001 ], [ -130.835058593750006, 55.332080078124996 ], [ -130.748193359374994, 55.318017578125001 ], [ -130.750390625, 55.296972656249999 ], [ -130.983935546874989, 55.243945312499996 ], [ -131.0458984375, 55.179589843750001 ], [ -131.0478515625, 55.157666015624997 ], [ -130.979687500000011, 55.061181640625001 ], [ -130.934619140624989, 54.950390625 ], [ -130.849609375, 54.8076171875 ], [ -130.615820312500006, 54.790917968750001 ], [ -130.575341796874994, 54.769677734375001 ], [ -130.535498046875006, 54.748730468749997 ], [ -130.349414062499989, 54.814550781249999 ], [ -130.203906249999989, 54.947021484375 ], [ -130.214062500000011, 55.02587890625 ], [ -130.218505859375, 55.060253906249997 ], [ -130.171826171875011, 55.137011718749996 ], [ -130.036572265625011, 55.297900390624996 ], [ -130.039257812500011, 55.343603515624999 ], [ -130.059472656249994, 55.412304687499997 ], [ -130.120410156249989, 55.5244140625 ], [ -130.140429687499989, 55.585009765624996 ], [ -130.146533203124989, 55.654492187499997 ], [ -130.137060546875006, 55.719384765625001 ], [ -130.111962890624994, 55.77978515625 ], [ -130.074658203125011, 55.836035156249999 ], [ -130.025097656250011, 55.888232421874996 ], [ -130.020312499999989, 55.880761718750001 ], [ -130.060351562499989, 55.813720703125 ], [ -130.085107421874994, 55.751708984375 ], [ -130.094677734375011, 55.694775390624997 ], [ -130.092968750000011, 55.6318359375 ], [ -130.079980468749994, 55.562890625 ], [ -130.044042968750006, 55.471923828125 ], [ -129.985156249999989, 55.358837890624997 ], [ -129.995849609375, 55.2640625 ], [ -130.058398437499989, 55.194775390624997 ], [ -130.091796875, 55.107763671874999 ], [ -130.048486328124994, 55.057275390625001 ], [ -129.985205078125006, 55.111474609375001 ], [ -129.877148437500011, 55.250634765625001 ], [ -129.837744140625006, 55.319091796875 ], [ -129.815625, 55.417578125 ], [ -129.811914062499994, 55.532617187500001 ], [ -129.795166015625, 55.5595703125 ], [ -129.765478515625006, 55.498242187499997 ], [ -129.734179687499989, 55.4580078125 ], [ -129.701318359374994, 55.438574218749999 ], [ -129.666650390624994, 55.436669921875001 ], [ -129.630126953125, 55.452246093749999 ], [ -129.560644531250006, 55.462548828125001 ], [ -129.78076171875, 55.28046875 ], [ -129.89013671875, 55.164648437499999 ], [ -129.948535156249989, 55.0810546875 ], [ -130.108642578125, 54.887255859374996 ], [ -130.140869140625, 54.82275390625 ], [ -130.218945312500011, 54.730273437499996 ], [ -130.307226562500006, 54.700292968749999 ], [ -130.350488281249994, 54.655322265624996 ], [ -130.370019531249994, 54.620019531250001 ], [ -130.388623046875011, 54.539355468749996 ], [ -130.393457031249994, 54.479638671875001 ], [ -130.430273437500006, 54.420996093749999 ], [ -130.396777343749989, 54.351660156249999 ], [ -130.290332031249989, 54.270361328124999 ], [ -130.084228515625, 54.181396484375 ], [ -129.8984375, 54.226367187499996 ], [ -129.794970703124989, 54.236132812499996 ], [ -129.626025390624989, 54.230273437499996 ], [ -129.790771484375, 54.165771484375 ], [ -130.043310546875006, 54.133544921875 ], [ -130.063525390624989, 54.105664062499997 ], [ -130.0859375, 53.97578125 ], [ -130.232861328125011, 53.867431640625 ], [ -130.335253906249989, 53.723925781249996 ], [ -130.26328125, 53.654150390624999 ], [ -130.074365234374994, 53.575634765624997 ], [ -129.911865234375, 53.551367187499999 ], [ -129.82177734375, 53.412744140625001 ], [ -129.686718750000011, 53.333544921874996 ], [ -129.563720703125, 53.25146484375 ], [ -129.46240234375, 53.346582031250001 ], [ -129.284277343750006, 53.393164062499999 ], [ -129.257861328124989, 53.41796875 ], [ -129.240332031250006, 53.479052734374996 ], [ -129.231738281249989, 53.576416015625 ], [ -129.208105468750006, 53.6416015625 ], [ -129.056396484375, 53.777783203124997 ], [ -129.013964843749989, 53.797460937499999 ], [ -128.959375, 53.841455078125001 ], [ -128.943994140624994, 53.840039062499997 ], [ -128.927832031250006, 53.822802734374996 ], [ -128.890185546874989, 53.829785156249997 ], [ -128.704785156250011, 53.918603515625001 ], [ -128.65087890625, 53.918847656250001 ], [ -128.532128906249994, 53.858105468749997 ], [ -128.560449218749994, 53.845068359374999 ], [ -128.652880859374989, 53.831640625 ], [ -128.714746093749994, 53.810009765624997 ], [ -128.745947265625006, 53.780175781250001 ], [ -128.763671875, 53.746875 ], [ -128.767871093749989, 53.710205078125 ], [ -128.750781249999989, 53.660839843749997 ], [ -128.675537109375, 53.554589843750001 ], [ -128.600341796875, 53.506103515625 ], [ -128.511767578124989, 53.4765625 ], [ -128.469628906249994, 53.470898437499997 ], [ -128.369140625, 53.490380859375001 ], [ -128.207226562500011, 53.483203125 ], [ -128.115136718749994, 53.445947265625001 ], [ -127.950048828125006, 53.329833984375 ], [ -127.927832031250006, 53.274707031249996 ], [ -128.079199218750006, 53.369433593749996 ], [ -128.132714843749994, 53.417773437499996 ], [ -128.291064453124989, 53.457861328124999 ], [ -128.358056640624994, 53.459814453124999 ], [ -128.478613281250006, 53.410302734375001 ], [ -128.542138671874994, 53.420654296875 ], [ -128.833056640624989, 53.549414062499999 ], [ -128.905615234375006, 53.559326171875 ], [ -128.850439453125006, 53.665185546875001 ], [ -128.854589843750006, 53.704541015624997 ], [ -128.935595703124989, 53.715185546874999 ], [ -129.021435546875011, 53.692138671875 ], [ -129.114453125000011, 53.64111328125 ], [ -129.171582031250011, 53.53359375 ], [ -129.129541015624994, 53.442285156250001 ], [ -129.080908203125006, 53.367285156249999 ], [ -128.868554687499994, 53.328125 ], [ -128.65234375, 53.243847656249997 ], [ -128.524707031249989, 53.140673828124996 ], [ -128.451953124999989, 52.876611328125001 ], [ -128.365039062499989, 52.82578125 ], [ -128.10595703125, 52.906884765625001 ], [ -128.053271484374989, 52.910693359374996 ], [ -128.108789062499994, 52.858056640625001 ], [ -128.132373046874989, 52.805810546875001 ], [ -128.19677734375, 52.623291015625 ], [ -128.275146484375, 52.435498046874997 ], [ -128.271533203124989, 52.362988281249997 ], [ -128.240966796875, 52.368261718749999 ], [ -128.183984375, 52.407910156249997 ], [ -128.038232421874994, 52.531152343750001 ], [ -127.943359375, 52.550732421874997 ], [ -127.940234374999989, 52.545166015625 ], [ -128.021289062499989, 52.490673828124997 ], [ -128.051562499999989, 52.453320312499997 ], [ -128.060302734375, 52.427539062499996 ], [ -128.029150390625006, 52.342480468749997 ], [ -128.0375, 52.318164062499996 ], [ -128.357617187500011, 52.158886718749997 ], [ -128.193554687500011, 51.998291015625 ], [ -128.102246093750011, 51.788427734374999 ], [ -127.995410156249989, 51.950537109374999 ], [ -127.902197265625006, 52.15087890625 ], [ -127.834326171875006, 52.2509765625 ], [ -127.791894531249994, 52.289355468749996 ], [ -127.71337890625, 52.318505859375001 ], [ -127.560302734375, 52.343212890624997 ], [ -127.519238281249997, 52.359277343750001 ], [ -127.107080078124994, 52.6328125 ], [ -127.066210937499989, 52.652685546874999 ], [ -127.034863281249997, 52.681738281249999 ], [ -127.013232421874989, 52.719970703125 ], [ -127.006396484374989, 52.754589843749997 ], [ -127.019335937499989, 52.842480468749997 ], [ -127.008251953124997, 52.842578125 ], [ -126.96640625, 52.78466796875 ], [ -126.951367187499997, 52.751025390624996 ], [ -126.951318359374994, 52.721240234374996 ], [ -126.995214843750006, 52.657910156249997 ], [ -127.187109375, 52.537695312499999 ], [ -127.208251953125, 52.498242187499997 ], [ -127.193994140624994, 52.457666015625001 ], [ -127.160595703124997, 52.394873046874999 ], [ -127.127050781250006, 52.370947265624999 ], [ -126.938183593749997, 52.30859375 ], [ -126.901416015624989, 52.265332031249997 ], [ -126.895214843749997, 52.225488281250001 ], [ -126.752636718749997, 52.112353515624996 ], [ -126.713964843750006, 52.060693359375001 ], [ -126.738574218749989, 52.06494140625 ], [ -126.826318359374994, 52.125146484375001 ], [ -126.9, 52.188330078124999 ], [ -126.95947265625, 52.254541015625001 ], [ -127.007958984374994, 52.290673828125001 ], [ -127.175732421874997, 52.31484375 ], [ -127.242236328124989, 52.395117187499999 ], [ -127.437939453124997, 52.356152343749997 ], [ -127.549707031249994, 52.297607421875 ], [ -127.67333984375, 52.2529296875 ], [ -127.795361328124997, 52.191015625 ], [ -127.843310546874989, 52.086474609374996 ], [ -127.858789062499994, 51.990283203124996 ], [ -127.727636718750006, 51.993212890624996 ], [ -127.829980468749994, 51.879003906249999 ], [ -127.863232421874997, 51.82080078125 ], [ -127.869140625, 51.775244140624999 ], [ -127.850537109374997, 51.673193359374999 ], [ -127.818945312500006, 51.60390625 ], [ -127.747509765624997, 51.543554687499999 ], [ -127.728710937499997, 51.505517578124994 ], [ -127.7140625, 51.490185546874997 ], [ -127.668701171875, 51.477587890624996 ], [ -127.644873046875006, 51.478466796874997 ], [ -127.609570312499997, 51.5140625 ], [ -127.575732421874989, 51.562939453124997 ], [ -127.442724609375006, 51.678955078125 ], [ -127.338720703125006, 51.707373046874999 ], [ -127.034082031249994, 51.716699218750001 ], [ -126.691455078124989, 51.703417968749996 ], [ -126.735400390624989, 51.692626953125 ], [ -126.968115234375006, 51.669921875 ], [ -127.280664062499994, 51.654101562499996 ], [ -127.346582031249994, 51.642382812499996 ], [ -127.419677734375, 51.608056640625001 ], [ -127.632714843749994, 51.427294921874996 ], [ -127.689160156249997, 51.343457031249997 ], [ -127.714306640624997, 51.268652343749999 ], [ -127.708105468750006, 51.151171875 ], [ -127.590869140624989, 51.087548828124994 ], [ -127.441210937499989, 50.989404296874994 ], [ -127.35693359375, 50.945556640625 ], [ -127.267480468749994, 50.916064453124996 ], [ -127.057568359374997, 50.867529296874999 ], [ -127.0140625, 50.866796875 ], [ -126.960400390624997, 50.893701171874994 ], [ -126.631787109374997, 50.915136718749999 ], [ -126.562890625, 50.965478515624994 ], [ -126.517333984375, 51.056835937499997 ], [ -126.484619140625, 50.960498046874996 ], [ -126.521777343749989, 50.866064453124999 ], [ -126.488183593749994, 50.841845703124996 ], [ -126.418212890625, 50.850195312499999 ], [ -126.374609375, 50.837353515624997 ], [ -126.397119140624994, 50.807080078124997 ], [ -126.472216796874989, 50.767285156249997 ], [ -126.517333984375, 50.724462890624999 ], [ -126.514355468749997, 50.679394531249997 ], [ -126.492968749999989, 50.672119140625 ], [ -126.3703125, 50.666748046875 ], [ -125.980712890625, 50.711376953124997 ], [ -125.904101562499989, 50.704931640624999 ], [ -125.897607421874994, 50.684375 ], [ -126.067236328125006, 50.664306640625 ], [ -126.238916015624994, 50.623828125 ], [ -126.416113281250006, 50.606982421874996 ], [ -126.447460937499997, 50.587744140624999 ], [ -126.449951171875, 50.549707031249994 ], [ -126.404492187499997, 50.529882812499999 ], [ -126.236572265625, 50.523291015624999 ], [ -126.094335937500006, 50.497607421874996 ], [ -126.024121093749997, 50.496728515624994 ], [ -125.965039062499997, 50.487353515624996 ], [ -125.839599609375, 50.510644531249994 ], [ -125.772412109374997, 50.508203125 ], [ -125.7412109375, 50.478564453124996 ], [ -125.697558593749989, 50.464550781249997 ], [ -125.641308593749997, 50.466210937499994 ], [ -125.610156249999989, 50.486035156249997 ], [ -125.585839843749994, 50.573632812499994 ], [ -125.555566406249994, 50.634863281249999 ], [ -125.539355468749989, 50.649023437499999 ], [ -125.525976562500006, 50.534130859374997 ], [ -125.507177734375006, 50.507275390624997 ], [ -125.476318359375, 50.497167968749999 ], [ -125.209863281249994, 50.476318359375 ], [ -125.058789062499997, 50.513867187499997 ], [ -124.985400390624989, 50.591943359374994 ], [ -124.942529296874994, 50.665673828124994 ], [ -124.931054687499994, 50.718408203124994 ], [ -124.949267578124989, 50.764697265624996 ], [ -124.93359375, 50.810595703124996 ], [ -124.85986328125, 50.872412109374999 ], [ -124.875439453124997, 50.825634765624997 ], [ -124.857519531250006, 50.717333984374996 ], [ -124.854248046875, 50.668652343749997 ], [ -124.862646484375006, 50.637304687499999 ], [ -124.936816406249989, 50.537402343749996 ], [ -125.056689453124989, 50.418652343749997 ], [ -125.043603515624994, 50.36376953125 ], [ -124.985595703125, 50.355615234374994 ], [ -124.933349609375, 50.297900390624996 ], [ -124.934179687500006, 50.258056640625 ], [ -124.784277343750006, 50.072802734374996 ], [ -124.782373046874994, 50.020117187499999 ], [ -124.702294921874994, 49.957666015624994 ], [ -124.483251953125006, 49.808203125 ], [ -124.41259765625, 49.778125 ], [ -124.28125, 49.772119140624994 ], [ -124.1416015625, 49.792675781249997 ], [ -124.058789062499997, 49.853662109374994 ], [ -123.984912109374989, 49.875585937499999 ], [ -123.972119140624997, 49.892041015624997 ], [ -123.971386718749997, 49.96953125 ], [ -123.957421875, 49.992773437499999 ], [ -123.86572265625, 50.072070312499996 ], [ -123.863037109375, 50.102587890624996 ], [ -123.945898437500006, 50.183935546874999 ], [ -123.93359375, 50.18828125 ], [ -123.880126953125, 50.173632812499996 ], [ -123.825439453125, 50.144238281249997 ], [ -123.787695312500006, 50.106738281249996 ], [ -123.78466796875, 50.087988281249999 ], [ -123.823828125, 50.043701171875 ], [ -123.884960937499997, 50.017041015624997 ], [ -123.904248046874997, 49.981152343749997 ], [ -123.90380859375, 49.795458984374996 ], [ -123.874414062499994, 49.73681640625 ], [ -123.818017578124994, 49.68515625 ], [ -123.7626953125, 49.658496093749996 ], [ -123.708300781249989, 49.656933593749997 ], [ -123.582470703124997, 49.68125 ], [ -123.612744140624997, 49.657568359374999 ], [ -123.739062499999989, 49.593554687499996 ], [ -123.817187499999989, 49.586572265624994 ], [ -123.847119140624997, 49.636669921874997 ], [ -123.922753906249994, 49.717529296875 ], [ -123.959521484374989, 49.736181640624999 ], [ -123.992626953124997, 49.736181640624999 ], [ -124.024023437500006, 49.711328125 ], [ -124.053808593750006, 49.66171875 ], [ -124.028613281249989, 49.602880859374999 ], [ -123.948388671874994, 49.534716796874996 ], [ -123.891845703125, 49.494726562499999 ], [ -123.858935546874989, 49.482861328124997 ], [ -123.530566406249989, 49.397314453124999 ], [ -123.508203125, 49.402441406249999 ], [ -123.436962890624997, 49.451318359374994 ], [ -123.398974609374989, 49.44189453125 ], [ -123.335644531249997, 49.459179687499997 ], [ -123.322412109374994, 49.516992187499994 ], [ -123.336669921875, 49.545117187499997 ], [ -123.325, 49.577685546874996 ], [ -123.1875, 49.680322265624994 ], [ -123.179589843749994, 49.673535156249997 ], [ -123.190673828125, 49.644287109375 ], [ -123.222998046875006, 49.590478515624994 ], [ -123.247705078124994, 49.443017578124994 ], [ -123.2640625, 49.390478515624999 ], [ -123.286279296874994, 49.374951171874997 ], [ -123.29052734375, 49.359472656249999 ], [ -123.276757812499994, 49.343945312499997 ], [ -123.174267578124997, 49.348193359374996 ], [ -123.015527343749994, 49.322167968749994 ], [ -122.964453125, 49.329345703125 ], [ -122.879101562499997, 49.39892578125 ], [ -122.912988281249994, 49.323193359374997 ], [ -122.94765625, 49.293261718749996 ], [ -123.067285156249994, 49.291552734374996 ], [ -123.183935546875006, 49.277734375 ], [ -123.229443359374997, 49.260498046875 ], [ -123.191064453124994, 49.21953125 ], [ -123.196337890624989, 49.147705078125 ], [ -123.181884765625, 49.129492187499999 ], [ -123.150146484375, 49.121044921874997 ], [ -123.079541015624997, 49.130615234375 ], [ -123.077294921874994, 49.118359375 ], [ -123.109326171874997, 49.084619140624994 ], [ -123.117626953124997, 49.056347656249997 ], [ -123.08642578125, 48.993017578124999 ], [ -123.077294921874994, 48.980224609375 ], [ -123.063281249999989, 48.977734375 ], [ -123.04921875, 48.993017578124999 ], [ -123.027246093749994, 49.038525390624997 ], [ -123.002294921875006, 49.060888671874999 ], [ -122.962695312499989, 49.074609375 ], [ -122.924169921875006, 49.074658203124997 ], [ -122.826708984374989, 49.028417968749999 ], [ -122.788769531249997, 48.993017578124999 ], [ -122.722460937499989, 48.85302734375 ], [ -122.6859375, 48.794287109374999 ], [ -122.653027343749997, 48.763867187499997 ], [ -122.599414062499989, 48.76708984375 ], [ -122.580175781250006, 48.779589843749996 ], [ -122.56201171875, 48.777978515624994 ], [ -122.545117187499997, 48.762304687499999 ], [ -122.512744140624989, 48.66943359375 ], [ -122.514794921874994, 48.55517578125 ], [ -122.501074218750006, 48.5375 ], [ -122.496777343749997, 48.505566406249997 ], [ -122.542675781249997, 48.487988281249997 ], [ -122.627978515624989, 48.497900390624999 ], [ -122.657275390624989, 48.489990234375 ], [ -122.668994140624989, 48.465234375 ], [ -122.6625, 48.446386718749999 ], [ -122.637792968750006, 48.433300781249997 ], [ -122.582568359374989, 48.428662109374997 ], [ -122.541650390624994, 48.4109375 ], [ -122.488427734374994, 48.374316406249996 ], [ -122.408544921875006, 48.293896484374997 ], [ -122.403369140624989, 48.269189453124994 ], [ -122.467041015625, 48.258496093749997 ], [ -122.520312499999989, 48.229101562499999 ], [ -122.529150390625006, 48.199316406249999 ], [ -122.516992187499994, 48.15966796875 ], [ -122.494042968749994, 48.13046875 ], [ -122.394775390625, 48.084130859374994 ], [ -122.386621093749994, 48.089941406249999 ], [ -122.424707031249994, 48.175927734374994 ], [ -122.415820312499989, 48.183935546874999 ], [ -122.388671875, 48.166357421874999 ], [ -122.352978515624997, 48.113818359374996 ], [ -122.317480468750006, 48.080175781249999 ], [ -122.261279296874989, 48.042041015624996 ], [ -122.241992187499989, 48.0107421875 ], [ -122.318457031250006, 47.933056640624997 ], [ -122.330322265625, 47.898632812499997 ], [ -122.392871093749989, 47.820556640625 ], [ -122.401806640624997, 47.784277343749999 ], [ -122.381982421874994, 47.75234375 ], [ -122.383642578125006, 47.716455078124994 ], [ -122.406787109374989, 47.6767578125 ], [ -122.410498046875006, 47.652636718749996 ], [ -122.380761718749994, 47.627832031249994 ], [ -122.368359375, 47.60390625 ], [ -122.375244140625, 47.528369140624996 ], [ -122.351123046874989, 47.395214843749997 ], [ -122.353808593749989, 47.37158203125 ], [ -122.420117187499997, 47.312109375 ], [ -122.46484375, 47.295800781249994 ], [ -122.511083984375006, 47.295019531249999 ], [ -122.5421875, 47.275585937499997 ], [ -122.604150390624994, 47.1669921875 ], [ -122.627050781250006, 47.144238281249997 ], [ -122.701953124999989, 47.110888671874996 ], [ -122.729882812499994, 47.11181640625 ], [ -122.811962890624997, 47.14599609375 ], [ -122.914160156250006, 47.131494140624994 ], [ -123.027587890625, 47.138916015625 ], [ -122.987646484375006, 47.172558593749997 ], [ -122.956201171874994, 47.244580078124997 ], [ -122.91953125, 47.289648437499999 ], [ -122.828466796875006, 47.336572265624994 ], [ -122.812548828124989, 47.328955078124999 ], [ -122.783300781250006, 47.225976562499994 ], [ -122.767773437499997, 47.218359375 ], [ -122.720898437499997, 47.305126953124997 ], [ -122.707714843749997, 47.31640625 ], [ -122.648632812499997, 47.281445312499997 ], [ -122.60390625, 47.274609375 ], [ -122.577880859375, 47.293164062499997 ], [ -122.553564453125006, 47.404931640624994 ], [ -122.557421874999989, 47.463183593749996 ], [ -122.585839843749994, 47.528417968749999 ], [ -122.675488281249997, 47.612353515624996 ], [ -122.664306640625, 47.617236328124996 ], [ -122.628271484375006, 47.608154296875 ], [ -122.613623046875006, 47.615625 ], [ -122.630175781249989, 47.692822265624997 ], [ -122.618408203125, 47.712792968749994 ], [ -122.52392578125, 47.769335937499996 ], [ -122.510791015624989, 47.815722656249996 ], [ -122.5328125, 47.919726562499996 ], [ -122.585742187499989, 47.927880859374994 ], [ -122.592675781249994, 47.91640625 ], [ -122.587890625, 47.85595703125 ], [ -122.608154296875, 47.835498046874996 ], [ -122.717871093750006, 47.762109375 ], [ -122.757128906249989, 47.700537109374999 ], [ -122.8140625, 47.658544921874999 ], [ -122.912890624999989, 47.607373046874997 ], [ -122.982470703124989, 47.559375 ], [ -123.048632812499989, 47.479345703124999 ], [ -123.06015625, 47.453662109374996 ], [ -123.066796875, 47.399658203125 ], [ -123.018212890624994, 47.401074218749997 ], [ -122.916894531249994, 47.41796875 ], [ -122.922167968749989, 47.407666015624997 ], [ -123.030908203124994, 47.360205078124999 ], [ -123.104199218749997, 47.348388671875 ], [ -123.136328125, 47.355810546874999 ], [ -123.1390625, 47.386083984374999 ], [ -123.131054687499997, 47.437744140625 ], [ -123.050634765625006, 47.551953125 ], [ -122.821386718750006, 47.793164062499997 ], [ -122.805371093749997, 47.783642578124997 ], [ -122.8017578125, 47.7353515625 ], [ -122.778417968750006, 47.738427734374994 ], [ -122.656640625, 47.881152343749996 ], [ -122.679492187499989, 47.931787109374994 ], [ -122.73974609375, 48.013232421874996 ], [ -122.769091796874989, 48.075976562499996 ], [ -122.767529296874997, 48.120019531249994 ], [ -122.778613281249989, 48.137597656249994 ], [ -122.860888671874989, 48.090039062499997 ], [ -122.908886718749997, 48.076904296875 ], [ -122.973876953125, 48.073291015624996 ], [ -123.024218749999989, 48.081591796874996 ], [ -123.124414062499994, 48.150927734374996 ], [ -123.161865234375, 48.154541015625 ], [ -123.249902343749994, 48.12421875 ], [ -123.29443359375, 48.11953125 ], [ -123.97578125, 48.16845703125 ], [ -124.098779296874994, 48.2 ], [ -124.175488281249997, 48.242431640625 ], [ -124.429052734375006, 48.30078125 ], [ -124.632617187499989, 48.375048828124996 ], [ -124.7099609375, 48.38037109375 ], [ -124.679980468749989, 48.285888671875 ], [ -124.70166015625, 48.151660156249996 ], [ -124.6630859375, 47.97412109375 ], [ -124.62109375, 47.904150390624999 ], [ -124.460058593750006, 47.784228515624996 ], [ -124.376025390624989, 47.658642578124997 ], [ -124.309277343749997, 47.404589843749996 ], [ -124.198828125, 47.208544921874996 ], [ -124.170507812500006, 47.086669921875 ], [ -124.16357421875, 47.015332031249997 ], [ -124.139257812500006, 46.9546875 ], [ -124.116796875, 47.000341796874999 ], [ -124.11171875, 47.035205078124996 ], [ -124.042236328125, 47.0296875 ], [ -123.986035156249997, 46.984472656249999 ], [ -123.842871093750006, 46.963183593749996 ], [ -124.112548828125, 46.862695312499994 ], [ -124.071679687499994, 46.744775390624994 ], [ -123.957714843749997, 46.708691406249997 ], [ -123.88916015625, 46.660009765624999 ], [ -123.912402343749989, 46.533349609374994 ], [ -123.946142578125006, 46.432568359374997 ], [ -124.016406249999989, 46.521386718749994 ], [ -124.044335937499994, 46.605078125 ], [ -124.050195312499994, 46.490527343749996 ], [ -124.045117187499997, 46.372900390624999 ], [ -124.07275390625, 46.279443359374994 ], [ -123.959765624999989, 46.300732421874997 ], [ -123.895703125, 46.267773437499997 ], [ -123.688378906249994, 46.299853515624996 ], [ -123.650341796874997, 46.267724609374994 ], [ -123.46484375, 46.27109375 ], [ -123.404736328124997, 46.220996093749996 ], [ -123.298681640625006, 46.170849609374997 ], [ -123.251318359375006, 46.167285156249996 ], [ -123.220605468749994, 46.153613281249996 ], [ -123.321582031249989, 46.143994140624997 ], [ -123.402294921874997, 46.154980468749997 ], [ -123.466357421874989, 46.209423828124997 ], [ -123.521630859374994, 46.22265625 ], [ -123.673632812499989, 46.1826171875 ], [ -123.911669921874989, 46.182177734374996 ], [ -123.962939453124989, 46.225439453124999 ], [ -123.989306640624989, 46.219384765624994 ], [ -123.975244140624994, 46.178320312499999 ], [ -123.947119140625006, 46.140576171874997 ], [ -123.961230468749989, 45.84296875 ], [ -123.929345703124994, 45.576953125 ], [ -123.963085937499997, 45.47607421875 ], [ -123.948583984375006, 45.400830078124997 ], [ -124.059179687500006, 44.777734375 ], [ -124.04453125, 44.648242187499996 ], [ -124.0654296875, 44.520068359374996 ], [ -124.047460937500006, 44.425488281249997 ], [ -124.099169921874989, 44.333789062499996 ], [ -124.130664062499989, 44.0556640625 ], [ -124.148730468749989, 43.691748046874999 ], [ -124.184375, 43.6515625 ], [ -124.239208984374997, 43.5400390625 ], [ -124.287988281249994, 43.409716796874996 ], [ -124.233154296875, 43.436376953124999 ], [ -124.196923828124994, 43.42333984375 ], [ -124.275488281250006, 43.367382812499997 ], [ -124.320605468749989, 43.368212890624996 ], [ -124.346582031249994, 43.341650390624999 ], [ -124.454443359375006, 43.012353515624994 ], [ -124.498583984374989, 42.936865234374999 ], [ -124.539648437500006, 42.812890625 ], [ -124.443798828124997, 42.670214843749996 ], [ -124.406152343749994, 42.583691406249997 ], [ -124.420507812500006, 42.381005859374994 ], [ -124.410009765625006, 42.304345703124994 ], [ -124.355273437499989, 42.122900390624999 ], [ -124.228417968749994, 42.00078125 ], [ -124.211669921875, 41.984619140625 ], [ -124.208740234375, 41.888574218749994 ], [ -124.24462890625, 41.787939453124999 ], [ -124.163232421874994, 41.718994140625 ], [ -124.11767578125, 41.621728515624994 ], [ -124.071923828124994, 41.459521484374996 ], [ -124.068505859374994, 41.384179687499994 ], [ -124.140039062499994, 41.155908203124994 ], [ -124.133105468749989, 40.969775390624996 ], [ -124.199902343749997, 40.822070312499996 ], [ -124.219189453124997, 40.790722656249997 ], [ -124.222509765625006, 40.775048828124994 ], [ -124.190234374999989, 40.771728515625 ], [ -124.208447265624997, 40.74609375 ], [ -124.220019531249989, 40.696484375 ], [ -124.250585937500006, 40.70390625 ], [ -124.242333984374994, 40.727880859374999 ], [ -124.25390625, 40.740283203124996 ], [ -124.28369140625, 40.710546875 ], [ -124.324511718749989, 40.598095703124997 ], [ -124.371679687500006, 40.4912109375 ], [ -124.356542968750006, 40.37109375 ], [ -124.324023437499989, 40.251953125 ], [ -124.108496093750006, 40.09453125 ], [ -123.884472656249997, 39.860791015624997 ], [ -123.832910156249994, 39.775488281249999 ], [ -123.783496093749989, 39.618701171874996 ], [ -123.777783203124997, 39.514941406249996 ], [ -123.8203125, 39.368408203125 ], [ -123.719531249999989, 39.110986328124994 ], [ -123.701123046874997, 38.907275390624996 ], [ -123.4248046875, 38.675634765624999 ], [ -123.289746093749997, 38.535839843749997 ], [ -123.121142578124989, 38.449267578124996 ], [ -123.046191406249989, 38.305078125 ], [ -122.986523437499997, 38.277099609375 ], [ -122.908154296874997, 38.196582031249996 ], [ -122.876806640625006, 38.123339843749996 ], [ -122.977587890624989, 38.22734375 ], [ -122.968164062499994, 38.097021484374999 ], [ -123.00146484375, 38.019287109375 ], [ -122.998779296875, 37.988623046874999 ], [ -122.931982421875006, 38.05546875 ], [ -122.872949218749994, 38.026074218749997 ], [ -122.760400390624994, 37.945654296874999 ], [ -122.680712890624989, 37.90234375 ], [ -122.584179687499997, 37.874072265624996 ], [ -122.521337890625006, 37.826416015625 ], [ -122.466894531250006, 37.838183593749996 ], [ -122.494921874999989, 37.953564453124997 ], [ -122.48388671875, 38.108837890624997 ], [ -122.393359374999989, 38.144824218749996 ], [ -122.337109375, 38.135888671874994 ], [ -122.208300781249989, 38.072558593749996 ], [ -122.153759765624997, 38.065527343749999 ], [ -122.031494140625, 38.12353515625 ], [ -121.993115234374997, 38.1201171875 ], [ -121.934179687500006, 38.086816406249994 ], [ -121.880761718749994, 38.075 ], [ -121.748632812500006, 38.08046875 ], [ -121.682226562500006, 38.074804687499999 ], [ -121.625732421875, 38.083935546874997 ], [ -121.525341796874997, 38.055908203125 ], [ -121.572998046875, 38.052392578124994 ], [ -121.638085937499994, 38.061279296875 ], [ -121.716845703124989, 38.034082031249994 ], [ -122.086718749999989, 38.049609375 ], [ -122.217041015625, 38.040625 ], [ -122.314257812499989, 38.00732421875 ], [ -122.385449218749997, 37.960595703124994 ], [ -122.365478515625, 37.921191406249996 ], [ -122.333447265624997, 37.896582031249999 ], [ -122.295996093750006, 37.790332031249996 ], [ -122.222216796874989, 37.73203125 ], [ -122.158056640625006, 37.62646484375 ], [ -122.124121093750006, 37.543798828124999 ], [ -122.096533203125006, 37.518212890624994 ], [ -122.070507812499997, 37.478271484375 ], [ -122.119042968749994, 37.4828125 ], [ -122.166015625, 37.501660156249997 ], [ -122.228662109374994, 37.563916015624997 ], [ -122.297607421875, 37.591845703124996 ], [ -122.369726562500006, 37.655859375 ], [ -122.390283203124994, 37.741064453124999 ], [ -122.384082031249989, 37.788525390624997 ], [ -122.445605468749989, 37.797998046874994 ], [ -122.514208984374989, 37.77197265625 ], [ -122.500439453124997, 37.652783203124997 ], [ -122.49921875, 37.542626953124994 ], [ -122.408447265625, 37.373144531249999 ], [ -122.394921875, 37.20751953125 ], [ -122.164208984374994, 36.990966796875 ], [ -121.880664062499989, 36.938916015624997 ], [ -121.807421874999989, 36.851220703124994 ], [ -121.79453125, 36.800976562499997 ], [ -121.789990234374997, 36.732275390624999 ], [ -121.83515625, 36.657470703125 ], [ -121.918652343749997, 36.572363281249999 ], [ -121.91015625, 36.432910156249996 ], [ -121.877392578124997, 36.3310546875 ], [ -121.664355468749989, 36.154052734375 ], [ -121.464990234374994, 35.927392578124994 ], [ -121.433740234374994, 35.863867187499999 ], [ -121.343847656250006, 35.792236328125 ], [ -121.283837890624994, 35.676318359374996 ], [ -121.137939453125, 35.607128906249997 ], [ -121.022851562499994, 35.480761718749996 ], [ -120.899609375, 35.425097656249996 ], [ -120.860302734374997, 35.365429687499997 ], [ -120.884863281250006, 35.274951171874996 ], [ -120.857373046874997, 35.209667968749997 ], [ -120.70703125, 35.157666015624997 ], [ -120.659082031249994, 35.122412109374999 ], [ -120.633593749999989, 35.076464843749996 ], [ -120.663037109374997, 34.949267578124996 ], [ -120.624902343749994, 34.811962890624997 ], [ -120.637597656249994, 34.749365234374999 ], [ -120.626708984375, 34.6689453125 ], [ -120.644677734374994, 34.579980468749994 ], [ -120.559814453125, 34.543896484374997 ], [ -120.481201171875, 34.471630859374997 ], [ -120.396484375, 34.459570312499999 ], [ -120.16953125, 34.476464843749994 ], [ -120.052978515625, 34.469287109374996 ], [ -119.853320312499989, 34.411962890624999 ], [ -119.713183593749989, 34.399658203125 ], [ -119.606054687500006, 34.418017578124996 ], [ -119.413671875, 34.338574218749997 ], [ -119.267675781250006, 34.257421875 ], [ -119.23583984375, 34.164111328124996 ], [ -119.14375, 34.112011718749997 ], [ -118.83203125, 34.024462890624996 ], [ -118.598828125, 34.035009765624999 ], [ -118.506201171875006, 34.017382812499996 ], [ -118.39296875, 33.858300781249994 ], [ -118.410449218749989, 33.743945312499996 ], [ -118.294189453125, 33.712304687499994 ], [ -118.264404296875, 33.75859375 ], [ -118.161914062499989, 33.750683593749997 ], [ -118.080517578124997, 33.72216796875 ], [ -117.952099609374997, 33.61962890625 ], [ -117.788525390624997, 33.538476562499994 ], [ -117.467431640624994, 33.295507812499999 ], [ -117.31884765625, 33.100048828124997 ], [ -117.262988281249989, 32.938867187499994 ], [ -117.255761718749994, 32.873388671874999 ], [ -117.270703125, 32.80625 ], [ -117.243457031249989, 32.664013671874997 ], [ -117.183740234374994, 32.687890625 ], [ -117.137402343749997, 32.649169921875 ], [ -117.13046875, 32.539746093749997 ], [ -117.128271484375006, 32.533349609374994 ], [ -117.063134765624994, 32.343603515624999 ], [ -117.034765625, 32.305029296874999 ], [ -116.913671875, 32.198535156249996 ], [ -116.847998046875006, 31.997363281249996 ], [ -116.620800781249997, 31.85107421875 ], [ -116.623876953125006, 31.758007812499997 ], [ -116.652099609375, 31.740332031249999 ], [ -116.701708984374989, 31.74365234375 ], [ -116.722070312499994, 31.734570312499997 ], [ -116.66845703125, 31.698632812499994 ], [ -116.662158203124989, 31.564892578124997 ], [ -116.609570312499997, 31.499072265624996 ], [ -116.45849609375, 31.360986328124994 ], [ -116.333447265624997, 31.202783203124994 ], [ -116.309667968750006, 31.12734375 ], [ -116.309619140624989, 31.050976562499997 ], [ -116.296289062499994, 30.970507812499996 ], [ -116.062158203124994, 30.804150390624997 ], [ -116.035351562499997, 30.70546875 ], [ -116.028564453125, 30.563574218749999 ], [ -115.995800781249997, 30.414453125 ], [ -115.858203125, 30.359814453124997 ], [ -115.815625, 30.303613281249994 ], [ -115.78955078125, 30.084179687499997 ], [ -115.808300781249997, 29.960205078125 ], [ -115.748681640624994, 29.935742187499997 ], [ -115.673828125, 29.756396484374996 ], [ -115.565283203124991, 29.680029296874999 ], [ -115.311181640624994, 29.531933593749997 ], [ -115.166357421874991, 29.42724609375 ], [ -114.993505859374991, 29.384423828124994 ], [ -114.937304687500003, 29.351611328124996 ], [ -114.875927734374997, 29.281884765624994 ], [ -114.664013671874997, 29.094580078124999 ], [ -114.309228515624994, 28.729931640624997 ], [ -114.1455078125, 28.605419921874997 ], [ -114.048486328124994, 28.426171875 ], [ -114.092724609374997, 28.221337890624994 ], [ -114.185253906249997, 28.01328125 ], [ -114.265869140625, 27.934472656249994 ], [ -114.252636718749997, 27.908007812499996 ], [ -114.158398437499997, 27.919677734375 ], [ -114.157324218749991, 27.86796875 ], [ -114.175390625, 27.83056640625 ], [ -114.135058593750003, 27.726611328124996 ], [ -114.0693359375, 27.675683593749994 ], [ -114.13720703125, 27.671435546874996 ], [ -114.232666015625, 27.718115234374999 ], [ -114.30224609375, 27.775732421874999 ], [ -114.2890625, 27.838574218749997 ], [ -114.300585937500003, 27.872998046874997 ], [ -114.372705078124994, 27.841210937499994 ], [ -114.448486328125, 27.796875 ], [ -114.570019531249997, 27.783935546875 ], [ -114.823535156250003, 27.829931640624999 ], [ -115.036474609374991, 27.841845703124996 ], [ -115.033203125, 27.798876953124996 ], [ -114.993505859374991, 27.736035156249997 ], [ -114.858740234374991, 27.6591796875 ], [ -114.715625, 27.53955078125 ], [ -114.539892578124991, 27.431103515624997 ], [ -114.498291015625, 27.376220703125 ], [ -114.4796875, 27.28359375 ], [ -114.445263671874997, 27.218164062499994 ], [ -114.333398437499994, 27.158007812499996 ], [ -114.201855468749997, 27.143505859374997 ], [ -114.110058593749997, 27.10595703125 ], [ -113.996484375, 26.987695312499994 ], [ -113.9359375, 26.985253906249994 ], [ -113.840966796874994, 26.966503906249997 ], [ -113.756640625, 26.870849609375 ], [ -113.701269531249991, 26.791357421874999 ], [ -113.598535156249994, 26.721289062499999 ], [ -113.425878906249991, 26.795800781249994 ], [ -113.272265625, 26.790966796874997 ], [ -113.205761718749997, 26.856982421874996 ], [ -113.155810546875003, 26.946240234374997 ], [ -113.143212890624994, 26.7921875 ], [ -113.119238281249991, 26.716503906249997 ], [ -113.020751953125, 26.583251953125 ], [ -112.658398437499997, 26.316748046874999 ], [ -112.526074218749997, 26.273486328124996 ], [ -112.377246093750003, 26.213916015624996 ], [ -112.173828125, 25.91259765625 ], [ -112.119775390624994, 25.765527343749994 ], [ -112.114599609374991, 25.63037109375 ], [ -112.093359375, 25.584375 ], [ -112.069873046875003, 25.572851562499991 ], [ -112.055761718749991, 25.488232421874997 ], [ -112.077978515624991, 25.323974609375 ], [ -112.128515625, 25.043115234374994 ], [ -112.119042968749994, 24.934033203124997 ], [ -112.072558593750003, 24.840039062499997 ], [ -111.848242187499991, 24.670068359374994 ], [ -111.8251953125, 24.631787109374997 ], [ -111.822265625, 24.573388671874994 ], [ -111.802490234375, 24.542529296875003 ], [ -111.750390625, 24.554150390624997 ], [ -111.682910156250003, 24.555810546874994 ], [ -111.578222656249991, 24.443017578124994 ], [ -111.419335937499994, 24.329003906249994 ], [ -111.036181640625003, 24.105273437500003 ], [ -110.895556640625003, 23.970263671875003 ], [ -110.764892578125, 23.877001953125003 ], [ -110.629980468749991, 23.7373046875 ], [ -110.362695312499994, 23.604931640624997 ], [ -110.288769531249997, 23.517675781249991 ], [ -110.244091796874997, 23.412255859374994 ], [ -110.180615234374997, 23.341503906249997 ], [ -110.086035156249991, 23.00546875 ], [ -110.00625, 22.89404296875 ], [ -109.9234375, 22.885888671874994 ], [ -109.823046875, 22.922167968750003 ], [ -109.728417968749994, 22.981835937499994 ], [ -109.63046875, 23.078662109375003 ], [ -109.495703125, 23.159814453124994 ], [ -109.458056640625003, 23.214746093749994 ], [ -109.414990234374997, 23.405566406250003 ], [ -109.420849609374997, 23.480126953124994 ], [ -109.509619140624991, 23.597900390625 ], [ -109.6765625, 23.661572265624997 ], [ -109.710546875, 23.803808593749991 ], [ -109.775976562499991, 23.864892578124994 ], [ -109.811328125, 23.939013671875003 ], [ -109.893164062499991, 24.033007812500003 ], [ -109.982519531249991, 24.109375 ], [ -110.022802734374991, 24.174609375 ], [ -110.262890625, 24.34453125 ], [ -110.303759765625003, 24.339453125 ], [ -110.325097656249994, 24.305957031250003 ], [ -110.320898437499991, 24.259179687499994 ], [ -110.296826171874997, 24.194873046875003 ], [ -110.319970703124994, 24.139453125 ], [ -110.367431640625, 24.100488281249994 ], [ -110.409619140624997, 24.130957031249991 ], [ -110.399658203125, 24.165136718749991 ], [ -110.421484375, 24.183398437500003 ], [ -110.546972656249991, 24.214160156250003 ], [ -110.659326171874994, 24.341455078124994 ], [ -110.734521484374994, 24.58984375 ], [ -110.72900390625, 24.671533203124994 ], [ -110.67724609375, 24.788525390624997 ], [ -110.686767578125, 24.86767578125 ], [ -110.755664062500003, 24.994580078124997 ], [ -110.893945312499994, 25.144238281249997 ], [ -111.013623046874997, 25.4203125 ], [ -111.034423828125, 25.526953125 ], [ -111.149560546874994, 25.572607421874991 ], [ -111.291601562499991, 25.789794921875 ], [ -111.330371093750003, 25.931347656249997 ], [ -111.332128906249991, 26.125439453124997 ], [ -111.404589843750003, 26.265039062499994 ], [ -111.418505859375003, 26.349951171874999 ], [ -111.464501953124994, 26.408447265625 ], [ -111.470166015624997, 26.506640625 ], [ -111.5458984375, 26.579199218749999 ], [ -111.569677734374991, 26.707617187499999 ], [ -111.795263671874991, 26.8796875 ], [ -111.82177734375, 26.865087890624999 ], [ -111.816845703124997, 26.75625 ], [ -111.778515625, 26.687255859375 ], [ -111.699414062499997, 26.580957031249994 ], [ -111.723388671875, 26.564404296874997 ], [ -111.754003906249991, 26.572705078124997 ], [ -111.862646484374991, 26.678515625 ], [ -111.883154296874991, 26.840185546874999 ], [ -112.009082031250003, 26.967089843749996 ], [ -112.015576171874997, 27.009716796874997 ], [ -112.003955078125003, 27.0791015625 ], [ -112.09814453125, 27.145947265624997 ], [ -112.191455078125003, 27.186669921874994 ], [ -112.282617187499994, 27.347460937499996 ], [ -112.329199218749991, 27.5234375 ], [ -112.552636718749994, 27.657470703125 ], [ -112.734033203124994, 27.825976562499996 ], [ -112.758203125, 27.900634765625 ], [ -112.749316406250003, 27.994873046875 ], [ -112.808056640624997, 28.0921875 ], [ -112.795703125, 28.207128906249999 ], [ -112.868457031250003, 28.2919921875 ], [ -112.865234375, 28.350634765624996 ], [ -112.870849609375, 28.42421875 ], [ -112.956640625, 28.455859375 ], [ -113.03359375, 28.472607421874997 ], [ -113.093652343749994, 28.511767578124996 ], [ -113.20556640625, 28.798779296874997 ], [ -113.258886718749991, 28.81884765625 ], [ -113.320703125, 28.813134765624994 ], [ -113.335009765625003, 28.8390625 ], [ -113.32890625, 28.873046875 ], [ -113.3818359375, 28.946679687499994 ], [ -113.499707031249997, 28.926708984374997 ], [ -113.538476562499994, 29.023388671874997 ], [ -113.5453125, 29.102246093749997 ], [ -113.75546875, 29.367480468749996 ], [ -113.828955078124991, 29.439453125 ], [ -114.061914062499994, 29.609521484374994 ], [ -114.17919921875, 29.734326171874997 ], [ -114.372607421875003, 29.830224609374994 ], [ -114.403417968749991, 29.896484375 ], [ -114.550488281249997, 30.022265625 ], [ -114.629931640625003, 30.156298828124996 ], [ -114.649755859374991, 30.238134765624999 ], [ -114.63330078125, 30.506884765624996 ], [ -114.685449218749994, 30.621191406249999 ], [ -114.703369140625, 30.765185546874996 ], [ -114.761035156250003, 30.958740234375 ], [ -114.844677734374997, 31.08046875 ], [ -114.881884765625003, 31.156396484374994 ], [ -114.84814453125, 31.537939453124999 ], [ -114.789892578124991, 31.647119140624994 ], [ -114.839501953124994, 31.798535156249997 ], [ -114.895068359375003, 31.850634765624996 ], [ -114.93359375, 31.900732421874999 ], [ -114.741308593749991, 31.806494140624999 ], [ -114.697607421874991, 31.777441406249999 ], [ -114.608789062499994, 31.762255859374996 ], [ -114.548681640624991, 31.733544921874994 ], [ -114.2640625, 31.554443359375 ], [ -114.149316406249994, 31.507373046874996 ], [ -114.080908203124991, 31.510351562499999 ], [ -114.002685546875, 31.525146484375 ], [ -113.977490234374997, 31.592724609374997 ], [ -113.94775390625, 31.629345703124997 ], [ -113.759423828124994, 31.557763671874994 ], [ -113.699951171875, 31.523339843749994 ], [ -113.633007812499997, 31.467626953124999 ], [ -113.623486328124997, 31.345898437499997 ], [ -113.480810546874991, 31.293603515624994 ], [ -113.2314453125, 31.255957031249999 ], [ -113.186181640624994, 31.236035156249997 ], [ -113.083642578124994, 31.207177734374994 ], [ -113.046728515624991, 31.179248046874996 ], [ -113.042919921874997, 31.087011718749999 ], [ -113.072802734375003, 31.060888671874999 ], [ -113.107958984375003, 31.077294921874994 ], [ -113.118603515624997, 31.048095703125 ], [ -113.10498046875, 31.027197265624999 ], [ -113.087011718749991, 30.938085937499999 ], [ -113.110449218749991, 30.793310546874999 ], [ -113.057666015625003, 30.651025390624994 ], [ -112.951757812499991, 30.510009765625 ], [ -112.824804687499991, 30.300146484374999 ], [ -112.759228515624997, 30.125683593749997 ], [ -112.738378906249991, 29.985449218749999 ], [ -112.697167968749994, 29.916845703124999 ], [ -112.653125, 29.870068359374997 ], [ -112.572900390624994, 29.71953125 ], [ -112.41455078125, 29.536425781249996 ], [ -112.388671875, 29.460107421874994 ], [ -112.393212890624994, 29.419726562499996 ], [ -112.378222656250003, 29.347705078124996 ], [ -112.301416015624994, 29.322900390624994 ], [ -112.223486328124991, 29.269482421874997 ], [ -112.192041015624994, 29.11796875 ], [ -112.161767578124994, 29.018896484374999 ], [ -112.044873046874997, 28.895898437499994 ], [ -111.940820312499994, 28.823193359374997 ], [ -111.918603515624994, 28.797900390624996 ], [ -111.90703125, 28.752490234374996 ], [ -111.832421875, 28.648144531249997 ], [ -111.747216796874994, 28.56396484375 ], [ -111.680078125, 28.470556640624999 ], [ -111.4716796875, 28.383984375 ], [ -111.282421875, 28.115234375 ], [ -111.121386718750003, 27.966992187499997 ], [ -110.986083984375, 27.925976562499997 ], [ -110.920800781249994, 27.888867187499997 ], [ -110.8486328125, 27.917578125 ], [ -110.759033203125, 27.915185546874994 ], [ -110.529882812499991, 27.864208984374997 ], [ -110.578271484374994, 27.795654296875 ], [ -110.615478515625, 27.65390625 ], [ -110.592675781249994, 27.544335937499994 ], [ -110.560644531249991, 27.450146484374997 ], [ -110.519384765624991, 27.395605468749999 ], [ -110.477783203125, 27.32265625 ], [ -110.377294921874991, 27.233300781249994 ], [ -110.277148437500003, 27.162207031249999 ], [ -109.943994140624994, 27.079345703125 ], [ -109.925634765624991, 27.028662109374999 ], [ -109.921728515624991, 26.978173828124994 ], [ -109.890917968750003, 26.883398437499999 ], [ -109.828369140625, 26.770117187499999 ], [ -109.754785156249994, 26.702929687499996 ], [ -109.676074218750003, 26.696826171874996 ], [ -109.482861328124997, 26.710351562499994 ], [ -109.276269531249994, 26.533886718749997 ], [ -109.243261718749991, 26.449951171875 ], [ -109.240625, 26.4046875 ], [ -109.216015625, 26.355273437499996 ], [ -109.146337890624991, 26.305712890624996 ], [ -109.11669921875, 26.252734375 ], [ -109.158789062499991, 26.258349609374996 ], [ -109.19970703125, 26.305224609374996 ], [ -109.270654296874994, 26.243115234374997 ], [ -109.354150390624994, 26.138476562499996 ], [ -109.425634765624991, 26.032568359374999 ], [ -109.384960937499997, 25.727148437499991 ], [ -109.304296875, 25.633154296874991 ], [ -109.253955078125003, 25.608789062499994 ], [ -109.196484375, 25.592529296875 ], [ -109.084082031249991, 25.615039062500003 ], [ -109.008349609375003, 25.641992187499994 ], [ -108.93515625, 25.690283203124991 ], [ -108.886572265624991, 25.733447265625003 ], [ -108.884863281249991, 25.696044921875 ], [ -108.972753906249991, 25.588476562499991 ], [ -109.068457031249991, 25.5515625 ], [ -109.0634765625, 25.516699218749991 ], [ -109.02880859375, 25.48046875 ], [ -108.893164062499991, 25.511572265624991 ], [ -108.843603515624991, 25.543310546874991 ], [ -108.787255859374994, 25.538037109374997 ], [ -108.7509765625, 25.42421875 ], [ -108.696386718749991, 25.382910156249991 ], [ -108.466259765624997, 25.26513671875 ], [ -108.373681640624994, 25.1943359375 ], [ -108.092822265625003, 25.093505859375 ], [ -108.051464843749997, 25.067041015624994 ], [ -108.035693359375003, 25.035351562499997 ], [ -108.079638671875003, 25.01806640625 ], [ -108.140087890624997, 25.018408203124991 ], [ -108.192041015624994, 25.030664062499994 ], [ -108.243310546874994, 25.073681640624997 ], [ -108.28076171875, 25.08154296875 ], [ -108.207666015624994, 24.974804687499997 ], [ -108.015087890624997, 24.783398437499997 ], [ -108.0087890625, 24.693554687499997 ], [ -107.951171875, 24.614892578124994 ], [ -107.816699218750003, 24.539013671874997 ], [ -107.709521484375003, 24.525048828124994 ], [ -107.673681640624991, 24.503564453124994 ], [ -107.602001953124997, 24.490136718749994 ], [ -107.548876953125003, 24.504785156249994 ], [ -107.511914062499997, 24.489160156249994 ], [ -107.488916015624994, 24.423974609374994 ], [ -107.493701171875003, 24.369384765625 ], [ -107.527246093749994, 24.360058593749997 ], [ -107.726611328125003, 24.471923828125 ], [ -107.764941406250003, 24.471923828125 ], [ -107.084863281249994, 24.01611328125 ], [ -106.935498046874997, 23.88125 ], [ -106.728759765625, 23.610693359374991 ], [ -106.566503906249991, 23.449462890625 ], [ -106.402246093749994, 23.195605468750003 ], [ -106.234570312499997, 23.0609375 ], [ -106.021728515625, 22.829052734374997 ], [ -105.943359375, 22.777001953124994 ], [ -105.791796875, 22.627490234375003 ], [ -105.6455078125, 22.326904296875 ], [ -105.649121093749997, 21.988085937500003 ], [ -105.527441406249991, 21.818457031249991 ], [ -105.457421875, 21.672460937499991 ], [ -105.431445312500003, 21.618261718749991 ], [ -105.208691406249997, 21.490820312499991 ], [ -105.233251953124991, 21.380419921875003 ], [ -105.225, 21.249707031249997 ], [ -105.237060546875, 21.119189453125003 ], [ -105.301953125, 21.0265625 ], [ -105.393994140624997, 20.926123046874991 ], [ -105.456347656250003, 20.843798828125003 ], [ -105.510839843749991, 20.808740234374994 ], [ -105.492382812499997, 20.776611328125 ], [ -105.420117187499997, 20.775390625 ], [ -105.327050781249994, 20.752978515625003 ], [ -105.252294921874991, 20.668505859375003 ], [ -105.244677734375003, 20.634179687499994 ], [ -105.26015625, 20.579052734374997 ], [ -105.377050781249991, 20.511865234374994 ], [ -105.542578125, 20.497949218749994 ], [ -105.642138671875003, 20.435986328124997 ], [ -105.66943359375, 20.385595703124991 ], [ -105.615917968749997, 20.316308593749994 ], [ -105.570410156249991, 20.227832031250003 ], [ -105.532421875, 20.075390625 ], [ -105.482080078124994, 19.97607421875 ], [ -105.286376953125, 19.706494140624997 ], [ -105.107666015625, 19.562207031249997 ], [ -105.045214843750003, 19.443261718749994 ], [ -104.9384765625, 19.309375 ], [ -104.602978515624997, 19.152880859375003 ], [ -104.405175781249994, 19.091210937499994 ], [ -104.277001953124994, 19.010986328125 ], [ -104.045654296875, 18.911816406249997 ], [ -103.912451171874991, 18.828466796874991 ], [ -103.698925781249997, 18.632958984374994 ], [ -103.580273437499997, 18.484375 ], [ -103.441601562499997, 18.325390625 ], [ -103.018505859374997, 18.186865234374991 ], [ -102.699560546874991, 18.062841796874991 ], [ -102.546972656249991, 18.04140625 ], [ -102.216601562499989, 17.957421875 ], [ -101.995507812499994, 17.972705078125003 ], [ -101.918701171875, 17.959765625 ], [ -101.847070312499994, 17.922265625 ], [ -101.762402343749997, 17.841992187499997 ], [ -101.600292968749997, 17.6515625 ], [ -101.487060546875, 17.615332031249991 ], [ -101.385498046875, 17.514208984375003 ], [ -101.147851562499994, 17.393115234375003 ], [ -101.001953125, 17.276123046875 ], [ -100.847802734374994, 17.200488281250003 ], [ -100.431884765625, 17.0640625 ], [ -100.243017578124991, 16.984179687500003 ], [ -100.024511718749991, 16.920507812499991 ], [ -99.690673828125, 16.719628906249994 ], [ -99.348046875, 16.664746093749997 ], [ -99.001660156249997, 16.581445312499994 ], [ -98.907958984375, 16.544580078124994 ], [ -98.76220703125, 16.534765625 ], [ -98.520312499999989, 16.304833984374994 ], [ -98.138964843749989, 16.206298828125 ], [ -97.754785156249994, 15.966845703125003 ], [ -97.184667968749991, 15.909277343749991 ], [ -96.807958984374991, 15.726416015624991 ], [ -96.510839843749991, 15.651904296875003 ], [ -96.408642578124997, 15.68310546875 ], [ -96.213574218749997, 15.693066406249997 ], [ -95.771777343749989, 15.887792968749991 ], [ -95.464404296874989, 15.974707031249991 ], [ -95.134375, 16.176953125 ], [ -94.949316406249991, 16.210009765625003 ], [ -94.799414062499991, 16.209667968749997 ], [ -94.785791015624994, 16.229101562499991 ], [ -94.846044921874991, 16.24658203125 ], [ -95.020849609374991, 16.277636718750003 ], [ -95.023535156249991, 16.30625 ], [ -94.934716796874994, 16.379101562499997 ], [ -94.900439453124989, 16.41748046875 ], [ -94.858691406249989, 16.419726562500003 ], [ -94.792919921874997, 16.364599609374991 ], [ -94.797460937499991, 16.327050781249994 ], [ -94.790820312499989, 16.287158203125003 ], [ -94.752832031249994, 16.291210937499997 ], [ -94.65078125, 16.351806640625 ], [ -94.616845703124994, 16.347558593749994 ], [ -94.587109375, 16.315820312499994 ], [ -94.682275390624994, 16.228222656249997 ], [ -94.661523437499994, 16.201904296875 ], [ -94.470751953124989, 16.186572265625003 ], [ -94.001269531249989, 16.018945312499994 ], [ -94.0283203125, 16.062060546875003 ], [ -94.193408203124989, 16.145605468749991 ], [ -94.24951171875, 16.167529296875003 ], [ -94.302832031249991, 16.169335937499994 ], [ -94.370166015624989, 16.195410156249991 ], [ -94.426416015624994, 16.226269531249997 ], [ -94.409033203124991, 16.287353515625 ], [ -94.374169921874994, 16.284765625 ], [ -94.311279296875, 16.239355468749991 ], [ -94.239892578124994, 16.205078125 ], [ -94.078955078124991, 16.145263671875 ], [ -93.916064453124989, 16.053564453124991 ], [ -93.734375, 15.888476562500003 ], [ -93.541162109374994, 15.750390625 ], [ -93.166894531249994, 15.448046875 ], [ -93.0244140625, 15.310253906249997 ], [ -92.918408203124997, 15.236132812500003 ], [ -92.808935546874991, 15.138574218749994 ], [ -92.530957031249997, 14.839648437500003 ], [ -92.264550781249994, 14.567773437499994 ], [ -92.235156249999989, 14.54541015625 ], [ -91.819091796875, 14.228222656249997 ], [ -91.640917968749989, 14.114941406249997 ], [ -91.37734375, 13.990185546874997 ], [ -91.146044921874989, 13.925585937500003 ], [ -90.60693359375, 13.929003906250003 ], [ -90.479101562499991, 13.900927734375003 ], [ -90.09521484375, 13.736523437499997 ], [ -89.970458984375, 13.683154296875003 ], [ -89.80419921875, 13.560107421875003 ], [ -89.523242187499989, 13.509130859374991 ], [ -89.277636718749989, 13.478076171875003 ], [ -88.867041015624991, 13.283251953125003 ], [ -88.512011718749989, 13.183935546874991 ], [ -88.48388671875, 13.197167968749994 ], [ -88.58154296875, 13.244970703124991 ], [ -88.655859375, 13.259179687499994 ], [ -88.685644531249991, 13.281494140625 ], [ -88.591552734375, 13.281054687500003 ], [ -88.417138671874994, 13.213525390624994 ], [ -88.1806640625, 13.164013671874997 ], [ -88.0234375, 13.16875 ], [ -87.930859375, 13.1806640625 ], [ -87.878076171874994, 13.224414062500003 ], [ -87.820703125, 13.28515625 ], [ -87.83837890625, 13.385791015625003 ], [ -87.814208984375, 13.399169921875 ], [ -87.769384765624991, 13.376660156249997 ], [ -87.708349609374991, 13.360058593749997 ], [ -87.602246093749997, 13.385595703124991 ], [ -87.489111328124991, 13.352929687499994 ], [ -87.485156249999989, 13.310595703125003 ], [ -87.498388671874991, 13.27490234375 ], [ -87.458447265624997, 13.215429687499991 ], [ -87.412792968749997, 13.12744140625 ], [ -87.33251953125, 13.084716796875 ], [ -87.337255859374991, 12.979248046875 ], [ -87.338574218749997, 12.949951171875 ], [ -87.3896484375, 12.920654296875 ], [ -87.424365234374989, 12.921142578125 ], [ -87.497949218749994, 12.984179687499989 ], [ -87.543310546874991, 13.039697265624994 ], [ -87.585058593749991, 13.043310546874991 ], [ -87.670166015625, 12.965673828124991 ], [ -87.667529296874989, 12.903564453125 ], [ -87.46015625, 12.757568359375 ], [ -87.188427734374997, 12.508349609374989 ], [ -87.125195312499997, 12.434130859374989 ], [ -86.850976562499994, 12.247753906249997 ], [ -86.755615234375, 12.156640625 ], [ -86.655517578125, 11.981542968749991 ], [ -86.468896484374994, 11.73828125 ], [ -85.961132812499997, 11.331347656249989 ], [ -85.828515625, 11.19873046875 ], [ -85.745214843749991, 11.088574218749997 ], [ -85.744335937499997, 11.062109375 ], [ -85.743701171874989, 11.04296875 ], [ -85.752246093749989, 10.985253906249994 ], [ -85.887402343749997, 10.921289062499994 ], [ -85.908007812499989, 10.897558593749991 ], [ -85.832861328124991, 10.849951171874991 ], [ -85.71484375, 10.790576171874989 ], [ -85.667236328125, 10.745019531249994 ], [ -85.671435546874989, 10.679785156249991 ], [ -85.663330078125, 10.635449218749997 ], [ -85.703125, 10.5634765625 ], [ -85.830615234374989, 10.398144531249997 ], [ -85.849658203124989, 10.292041015624989 ], [ -85.796484375, 10.132861328124989 ], [ -85.681005859374991, 9.95859375 ], [ -85.624853515624991, 9.902441406249991 ], [ -85.314550781249991, 9.8109375 ], [ -85.154003906249997, 9.620068359374997 ], [ -85.114501953125, 9.581787109375 ], [ -85.077050781249994, 9.601953125 ], [ -85.059716796874994, 9.668310546874991 ], [ -85.001269531249989, 9.699267578124989 ], [ -84.886425781249997, 9.820947265624994 ], [ -84.908349609374994, 9.884570312499989 ], [ -84.962792968749994, 9.933447265624991 ], [ -85.160742187499991, 10.017431640624991 ], [ -85.236523437499997, 10.107373046874997 ], [ -85.26318359375, 10.256640624999989 ], [ -85.235644531249989, 10.242089843749994 ], [ -85.1984375, 10.1953125 ], [ -85.025048828124994, 10.11572265625 ], [ -84.714941406249991, 9.8994140625 ], [ -84.64306640625, 9.789404296874991 ], [ -84.670458984374989, 9.702880859375 ], [ -84.658886718749997, 9.646679687499997 ], [ -84.581591796874989, 9.568359375 ], [ -84.482666015625, 9.526171874999989 ], [ -84.222363281249997, 9.4625 ], [ -84.117871093749997, 9.379443359374989 ], [ -83.895556640624989, 9.276416015624989 ], [ -83.736914062499991, 9.150292968749994 ], [ -83.637255859374989, 9.035351562499997 ], [ -83.616162109374997, 8.959814453124991 ], [ -83.613720703124997, 8.804052734374991 ], [ -83.6421875, 8.72890625 ], [ -83.734082031249997, 8.614453125 ], [ -83.604736328125, 8.480322265624991 ], [ -83.54375, 8.445849609374989 ], [ -83.452050781249994, 8.4384765625 ], [ -83.376806640624991, 8.414892578124991 ], [ -83.29150390625, 8.406005859375 ], [ -83.28955078125, 8.463818359374997 ], [ -83.297753906249994, 8.506884765624989 ], [ -83.421777343749994, 8.619238281249991 ], [ -83.4697265625, 8.706835937499989 ], [ -83.391406249999989, 8.717724609374997 ], [ -83.285791015624994, 8.664355468749989 ], [ -83.162402343749989, 8.588183593749989 ], [ -83.129589843749997, 8.50546875 ], [ -83.123339843749989, 8.353076171874989 ], [ -83.041455078124997, 8.287744140624994 ], [ -82.947265625, 8.181738281249991 ], [ -82.879345703124997, 8.070654296874991 ], [ -82.854345703124991, 8.099511718749994 ], [ -82.866113281249994, 8.246337890625 ], [ -82.781152343749994, 8.303515624999989 ], [ -82.679541015624991, 8.321972656249997 ], [ -82.530957031249997, 8.287402343749989 ], [ -82.36484375, 8.274853515624997 ], [ -82.235449218749991, 8.31103515625 ], [ -82.224316406249997, 8.230371093749994 ], [ -82.159863281249997, 8.19482421875 ], [ -82.096728515624989, 8.222753906249991 ], [ -81.973291015624994, 8.215087890625 ], [ -81.860253906249994, 8.165429687499994 ], [ -81.727636718749991, 8.137548828124991 ], [ -81.694287109374997, 8.071386718749991 ], [ -81.675683593749994, 8.015917968749989 ], [ -81.504150390625, 7.72119140625 ], [ -81.369580078124997, 7.67529296875 ], [ -81.268408203124991, 7.62548828125 ], [ -81.219042968749989, 7.620947265624991 ], [ -81.195458984374994, 7.668408203124997 ], [ -81.179394531249997, 7.807519531249994 ], [ -81.1578125, 7.854394531249994 ], [ -81.093945312499997, 7.876318359374991 ], [ -81.063867187499994, 7.899755859374991 ], [ -81.035107421874997, 7.711132812499997 ], [ -80.914648437499991, 7.4375 ], [ -80.901220703124991, 7.277148437499989 ], [ -80.845556640624991, 7.220068359374991 ], [ -80.666699218749997, 7.225683593749991 ], [ -80.438867187499994, 7.274951171874989 ], [ -80.372949218749994, 7.324658203124997 ], [ -80.348242187499991, 7.385693359374997 ], [ -80.287304687499997, 7.425634765624991 ], [ -80.110595703125, 7.433447265624991 ], [ -80.067285156249994, 7.453222656249991 ], [ -80.01123046875, 7.500048828124989 ], [ -80.0400390625, 7.599804687499997 ], [ -80.0751953125, 7.667041015624989 ], [ -80.2609375, 7.851660156249991 ], [ -80.365576171874991, 7.997998046874997 ], [ -80.409130859374997, 8.028564453125 ], [ -80.458105468749991, 8.077050781249994 ], [ -80.465869140624989, 8.139941406249989 ], [ -80.458984375, 8.2138671875 ], [ -80.407568359374991, 8.262451171875 ], [ -80.368701171874989, 8.288769531249997 ], [ -80.200097656249994, 8.31396484375 ], [ -80.125781249999989, 8.349658203124989 ], [ -79.750439453124997, 8.595507812499989 ], [ -79.81591796875, 8.639208984374989 ], [ -79.758544921875, 8.711572265624994 ], [ -79.731054687499991, 8.775341796874997 ], [ -79.687451171874997, 8.850976562499994 ], [ -79.572363281249991, 8.903271484374997 ], [ -79.551660156249994, 8.924462890624994 ], [ -79.507080078125, 8.970068359374991 ], [ -79.441503906249991, 9.006005859374994 ], [ -79.246679687499991, 9.020068359374989 ], [ -79.086376953124997, 8.997167968749991 ], [ -78.955175781249991, 8.932519531249994 ], [ -78.848242187499991, 8.8421875 ], [ -78.769677734374994, 8.811083984374989 ], [ -78.710205078125, 8.7529296875 ], [ -78.669824218749994, 8.7421875 ], [ -78.620898437499989, 8.713720703124991 ], [ -78.5140625, 8.628173828125 ], [ -78.469433593749997, 8.446679687499994 ], [ -78.43603515625, 8.4033203125 ], [ -78.409863281249997, 8.355322265624991 ], [ -78.379296875, 8.35859375 ], [ -78.369384765625, 8.404931640624994 ], [ -78.387890625, 8.443408203124989 ], [ -78.399218749999989, 8.505664062499989 ], [ -78.374316406249989, 8.4892578125 ], [ -78.350146484374989, 8.460009765624989 ], [ -78.256103515625, 8.453710937499991 ], [ -78.251123046874994, 8.421435546874989 ], [ -78.223046875, 8.396630859374994 ], [ -78.190771484374991, 8.417333984374991 ], [ -78.161816406249997, 8.453710937499991 ], [ -78.099462890624991, 8.496972656249994 ], [ -78.057177734374989, 8.397119140624994 ], [ -78.0125, 8.325390625 ], [ -77.852929687499994, 8.216210937499994 ], [ -77.760546874999989, 8.133251953124997 ], [ -77.833642578124994, 8.151171874999989 ], [ -77.95166015625, 8.230273437499989 ], [ -78.047753906249994, 8.284765625 ], [ -78.113867187499991, 8.379589843749997 ], [ -78.141894531249989, 8.386083984374991 ], [ -78.180029296874991, 8.330273437499997 ], [ -78.281201171874997, 8.24755859375 ], [ -78.2548828125, 8.138623046874997 ], [ -78.287353515625, 8.091796875 ], [ -78.3154296875, 8.066943359374989 ], [ -78.367626953124997, 8.070556640625 ], [ -78.421582031249997, 8.060986328124997 ], [ -78.378222656249989, 7.89990234375 ], [ -78.170117187499997, 7.543798828124991 ], [ -77.929785156249991, 7.25634765625 ], [ -77.901171874999989, 7.229345703124991 ], [ -77.8037109375, 7.137255859374989 ], [ -77.680957031249989, 6.960400390624997 ], [ -77.645849609374991, 6.86962890625 ], [ -77.602148437499991, 6.837304687499994 ], [ -77.525976562499991, 6.693115234375 ], [ -77.438867187499994, 6.690332031249994 ], [ -77.368798828124994, 6.575585937499994 ], [ -77.35986328125, 6.504492187499991 ], [ -77.398242187499989, 6.275 ], [ -77.440087890624994, 6.271728515625 ], [ -77.473046875, 6.28564453125 ], [ -77.469433593749997, 6.1767578125 ], [ -77.344677734374997, 5.995361328125 ], [ -77.249267578125, 5.780175781249994 ], [ -77.324609375, 5.675634765624991 ], [ -77.534423828125, 5.537109375 ], [ -77.401757812499994, 5.416162109374994 ], [ -77.373291015625, 5.323974609375 ], [ -77.359179687499989, 5.215185546874991 ], [ -77.366748046874989, 5.0765625 ], [ -77.339453125, 4.838525390624994 ], [ -77.306542968749994, 4.78466796875 ], [ -77.286328125, 4.721728515624989 ], [ -77.313671875, 4.593847656249991 ], [ -77.328320312499997, 4.475 ], [ -77.353515625, 4.398291015624991 ], [ -77.414257812499997, 4.347607421874997 ], [ -77.445849609374989, 4.301025390625 ], [ -77.515527343749994, 4.256298828124997 ], [ -77.520703125, 4.212792968749994 ], [ -77.408740234374989, 4.247753906249997 ], [ -77.404492187499997, 4.20078125 ], [ -77.433544921874997, 4.130957031249991 ], [ -77.427294921874989, 4.060449218749994 ], [ -77.358203124999989, 3.944726562499994 ], [ -77.278027343749997, 4.058496093749994 ], [ -77.248388671874991, 4.040966796874997 ], [ -77.263525390624991, 3.893212890624994 ], [ -77.212011718749991, 3.867431640625 ], [ -77.166601562499991, 3.862255859374997 ], [ -77.126855468749994, 3.906054687499989 ], [ -77.076806640624994, 3.91328125 ], [ -77.242773437499991, 3.585351562499994 ], [ -77.324414062499997, 3.474755859374994 ], [ -77.356542968749991, 3.348583984374997 ], [ -77.417138671874994, 3.341796875 ], [ -77.472216796874989, 3.233789062499994 ], [ -77.520263671875, 3.160253906249991 ], [ -77.559130859374989, 3.075976562499989 ], [ -77.63203125, 3.051171875 ], [ -77.693652343749989, 3.039941406249994 ], [ -77.700976562499989, 3.007568359375 ], [ -77.67109375, 2.919335937499994 ], [ -77.670019531249991, 2.878857421874997 ], [ -77.776660156249989, 2.787304687499997 ], [ -77.807958984374991, 2.746386718749989 ], [ -77.813574218749991, 2.716357421874989 ], [ -77.87451171875, 2.725878906249989 ], [ -77.90078125, 2.698828125 ], [ -77.932275390624994, 2.629248046874991 ], [ -77.987207031249994, 2.568994140624994 ], [ -78.030175781249994, 2.543066406249991 ], [ -78.066650390625, 2.509130859374991 ], [ -78.120019531249994, 2.488183593749994 ], [ -78.296142578125, 2.510498046875 ], [ -78.342871093749991, 2.460546875 ], [ -78.416894531249994, 2.483496093749991 ], [ -78.46044921875, 2.470068359374991 ], [ -78.534716796874989, 2.423681640624991 ], [ -78.591699218749994, 2.356640625 ], [ -78.617041015624991, 2.306787109374994 ], [ -78.628613281249997, 2.05625 ], [ -78.550439453124994, 1.923632812499989 ], [ -78.576904296875, 1.773779296874991 ], [ -78.79296875, 1.848730468749991 ], [ -78.957666015624994, 1.752197265625 ], [ -79.025439453124989, 1.623681640624994 ], [ -78.888476562499989, 1.524072265624994 ], [ -78.859667968749989, 1.455371093749989 ], [ -78.827050781249994, 1.295947265624989 ], [ -78.899658203125, 1.20625 ], [ -79.229052734374989, 1.104589843749991 ], [ -79.465380859374989, 1.06005859375 ], [ -79.613183593749994, 0.971142578124997 ], [ -79.7412109375, 0.979785156249989 ], [ -79.795849609374997, 0.922265625 ], [ -79.903515625, 0.860205078124991 ], [ -80.035937499999989, 0.834570312499991 ], [ -80.08828125, 0.784765625 ], [ -80.06103515625, 0.59228515625 ], [ -80.025, 0.41015625 ], [ -80.046142578125, 0.155371093749991 ], [ -80.133398437499991, -0.006054687500011 ], [ -80.237011718749997, -0.113085937500003 ], [ -80.3212890625, -0.165820312500003 ], [ -80.482275390624991, -0.368261718750006 ], [ -80.468310546874989, -0.43603515625 ], [ -80.384765625, -0.583984375 ], [ -80.282373046874994, -0.620507812500009 ], [ -80.3583984375, -0.625097656250006 ], [ -80.45546875, -0.58544921875 ], [ -80.505078125, -0.683789062500011 ], [ -80.55390625, -0.847949218750003 ], [ -80.623681640624994, -0.898730468750003 ], [ -80.84140625, -0.974707031250006 ], [ -80.902392578124989, -1.07890625 ], [ -80.820019531249997, -1.285839843750011 ], [ -80.801416015624994, -1.383398437500006 ], [ -80.835009765624989, -1.632421875 ], [ -80.763134765624997, -1.822949218750011 ], [ -80.760595703124991, -1.9345703125 ], [ -80.770361328124991, -2.07666015625 ], [ -80.867626953124997, -2.141210937500006 ], [ -80.962792968749994, -2.189257812500003 ], [ -80.951611328124997, -2.235449218750006 ], [ -80.932177734374989, -2.269140625 ], [ -80.8390625, -2.349023437500009 ], [ -80.684863281249989, -2.396875 ], [ -80.450097656249994, -2.6259765625 ], [ -80.378564453124994, -2.66796875 ], [ -80.284716796874989, -2.706738281250011 ], [ -80.255273437499994, -2.664648437500006 ], [ -80.248632812499991, -2.630566406250011 ], [ -80.127148437499997, -2.528417968750006 ], [ -80.053076171874991, -2.390722656250006 ], [ -80.006640624999989, -2.353808593750003 ], [ -80.030175781249994, -2.556738281250006 ], [ -79.989013671875, -2.578710937500006 ], [ -79.925585937499989, -2.548535156250011 ], [ -79.880322265624997, -2.423632812500003 ], [ -79.893408203124991, -2.145703125000011 ], [ -79.842138671874991, -2.0673828125 ], [ -79.832617187499991, -2.110546875000011 ], [ -79.839746093749994, -2.167871093750009 ], [ -79.822412109374994, -2.356542968750006 ], [ -79.745507812499994, -2.484667968750003 ], [ -79.729882812499994, -2.5791015625 ], [ -79.822705078124997, -2.776953125 ], [ -79.921582031249997, -3.090136718750003 ], [ -79.963330078124997, -3.15771484375 ], [ -80.026660156249989, -3.228125 ], [ -80.100341796875, -3.274023437500006 ], [ -80.159863281249997, -3.324316406250006 ], [ -80.303125, -3.374804687500003 ], [ -80.324658203124997, -3.387890625000011 ], [ -80.503662109375, -3.49609375 ], [ -80.652734375, -3.63818359375 ], [ -80.798583984375, -3.731054687500006 ], [ -80.891943359374991, -3.881640625 ], [ -81.23203125, -4.234277343750009 ], [ -81.283203125, -4.322265625 ], [ -81.336621093749997, -4.66953125 ], [ -81.289404296874991, -4.7607421875 ], [ -81.195068359375, -4.879492187500006 ], [ -81.108496093749991, -5.02783203125 ], [ -81.150732421874991, -5.101855468750003 ], [ -81.167675781249997, -5.167089843750006 ], [ -80.943115234375, -5.475390625 ], [ -80.881933593749991, -5.635058593750003 ], [ -80.882714843749994, -5.758984375000011 ], [ -80.9306640625, -5.8408203125 ], [ -80.991650390624997, -5.8609375 ], [ -81.091845703124989, -5.812402343750009 ], [ -81.164306640625, -5.875292968750003 ], [ -81.180517578124991, -5.9423828125 ], [ -81.142041015624997, -6.056738281250006 ], [ -81.058447265624991, -6.12939453125 ], [ -80.811621093749991, -6.2822265625 ], [ -80.110253906249994, -6.649609375000011 ], [ -79.994970703124991, -6.768945312500009 ], [ -79.9046875, -6.901660156250003 ], [ -79.761962890625, -7.066503906250006 ], [ -79.617724609374989, -7.295605468750011 ], [ -79.5888671875, -7.4189453125 ], [ -79.377246093749989, -7.835546875 ], [ -79.312841796874991, -7.923242187500009 ], [ -79.164404296874991, -8.047167968750003 ], [ -79.012255859374989, -8.210156250000011 ], [ -78.925390625, -8.404589843750003 ], [ -78.762255859374989, -8.616992187500003 ], [ -78.754589843749997, -8.740429687500011 ], [ -78.664599609374989, -8.97109375 ], [ -78.580126953124989, -9.156640625 ], [ -78.445654296874991, -9.37060546875 ], [ -78.356494140624989, -9.652050781250011 ], [ -78.275585937499997, -9.810351562500003 ], [ -78.185595703124989, -10.089062500000011 ], [ -78.095458984375, -10.260644531250009 ], [ -77.736083984375, -10.83671875 ], [ -77.664306640625, -11.022070312500006 ], [ -77.638574218749994, -11.193554687500011 ], [ -77.633203125, -11.287792968750011 ], [ -77.309912109374991, -11.532421875000011 ], [ -77.2203125, -11.663378906250003 ], [ -77.157617187499994, -11.9234375 ], [ -77.152734375, -12.060351562500003 ], [ -77.062695312499997, -12.106835937500009 ], [ -77.038134765624989, -12.172753906250009 ], [ -76.994091796874997, -12.21923828125 ], [ -76.832128906249991, -12.348730468750006 ], [ -76.758007812499997, -12.527148437500003 ], [ -76.637109375, -12.72802734375 ], [ -76.555224609374989, -12.823437500000011 ], [ -76.502148437499997, -12.984375 ], [ -76.42734375, -13.109960937500006 ], [ -76.2236328125, -13.371191406250006 ], [ -76.183935546874991, -13.515234375 ], [ -76.259228515624997, -13.802832031250006 ], [ -76.319482421874994, -13.821484375000011 ], [ -76.37646484375, -13.863085937500003 ], [ -76.297021484374994, -13.948437500000011 ], [ -76.289013671874997, -14.133105468750003 ], [ -76.175146484374991, -14.226660156250006 ], [ -76.136474609375, -14.3203125 ], [ -76.006298828124997, -14.495800781250011 ], [ -75.933886718749989, -14.63359375 ], [ -75.737695312499994, -14.784960937500003 ], [ -75.533642578124997, -14.89921875 ], [ -75.396582031249991, -15.093554687500003 ], [ -75.274560546874994, -15.178125 ], [ -75.190527343749991, -15.320117187500003 ], [ -75.104248046875, -15.411914062500003 ], [ -74.554882812499997, -15.699023437500003 ], [ -74.372900390624991, -15.833984375 ], [ -74.147070312499991, -15.9125 ], [ -73.824951171875, -16.15283203125 ], [ -73.727685546874994, -16.20166015625 ], [ -73.400048828124994, -16.304296875 ], [ -73.263769531249991, -16.388574218750009 ], [ -72.957714843749997, -16.520898437500009 ], [ -72.7939453125, -16.614550781250003 ], [ -72.467675781249994, -16.708105468750006 ], [ -72.3625, -16.775 ], [ -72.268603515624989, -16.876171875000011 ], [ -72.111279296874997, -17.002539062500006 ], [ -71.966894531249991, -17.0640625 ], [ -71.868359375, -17.151074218750011 ], [ -71.774462890624989, -17.198828125 ], [ -71.5322265625, -17.294335937500009 ], [ -71.435888671874991, -17.366015625 ], [ -71.3994140625, -17.421972656250006 ], [ -71.364941406249997, -17.620507812500009 ], [ -71.336962890624989, -17.682519531250009 ], [ -71.056591796874997, -17.875683593750011 ], [ -70.941699218749989, -17.93203125 ], [ -70.817480468749991, -18.052539062500003 ], [ -70.491601562499994, -18.277734375 ], [ -70.418261718749989, -18.345605468750009 ], [ -70.361621093749989, -18.398046875 ], [ -70.336083984374994, -18.59521484375 ], [ -70.334863281249994, -18.827539062500009 ], [ -70.27578125, -19.267578125 ], [ -70.210400390624997, -19.486914062500006 ], [ -70.198339843749991, -19.612988281250011 ], [ -70.157421875, -19.705859375 ], [ -70.148144531249997, -19.805078125 ], [ -70.1474609375, -20.229785156250003 ], [ -70.193652343749989, -20.531445312500011 ], [ -70.197021484375, -20.725390625 ], [ -70.08837890625, -21.253222656250003 ], [ -70.080029296874997, -21.356835937500009 ], [ -70.087548828124994, -21.493066406250009 ], [ -70.129589843749997, -21.640820312500011 ], [ -70.155078124999989, -21.866601562500009 ], [ -70.185449218749994, -21.974609375 ], [ -70.228515625, -22.193164062500003 ], [ -70.259521484375, -22.556054687500009 ], [ -70.331689453124994, -22.8486328125 ], [ -70.38916015625, -22.969628906250009 ], [ -70.449658203124997, -23.0341796875 ], [ -70.563183593749997, -23.05703125 ], [ -70.56884765625, -23.17333984375 ], [ -70.593359375, -23.25546875 ], [ -70.588134765625, -23.368359375000011 ], [ -70.511962890625, -23.4828125 ], [ -70.419628906249997, -23.528515625000011 ], [ -70.392333984375, -23.56591796875 ], [ -70.409960937499989, -23.655566406250003 ], [ -70.48779296875, -23.78173828125 ], [ -70.507421875, -23.8857421875 ], [ -70.520068359374989, -23.968554687500003 ], [ -70.507421875, -24.1296875 ], [ -70.546435546874989, -24.331640625 ], [ -70.574121093749994, -24.644335937500003 ], [ -70.558642578124989, -24.778515625000011 ], [ -70.445361328124989, -25.17265625 ], [ -70.452197265624989, -25.251855468750009 ], [ -70.489501953125, -25.37646484375 ], [ -70.578125, -25.4875 ], [ -70.633007812499997, -25.545605468750011 ], [ -70.713720703124991, -25.7841796875 ], [ -70.699609375, -25.861132812500003 ], [ -70.635449218749997, -25.99267578125 ], [ -70.662255859374994, -26.225390625 ], [ -70.646582031249991, -26.329394531250003 ], [ -70.686962890624997, -26.421777343750009 ], [ -70.708398437499994, -26.596972656250003 ], [ -70.802929687499997, -26.840917968750006 ], [ -70.812744140625, -26.950585937500009 ], [ -70.897900390624997, -27.1875 ], [ -70.914257812499997, -27.307910156250003 ], [ -70.909277343749991, -27.505175781250003 ], [ -70.92578125, -27.588671875 ], [ -70.94580078125, -27.617871093750011 ], [ -71.052636718749994, -27.72734375 ], [ -71.086523437499991, -27.814453125 ], [ -71.154492187499997, -28.0640625 ], [ -71.186425781249994, -28.377832031250009 ], [ -71.266845703125, -28.507519531250011 ], [ -71.306738281249991, -28.672460937500006 ], [ -71.384082031249989, -28.778710937500009 ], [ -71.493603515624997, -28.855273437500003 ], [ -71.519238281249997, -28.926464843750011 ], [ -71.48583984375, -29.1982421875 ], [ -71.353271484375, -29.350390625 ], [ -71.326708984374989, -29.443164062500003 ], [ -71.315722656249989, -29.649707031250003 ], [ -71.348046875, -29.933203125 ], [ -71.400390625, -30.14296875 ], [ -71.669482421874989, -30.330371093750003 ], [ -71.708935546874997, -30.628027343750006 ], [ -71.705664062499991, -30.75927734375 ], [ -71.65390625, -30.986621093750003 ], [ -71.661962890624991, -31.16953125 ], [ -71.577294921874994, -31.496386718750003 ], [ -71.52587890625, -31.805859375000011 ], [ -71.513037109374991, -32.207910156250009 ], [ -71.421289062499994, -32.386816406250006 ], [ -71.46142578125, -32.537890625 ], [ -71.452246093749991, -32.659570312500009 ], [ -71.592041015625, -32.96953125 ], [ -71.635546874999989, -33.022558593750006 ], [ -71.742968749999989, -33.095117187500009 ], [ -71.696582031249989, -33.2890625 ], [ -71.695507812499997, -33.429003906250003 ], [ -71.636279296874989, -33.519238281250011 ], [ -71.664355468749989, -33.652636718750003 ], [ -71.830957031249994, -33.819531250000011 ], [ -71.853955078124997, -33.889550781250009 ], [ -71.926855468749991, -34.015625 ], [ -72.002832031249994, -34.165332031250003 ], [ -71.991503906249989, -34.288476562500009 ], [ -72.03076171875, -34.420507812500006 ], [ -72.055957031249989, -34.615820312500006 ], [ -72.182421874999989, -34.920214843750003 ], [ -72.223779296874994, -35.09619140625 ], [ -72.38671875, -35.240429687500011 ], [ -72.454980468749994, -35.3408203125 ], [ -72.505175781249989, -35.446972656250011 ], [ -72.562060546874989, -35.50537109375 ], [ -72.623925781249994, -35.585742187500003 ], [ -72.587353515624997, -35.759667968750009 ], [ -72.683398437499989, -35.876953125 ], [ -72.778417968749991, -35.978515625 ], [ -72.874560546874989, -36.390429687500003 ], [ -72.967822265624989, -36.537792968750011 ], [ -73.006591796875, -36.643457031250009 ], [ -73.118066406249994, -36.688378906250009 ], [ -73.137792968749991, -36.799902343750006 ], [ -73.151269531249994, -36.876171875000011 ], [ -73.1728515625, -37.053515625 ], [ -73.215966796874994, -37.166894531250009 ], [ -73.27109375, -37.207421875 ], [ -73.374560546874989, -37.224316406250011 ], [ -73.601660156249991, -37.1884765625 ], [ -73.633642578124991, -37.25546875 ], [ -73.662402343749989, -37.341015625000011 ], [ -73.603417968749994, -37.479101562500006 ], [ -73.664599609374989, -37.590429687500006 ], [ -73.661816406249997, -37.698535156250003 ], [ -73.516748046874994, -37.910546875 ], [ -73.464794921874997, -38.040332031250017 ], [ -73.471875, -38.130078125000011 ], [ -73.532568359374991, -38.366796875 ], [ -73.520214843749997, -38.509375 ], [ -73.480761718749989, -38.6240234375 ], [ -73.226464843749994, -39.224414062500017 ], [ -73.249902343749994, -39.42236328125 ], [ -73.410400390625, -39.789160156250006 ], [ -73.482226562499989, -39.854296875000017 ], [ -73.670996093749991, -39.963183593750017 ], [ -73.66943359375, -40.082324218750017 ], [ -73.742480468749989, -40.262988281250017 ], [ -73.784033203124991, -40.468457031250011 ], [ -73.9203125, -40.87158203125 ], [ -73.98359375, -40.974316406250011 ], [ -73.965869140624989, -41.118261718750006 ], [ -73.876171875, -41.3193359375 ], [ -73.855029296874989, -41.446386718750006 ], [ -73.810742187499997, -41.517480468749994 ], [ -73.710644531249997, -41.573632812499994 ], [ -73.623925781249994, -41.581347656250017 ], [ -73.625048828124989, -41.611914062500006 ], [ -73.688085937499991, -41.639257812500006 ], [ -73.721875, -41.692480468750006 ], [ -73.735156249999989, -41.742480468750017 ], [ -73.6240234375, -41.773632812500011 ], [ -73.521289062499989, -41.797070312500011 ], [ -73.241796875, -41.780859375 ], [ -73.174072265625, -41.74658203125 ], [ -73.014990234374991, -41.543847656249994 ], [ -72.952832031249997, -41.514746093750006 ], [ -72.879980468749991, -41.517578125 ], [ -72.805126953124997, -41.544335937499994 ], [ -72.669775390624991, -41.659375 ], [ -72.600830078125, -41.68408203125 ], [ -72.542382812499994, -41.690625 ], [ -72.427734375, -41.645898437499994 ], [ -72.359472656249991, -41.513867187500011 ], [ -72.318261718749994, -41.4990234375 ], [ -72.360400390624989, -41.649121093750011 ], [ -72.486035156249997, -41.722070312499994 ], [ -72.659863281249997, -41.742480468750017 ], [ -72.743701171874989, -41.800585937500017 ], [ -72.783837890624994, -41.846777343750006 ], [ -72.824072265624991, -41.908789062500006 ], [ -72.781201171874997, -41.959570312500006 ], [ -72.738183593749994, -41.99462890625 ], [ -72.623974609374997, -42.010546875000017 ], [ -72.499414062499994, -41.980859375 ], [ -72.460107421874994, -42.206640625 ], [ -72.412353515625, -42.38818359375 ], [ -72.430273437499991, -42.433886718750017 ], [ -72.5484375, -42.255761718749994 ], [ -72.631054687499997, -42.199804687500006 ], [ -72.707373046874991, -42.220507812500017 ], [ -72.773242187499989, -42.257714843749994 ], [ -72.78515625, -42.30126953125 ], [ -72.71630859375, -42.410449218750017 ], [ -72.6318359375, -42.509667968749994 ], [ -72.654833984374989, -42.5166015625 ], [ -72.77392578125, -42.505175781250017 ], [ -72.848046875, -42.669140625000011 ], [ -72.844970703125, -42.808007812499994 ], [ -72.766015625, -42.908203125 ], [ -72.75537109375, -42.992968750000017 ], [ -72.758007812499997, -43.039453125 ], [ -72.878027343749991, -43.048144531250017 ], [ -72.915478515624997, -43.133593750000017 ], [ -72.939990234374989, -43.211328125 ], [ -73.075976562499989, -43.323632812499994 ], [ -73.100976562499994, -43.455175781250006 ], [ -72.99658203125, -43.631542968750011 ], [ -73.068798828124997, -43.862011718750011 ], [ -73.224462890624991, -43.89794921875 ], [ -73.24072265625, -44.065722656250017 ], [ -73.265087890624997, -44.168652343750011 ], [ -73.140966796874991, -44.2375 ], [ -73.001025390624989, -44.292382812499994 ], [ -72.827539062499994, -44.395410156249994 ], [ -72.663867187499989, -44.436425781249994 ], [ -72.680078125, -44.593945312500011 ], [ -72.738964843749997, -44.734179687500017 ], [ -73.078417968749989, -44.920214843750017 ], [ -73.256445312499991, -44.961035156250006 ], [ -73.362451171874994, -44.978222656250011 ], [ -73.404882812499991, -45.102343750000017 ], [ -73.444970703124994, -45.238183593749994 ], [ -73.226367187499989, -45.255175781250017 ], [ -73.063867187499994, -45.359765625 ], [ -72.975537109374997, -45.392578125 ], [ -72.940820312499994, -45.417285156250017 ], [ -72.933837890625, -45.452343750000011 ], [ -72.978173828124994, -45.451171875 ], [ -73.20234375, -45.353808593750017 ], [ -73.266210937499991, -45.34619140625 ], [ -73.378564453124994, -45.3828125 ], [ -73.549902343749991, -45.483789062499994 ], [ -73.730761718749989, -45.47998046875 ], [ -73.780371093749991, -45.6279296875 ], [ -73.756591796875, -45.702832031250011 ], [ -73.661962890624991, -45.730761718750017 ], [ -73.594335937499991, -45.77685546875 ], [ -73.591845703124989, -45.899121093750011 ], [ -73.629443359374989, -45.986523437500011 ], [ -73.651660156249989, -46.159277343750006 ], [ -73.668212890625, -46.212109375000011 ], [ -73.662060546874997, -46.297460937500006 ], [ -73.716210937499994, -46.415234375000011 ], [ -73.770263671875, -46.499804687500017 ], [ -73.845361328124994, -46.566015625 ], [ -73.94375, -46.571582031250017 ], [ -73.948632812499994, -46.533105468749994 ], [ -73.934814453125, -46.500683593750011 ], [ -73.810644531249991, -46.37734375 ], [ -73.708154296874994, -46.0703125 ], [ -73.707910156249994, -45.966699218749994 ], [ -73.694873046874989, -45.859570312500011 ], [ -73.735253906249994, -45.811718750000011 ], [ -73.812548828124989, -45.818164062500017 ], [ -73.878710937499989, -45.846875 ], [ -73.92919921875, -46.049902343750006 ], [ -73.967578124999989, -46.154101562500017 ], [ -74.089746093749994, -46.222363281250011 ], [ -74.213134765625, -46.239453125000011 ], [ -74.372460937499994, -46.246289062500011 ], [ -74.39296875, -46.217382812500006 ], [ -74.356787109374991, -46.212695312500017 ], [ -74.08154296875, -46.1318359375 ], [ -74.019921875, -46.055859375000011 ], [ -74.06103515625, -45.947363281250006 ], [ -73.99951171875, -45.895312500000017 ], [ -73.960253906249989, -45.835253906250017 ], [ -73.88232421875, -45.5693359375 ], [ -73.844140625, -45.50244140625 ], [ -73.825, -45.446875 ], [ -73.9203125, -45.40771484375 ], [ -73.957177734374994, -45.404394531250006 ], [ -74.037548828124997, -45.417675781250011 ], [ -74.098925781249989, -45.460351562499994 ], [ -74.122705078124994, -45.496191406250006 ], [ -74.099267578124994, -45.603417968749994 ], [ -74.08251953125, -45.644726562500011 ], [ -74.081835937499989, -45.678320312500006 ], [ -74.09619140625, -45.716796875 ], [ -74.157861328124994, -45.7671875 ], [ -74.301171875, -45.803027343750017 ], [ -74.369140625, -45.809667968750006 ], [ -74.462792968749994, -45.840722656249994 ], [ -74.630664062499989, -45.8447265625 ], [ -74.763134765624997, -45.823632812499994 ], [ -75.066699218749989, -45.874902343749994 ], [ -75.074511718749989, -46.004492187500006 ], [ -74.99765625, -46.09765625 ], [ -74.924462890624994, -46.15966796875 ], [ -75.074853515624994, -46.234570312500011 ], [ -75.247021484374997, -46.369335937500011 ], [ -75.376025390624989, -46.429101562499994 ], [ -75.436914062499994, -46.483007812500006 ], [ -75.656787109374989, -46.6103515625 ], [ -75.706396484374991, -46.705273437500011 ], [ -75.708105468749991, -46.775 ], [ -75.63525390625, -46.86279296875 ], [ -75.496630859374989, -46.940136718750011 ], [ -75.430371093749997, -46.9345703125 ], [ -75.401220703124991, -46.905664062499994 ], [ -75.386425781249997, -46.862695312499994 ], [ -75.445996093749997, -46.750781250000017 ], [ -75.527587890625, -46.746386718750017 ], [ -75.565087890624994, -46.728710937500011 ], [ -75.540332031249989, -46.69873046875 ], [ -75.478417968749994, -46.662402343750017 ], [ -75.33740234375, -46.647070312500006 ], [ -75.145751953125, -46.60009765625 ], [ -75.01875, -46.510546875000017 ], [ -74.984179687499989, -46.512109375 ], [ -75.052539062499989, -46.628027343750006 ], [ -75.031445312499997, -46.6953125 ], [ -75.005957031249991, -46.741113281249994 ], [ -74.810644531249991, -46.799707031249994 ], [ -74.690820312499994, -46.863964843750011 ], [ -74.512255859374989, -46.88515625 ], [ -74.480175781249997, -46.885839843750006 ], [ -74.466992187499997, -46.864355468750006 ], [ -74.489355468749991, -46.834570312500006 ], [ -74.484423828124989, -46.795019531250006 ], [ -74.454199218749991, -46.766796875000011 ], [ -74.313574218749991, -46.788183593750006 ], [ -74.20947265625, -46.884765625 ], [ -74.151904296874989, -46.974414062500017 ], [ -74.208056640624989, -47.083105468750006 ], [ -74.158398437499997, -47.182519531249994 ], [ -74.215673828124991, -47.209570312500006 ], [ -74.403271484374997, -47.327539062499994 ], [ -74.482666015625, -47.430468750000017 ], [ -74.323681640624997, -47.531445312500011 ], [ -74.242919921875, -47.559667968750006 ], [ -74.191015625, -47.568359375 ], [ -74.134082031249989, -47.5908203125 ], [ -74.151953125, -47.626660156250011 ], [ -74.242968749999989, -47.679296875 ], [ -74.322558593749989, -47.666699218750011 ], [ -74.403564453125, -47.600390625000017 ], [ -74.466894531249991, -47.57763671875 ], [ -74.533789062499991, -47.567675781250017 ], [ -74.588427734374989, -47.617968750000017 ], [ -74.654931640624994, -47.702246093750006 ], [ -74.60888671875, -47.758007812500011 ], [ -74.569238281249994, -47.77294921875 ], [ -74.4296875, -47.799609375000017 ], [ -74.376220703125, -47.8296875 ], [ -74.379345703124997, -47.891210937500006 ], [ -74.3505859375, -47.9443359375 ], [ -74.22705078125, -47.968945312500011 ], [ -74.084765624999989, -47.9546875 ], [ -73.940869140624997, -47.929394531250011 ], [ -73.8466796875, -47.866992187500017 ], [ -73.779248046874997, -47.738476562500011 ], [ -73.748242187499997, -47.661328125000011 ], [ -73.715869140624989, -47.655468750000011 ], [ -73.635107421874991, -47.88037109375 ], [ -73.62890625, -47.941503906250006 ], [ -73.609912109374989, -47.993945312500017 ], [ -73.569580078125, -48.019335937500017 ], [ -73.5009765625, -48.106640625000011 ], [ -73.391064453124997, -48.145898437499994 ], [ -73.384472656249997, -48.17734375 ], [ -73.528173828124991, -48.1982421875 ], [ -73.853808593749989, -48.042187500000011 ], [ -74.250439453124997, -48.044921875 ], [ -74.400488281249991, -48.013085937499994 ], [ -74.584667968749997, -47.9990234375 ], [ -74.590722656249994, -48.161914062500017 ], [ -74.577197265624989, -48.2744140625 ], [ -74.499414062499994, -48.3623046875 ], [ -74.474414062499989, -48.463964843750006 ], [ -74.34296875, -48.492578125 ], [ -74.270068359374989, -48.45458984375 ], [ -74.171533203124994, -48.427441406250011 ], [ -74.009082031249989, -48.475 ], [ -74.056933593749989, -48.503613281250011 ], [ -74.129296875, -48.504199218750017 ], [ -74.176220703124997, -48.494140625 ], [ -74.227685546874994, -48.516992187499994 ], [ -74.341015625, -48.595703125 ], [ -74.382128906249989, -48.793652343750011 ], [ -74.379980468749991, -49.0478515625 ], [ -74.358154296875, -49.351367187500017 ], [ -74.366552734374991, -49.400488281250006 ], [ -74.348535156249994, -49.42626953125 ], [ -74.301513671875, -49.463964843750006 ], [ -74.221289062499991, -49.500585937500006 ], [ -74.1845703125, -49.404394531250006 ], [ -74.167871093749994, -49.320507812500011 ], [ -74.139794921874994, -49.25048828125 ], [ -74.073876953124994, -49.188378906249994 ], [ -74.061328124999989, -49.111035156250011 ], [ -74.027734375, -49.026171875000017 ], [ -73.934960937499994, -49.020898437499994 ], [ -73.937890625, -49.046093750000011 ], [ -73.984765625, -49.059960937499994 ], [ -74.015380859375, -49.090917968750006 ], [ -74.005615234375, -49.158007812500017 ], [ -74.0234375, -49.244140625 ], [ -74.04921875, -49.3056640625 ], [ -74.08349609375, -49.36181640625 ], [ -74.094433593749997, -49.4296875 ], [ -73.988037109375, -49.490917968750011 ], [ -73.892480468749994, -49.5234375 ], [ -73.836376953124997, -49.609375 ], [ -73.891552734374997, -49.623730468750011 ], [ -73.955517578124997, -49.593066406250017 ], [ -74.102001953124997, -49.555371093750011 ], [ -74.230371093749994, -49.579296875000011 ], [ -74.290820312499989, -49.604101562500006 ], [ -74.31875, -49.720117187499994 ], [ -74.323925781249997, -49.783398437500011 ], [ -74.171337890624997, -49.907324218750006 ], [ -74.073291015624989, -49.948535156250017 ], [ -74.01123046875, -49.928515625000017 ], [ -73.95859375, -49.994726562500006 ], [ -74.019433593749994, -50.022753906250017 ], [ -74.333740234375, -49.974609375 ], [ -74.434326171875, -50.065234375000017 ], [ -74.629589843749997, -50.194042968750011 ], [ -74.516406249999989, -50.265625 ], [ -74.425097656249989, -50.350195312500006 ], [ -74.374121093749991, -50.362988281250011 ], [ -74.305566406249994, -50.398046875 ], [ -74.031054687499989, -50.469824218750006 ], [ -73.950341796874994, -50.510546875000017 ], [ -74.185595703124989, -50.4853515625 ], [ -74.197216796874997, -50.609765625 ], [ -74.164111328124989, -50.637890625000011 ], [ -74.096728515624989, -50.717089843750017 ], [ -73.97802734375, -50.827050781249994 ], [ -73.891503906249994, -50.78271484375 ], [ -73.750195312499997, -50.539843750000017 ], [ -73.679931640625, -50.490234375 ], [ -73.654443359374994, -50.49267578125 ], [ -73.693261718749994, -50.570019531250011 ], [ -73.613964843749997, -50.6279296875 ], [ -73.6181640625, -50.651171875000017 ], [ -73.659033203124991, -50.650683593750017 ], [ -73.740576171874991, -50.696679687499994 ], [ -73.824609375, -50.835839843749994 ], [ -73.806542968749994, -50.938378906249994 ], [ -73.847460937499989, -50.940039062500006 ], [ -74.139404296875, -50.817773437499994 ], [ -74.156103515624991, -50.797460937500006 ], [ -74.190185546875, -50.778027343750011 ], [ -74.331445312499994, -50.5595703125 ], [ -74.365576171874991, -50.487890625 ], [ -74.564111328124994, -50.382031250000011 ], [ -74.644482421874997, -50.3609375 ], [ -74.7216796875, -50.408496093750017 ], [ -74.77587890625, -50.469921875000011 ], [ -74.702050781249994, -50.535351562500011 ], [ -74.64892578125, -50.618457031250017 ], [ -74.685742187499997, -50.662011718749994 ], [ -74.836621093749997, -50.678906250000011 ], [ -75.094677734374997, -50.68125 ], [ -75.055322265624994, -50.785546875 ], [ -74.983105468749997, -50.881054687500011 ], [ -74.814746093749989, -51.062890625 ], [ -74.690087890624994, -51.086523437500006 ], [ -74.586865234374997, -51.130664062500017 ], [ -74.507861328124989, -51.149609375000011 ], [ -74.414355468749989, -51.1625 ], [ -74.332324218749989, -51.195019531250011 ], [ -74.210498046874989, -51.20458984375 ], [ -74.121240234374994, -51.195410156250006 ], [ -73.939501953124989, -51.266308593750011 ], [ -73.895898437499994, -51.331445312499994 ], [ -73.929785156249991, -51.617871093750011 ], [ -74.069580078125, -51.578710937500006 ], [ -74.196679687499994, -51.680566406249994 ], [ -74.146435546874997, -51.712109375000011 ], [ -73.973242187499991, -51.784472656250017 ], [ -73.894433593749994, -51.7578125 ], [ -73.857568359374994, -51.789941406249994 ], [ -73.810644531249991, -51.801171875 ], [ -73.752636718749997, -51.795507812500006 ], [ -73.650292968749994, -51.85625 ], [ -73.582324218749989, -51.960351562499994 ], [ -73.518164062499991, -52.041015625 ], [ -73.383251953124997, -52.070019531250011 ], [ -73.188671875, -51.990625 ], [ -72.928369140624994, -51.85986328125 ], [ -72.600048828124997, -51.799121093750017 ], [ -72.583300781249989, -51.7373046875 ], [ -72.649072265624994, -51.695019531250011 ], [ -72.70458984375, -51.677929687500011 ], [ -72.789355468749989, -51.6142578125 ], [ -73.114990234375, -51.504492187500006 ], [ -73.163378906249989, -51.49560546875 ], [ -73.197021484375, -51.47802734375 ], [ -73.16875, -51.453906250000017 ], [ -73.126757812499989, -51.43994140625 ], [ -72.76123046875, -51.5732421875 ], [ -72.542529296874989, -51.706152343750006 ], [ -72.489648437499994, -51.763671875 ], [ -72.494140625, -51.847558593749994 ], [ -72.522851562499994, -51.890917968750017 ], [ -72.624609375, -51.946484375000011 ], [ -72.624755859375, -52.006933593750006 ], [ -72.613574218749989, -52.037011718749994 ], [ -72.524121093749997, -52.1703125 ], [ -72.519335937499989, -52.217089843750017 ], [ -72.523339843749994, -52.25546875 ], [ -72.532910156249997, -52.282324218750006 ], [ -72.568701171874991, -52.333984375 ], [ -72.631494140624994, -52.37158203125 ], [ -72.677050781249989, -52.384667968749994 ], [ -72.714013671874994, -52.356738281250017 ], [ -72.693603515625, -52.330273437500011 ], [ -72.583447265624997, -52.254199218750017 ], [ -72.570849609374989, -52.200097656249994 ], [ -72.587988281249991, -52.145117187500006 ], [ -72.649560546874994, -52.099902343750017 ], [ -72.69482421875, -52.044726562500017 ], [ -72.695458984374994, -51.985156250000017 ], [ -72.735400390624989, -51.960546875 ], [ -72.795019531249991, -51.949511718750017 ], [ -72.843212890624997, -51.961132812500011 ], [ -72.943701171874991, -52.046875 ], [ -73.137353515624994, -52.129687500000017 ], [ -73.260449218749997, -52.1578125 ], [ -73.326757812499991, -52.165917968749994 ], [ -73.457958984374997, -52.14599609375 ], [ -73.5322265625, -52.153125 ], [ -73.649023437499991, -52.077734375 ], [ -73.684326171875, -52.077734375 ], [ -73.685400390624991, -52.13671875 ], [ -73.702783203124994, -52.198828125 ], [ -73.749121093749991, -52.216015625000011 ], [ -73.83447265625, -52.233984375 ], [ -74.040234375, -52.1591796875 ], [ -74.133544921875, -52.15478515625 ], [ -74.194921875, -52.120214843750006 ], [ -74.264941406249989, -52.104882812499994 ], [ -74.295654296875, -52.117871093750011 ], [ -74.265966796874991, -52.171289062499994 ], [ -74.238476562499997, -52.202343750000011 ], [ -74.176562499999989, -52.317187500000017 ], [ -74.150830078124997, -52.382519531250011 ], [ -74.093505859375, -52.376269531250017 ], [ -74.037353515625, -52.402929687500006 ], [ -73.999902343749994, -52.512597656249994 ], [ -74.035839843749997, -52.577246093750006 ], [ -74.014453124999989, -52.639355468750011 ], [ -73.914697265624994, -52.688183593750011 ], [ -73.710839843749994, -52.661523437499994 ], [ -73.585693359375, -52.685742187500011 ], [ -73.382128906249989, -52.595117187499994 ], [ -73.244140625, -52.6240234375 ], [ -73.178173828124997, -52.562695312500011 ], [ -73.183789062499997, -52.487890625 ], [ -73.123925781249994, -52.487988281250011 ], [ -73.073193359374997, -52.535058593749994 ], [ -73.144824218749989, -52.601953125 ], [ -73.240820312499991, -52.707128906250006 ], [ -73.345947265625, -52.754296875 ], [ -73.645214843749997, -52.837011718750006 ], [ -73.507519531249997, -52.903515625000011 ], [ -73.459863281249994, -52.96484375 ], [ -73.338183593749989, -53.0546875 ], [ -73.122460937499994, -53.073925781250011 ], [ -73.055468749999989, -53.045605468750011 ], [ -73.022998046874989, -53.022070312500006 ], [ -73.01611328125, -52.977441406249994 ], [ -73.020263671875, -52.891796875000011 ], [ -72.931884765625, -52.781640625 ], [ -72.801904296874994, -52.71240234375 ], [ -72.766015625, -52.642578125 ], [ -72.7765625, -52.577441406250017 ], [ -72.712109375, -52.535546875 ], [ -72.644824218749989, -52.529101562500017 ], [ -72.50439453125, -52.56005859375 ], [ -72.478271484375, -52.60400390625 ], [ -72.437695312499997, -52.625781250000017 ], [ -72.315380859374997, -52.53857421875 ], [ -72.225683593749991, -52.52099609375 ], [ -71.811914062499994, -52.537011718749994 ], [ -71.664746093749997, -52.56005859375 ], [ -71.511279296874989, -52.605371093749994 ], [ -71.554150390624997, -52.643945312499994 ], [ -71.591210937499994, -52.660742187500006 ], [ -71.797070312499997, -52.682812500000011 ], [ -71.979296874999989, -52.64609375 ], [ -72.117578125, -52.65 ], [ -72.453466796874991, -52.814453125 ], [ -72.626611328124994, -52.817578125000011 ], [ -72.632080078125, -52.773828125 ], [ -72.675976562499997, -52.7490234375 ], [ -72.727685546874994, -52.762304687500006 ], [ -72.831884765624991, -52.819531250000011 ], [ -72.88916015625, -52.87158203125 ], [ -72.909912109375, -52.9365234375 ], [ -72.91552734375, -53.121972656249994 ], [ -72.998242187499997, -53.17724609375 ], [ -73.052734375, -53.243457031250017 ], [ -72.998388671874991, -53.290722656250011 ], [ -72.726806640625, -53.420019531250006 ], [ -72.548925781249991, -53.460742187500017 ], [ -72.530810546874989, -53.371679687500006 ], [ -72.492578125, -53.290625 ], [ -72.458300781249989, -53.254492187500006 ], [ -72.278027343749997, -53.13232421875 ], [ -72.129101562499997, -53.064355468749994 ], [ -71.897998046874989, -53.001757812500017 ], [ -71.387744140624989, -52.764257812500006 ], [ -71.227148437499991, -52.810644531250006 ], [ -71.155078124999989, -52.845605468749994 ], [ -71.16328125, -52.888085937499994 ], [ -71.180224609374989, -52.920507812500006 ], [ -71.288964843749994, -53.03369140625 ], [ -71.400341796874997, -53.10703125 ], [ -71.740527343749989, -53.232617187500011 ], [ -71.791455078124997, -53.484570312500011 ], [ -71.891699218749991, -53.523535156250006 ], [ -71.902783203124997, -53.495507812499994 ], [ -71.867333984374994, -53.458398437499994 ], [ -71.828222656249991, -53.398339843749994 ], [ -71.852734375, -53.285742187500006 ], [ -71.941699218749989, -53.234082031250011 ], [ -72.081152343749991, -53.249609375 ], [ -72.248632812499991, -53.246679687500006 ], [ -72.306054687499994, -53.253710937500017 ], [ -72.412890624999989, -53.350195312500006 ], [ -72.398242187499989, -53.417773437500017 ], [ -72.376806640624991, -53.47119140625 ], [ -72.174414062499991, -53.63232421875 ], [ -72.100927734374991, -53.665820312500017 ], [ -71.871875, -53.72265625 ], [ -71.693798828124997, -53.803125 ], [ -71.443896484374989, -53.840917968750006 ], [ -71.297753906249994, -53.883398437500006 ], [ -71.082812499999989, -53.825 ], [ -70.995849609375, -53.779296875 ], [ -70.947802734374989, -53.570410156250006 ], [ -70.985107421875, -53.448339843750006 ], [ -70.984326171874997, -53.373632812500006 ], [ -70.952050781249994, -53.226953125 ], [ -70.821191406249994, -52.963085937500011 ], [ -70.8390625, -52.889550781249994 ], [ -70.795117187499997, -52.76875 ], [ -70.680322265624994, -52.7125 ], [ -70.562939453124997, -52.6734375 ], [ -70.390966796874991, -52.660839843750011 ], [ -69.9072265625, -52.513574218749994 ], [ -69.763330078124994, -52.505566406250011 ], [ -69.6203125, -52.464746093749994 ], [ -69.560595703124989, -52.421582031250011 ], [ -69.446875, -52.269433593749994 ], [ -69.241015624999989, -52.20546875 ], [ -69.1337890625, -52.21142578125 ], [ -69.007226562499994, -52.2626953125 ], [ -68.443359375, -52.356640625000011 ], [ -68.39375, -52.30703125 ], [ -68.493505859374991, -52.197558593750017 ], [ -68.690820312499994, -52.013085937499994 ], [ -68.916796874999989, -51.714648437500017 ], [ -68.96533203125, -51.677148437499994 ], [ -69.032519531249989, -51.63623046875 ], [ -69.180126953124997, -51.662304687500011 ], [ -69.313037109374989, -51.60107421875 ], [ -69.409082031249994, -51.610253906249994 ], [ -69.465429687499991, -51.58447265625 ], [ -69.360546875, -51.559472656249994 ], [ -69.218066406249989, -51.561230468750011 ], [ -69.058300781249997, -51.547167968750017 ], [ -69.035302734374994, -51.488964843750011 ], [ -69.029589843749989, -51.446484375000011 ], [ -69.065722656249989, -51.303515625000017 ], [ -69.143505859374997, -51.096972656250017 ], [ -69.201025390624991, -50.99365234375 ], [ -69.26796875, -51.006152343750017 ], [ -69.351757812499997, -51.045800781249994 ], [ -69.35859375, -51.028125 ], [ -69.235156249999989, -50.950585937499994 ], [ -69.154980468749997, -50.864453125000011 ], [ -69.141406249999989, -50.752539062500006 ], [ -69.090185546874991, -50.583105468750006 ], [ -69.044775390624991, -50.499121093750006 ], [ -68.939453125, -50.38232421875 ], [ -68.749853515624991, -50.281152343749994 ], [ -68.58935546875, -50.225195312500006 ], [ -68.465429687499991, -50.194726562499994 ], [ -68.421875, -50.157910156250011 ], [ -68.473730468749991, -50.09140625 ], [ -68.532568359374991, -50.0361328125 ], [ -68.597949218749989, -50.009472656250011 ], [ -68.752685546875, -49.987695312499994 ], [ -68.979589843749991, -50.003027343750006 ], [ -68.912988281249994, -49.96875 ], [ -68.66162109375, -49.935742187500011 ], [ -68.638476562499989, -49.862988281250011 ], [ -68.672656249999989, -49.79345703125 ], [ -68.667578125, -49.752539062500006 ], [ -68.569287109374997, -49.866992187500017 ], [ -68.487890625, -49.977929687499994 ], [ -68.404638671874991, -50.042675781250011 ], [ -68.257226562499994, -50.104589843750006 ], [ -68.145654296874994, -50.09140625 ], [ -67.913964843749994, -49.984472656250006 ], [ -67.825976562499989, -49.919628906250011 ], [ -67.783496093749989, -49.85888671875 ], [ -67.661962890624991, -49.3421875 ], [ -67.693701171874991, -49.304003906250017 ], [ -67.684863281249989, -49.246679687500006 ], [ -67.46630859375, -48.951757812500006 ], [ -67.263330078124994, -48.814257812500017 ], [ -67.130957031249991, -48.687890625 ], [ -67.033105468749994, -48.627734375000017 ], [ -66.7828125, -48.52294921875 ], [ -66.596289062499991, -48.41953125 ], [ -66.393359374999989, -48.342382812500006 ], [ -66.0171875, -48.084277343750017 ], [ -65.943408203124989, -48.019335937500017 ], [ -65.912158203124989, -47.976757812500011 ], [ -65.81005859375, -47.941113281250011 ], [ -65.863671875, -47.853222656250011 ], [ -65.934228515624994, -47.826757812500006 ], [ -66.097363281249997, -47.853222656250011 ], [ -66.17236328125, -47.857617187500011 ], [ -66.225244140624994, -47.826757812500006 ], [ -66.040625, -47.783300781250006 ], [ -65.886328125, -47.7015625 ], [ -65.814306640624991, -47.63818359375 ], [ -65.775390625, -47.568359375 ], [ -65.738085937499989, -47.344921875000011 ], [ -65.769091796874989, -47.256738281249994 ], [ -65.853662109374994, -47.15673828125 ], [ -65.99853515625, -47.09375 ], [ -66.650390625, -47.0453125 ], [ -66.77685546875, -47.005859375 ], [ -67.386621093749994, -46.553808593750006 ], [ -67.506445312499991, -46.442773437499994 ], [ -67.563378906249994, -46.345410156250011 ], [ -67.586083984374994, -46.26953125 ], [ -67.60888671875, -46.166796875000017 ], [ -67.599560546874997, -46.052539062500017 ], [ -67.556640625, -45.970117187499994 ], [ -67.393017578124997, -45.775585937500011 ], [ -67.257617187499989, -45.577246093750006 ], [ -66.94140625, -45.25732421875 ], [ -66.882470703124994, -45.227636718750006 ], [ -66.585058593749991, -45.182910156250017 ], [ -66.533447265625, -45.1578125 ], [ -66.493603515624997, -45.117578125 ], [ -66.347753906249991, -45.03359375 ], [ -66.190136718749997, -44.964746093749994 ], [ -65.757714843749994, -45.007128906250017 ], [ -65.638769531249991, -45.0078125 ], [ -65.605712890625, -44.945019531250011 ], [ -65.59912109375, -44.875585937500006 ], [ -65.698339843749991, -44.796191406250017 ], [ -65.647607421874994, -44.661425781250017 ], [ -65.361279296874997, -44.477343750000017 ], [ -65.289843749999989, -44.360742187499994 ], [ -65.265527343749994, -44.2796875 ], [ -65.308398437499989, -44.158203125 ], [ -65.238574218749989, -44.048730468749994 ], [ -65.3046875, -43.7875 ], [ -65.28359375, -43.629980468750006 ], [ -65.25234375, -43.571875 ], [ -65.189746093749989, -43.522070312500006 ], [ -64.985546875, -43.293554687500006 ], [ -64.839941406249991, -43.188867187499994 ], [ -64.715234375, -43.135546875000017 ], [ -64.432226562499991, -43.059179687500006 ], [ -64.375683593749997, -43.024609375000011 ], [ -64.319140624999989, -42.968945312500011 ], [ -64.38037109375, -42.94921875 ], [ -64.441552734374994, -42.95068359375 ], [ -64.629199218749989, -42.908984375000017 ], [ -65.026904296874989, -42.758886718750006 ], [ -64.970703125, -42.666308593750017 ], [ -64.811962890624997, -42.633203125 ], [ -64.650488281249991, -42.531445312500011 ], [ -64.487841796874989, -42.513476562500017 ], [ -64.324267578124989, -42.572265625 ], [ -64.247949218749994, -42.64609375 ], [ -64.219921875, -42.755566406250011 ], [ -64.130664062499989, -42.861425781250006 ], [ -64.034765625, -42.88125 ], [ -63.692480468749991, -42.805273437500006 ], [ -63.644482421874997, -42.745703125 ], [ -63.617333984374994, -42.69580078125 ], [ -63.594433593749997, -42.555566406249994 ], [ -63.595898437499997, -42.406542968750017 ], [ -63.6298828125, -42.28271484375 ], [ -63.684765625, -42.188671875000011 ], [ -63.7294921875, -42.152929687500006 ], [ -63.795556640624994, -42.113867187500006 ], [ -63.892871093749989, -42.124609375 ], [ -64.083251953125, -42.182812500000011 ], [ -64.228515625, -42.21826171875 ], [ -64.2529296875, -42.250781250000017 ], [ -64.061181640624994, -42.26611328125 ], [ -64.062207031249997, -42.353417968749994 ], [ -64.100878906249989, -42.395117187500006 ], [ -64.264599609374997, -42.421679687500017 ], [ -64.42041015625, -42.433789062500011 ], [ -64.570996093749997, -42.416015625 ], [ -64.574121093749994, -42.35595703125 ], [ -64.524218749999989, -42.29921875 ], [ -64.51171875, -42.270214843750011 ], [ -64.537744140624994, -42.254589843750011 ], [ -64.622460937499994, -42.261035156250017 ], [ -64.699511718749989, -42.220800781250006 ], [ -64.898046875, -42.161816406250011 ], [ -64.986376953124989, -42.10205078125 ], [ -65.05908203125, -41.969921875000011 ], [ -65.00703125, -41.7451171875 ], [ -65.018261718749997, -41.56689453125 ], [ -65.127880859374997, -41.23876953125 ], [ -65.154980468749997, -41.105664062500011 ], [ -65.15185546875, -40.946972656250011 ], [ -65.133398437499991, -40.880664062500017 ], [ -65.069433593749991, -40.805273437500006 ], [ -64.916894531249994, -40.731347656249994 ], [ -64.869482421874991, -40.73583984375 ], [ -64.804394531249997, -40.756542968750011 ], [ -64.819873046874989, -40.793261718750017 ], [ -64.852978515624997, -40.813769531250017 ], [ -64.621484375, -40.8544921875 ], [ -64.383447265624994, -40.922460937500006 ], [ -64.123193359374994, -41.0078125 ], [ -63.772998046874989, -41.15 ], [ -63.621777343749997, -41.159765625 ], [ -63.212841796874997, -41.152441406250006 ], [ -62.959033203124989, -41.109667968750017 ], [ -62.797998046874994, -41.047167968750017 ], [ -62.39501953125, -40.890820312500011 ], [ -62.301855468749991, -40.814648437500011 ], [ -62.246337890625, -40.674609375000017 ], [ -62.393603515624989, -40.458789062500017 ], [ -62.427001953125, -40.35595703125 ], [ -62.40185546875, -40.196582031250017 ], [ -62.323974609375, -39.95068359375 ], [ -62.286914062499989, -39.895312500000017 ], [ -62.253955078124989, -39.88046875 ], [ -62.131542968749997, -39.825390625000011 ], [ -62.082763671875, -39.568359375 ], [ -62.076806640624994, -39.461523437500006 ], [ -62.130566406249997, -39.431542968749994 ], [ -62.179345703124994, -39.38046875 ], [ -62.053662109374997, -39.373828125000017 ], [ -62.12646484375, -39.309765625000011 ], [ -62.209082031249991, -39.261816406250006 ], [ -62.295068359374994, -39.243261718750006 ], [ -62.338085937499997, -39.150585937500011 ], [ -62.303613281249994, -38.988085937500017 ], [ -62.374462890624997, -38.852929687499994 ], [ -62.334765624999989, -38.800097656250017 ], [ -62.189257812499989, -38.813281250000017 ], [ -62.06689453125, -38.919140625000011 ], [ -61.847900390625, -38.961816406249994 ], [ -61.6025390625, -38.998828125000017 ], [ -61.382861328124989, -38.980859375 ], [ -61.112207031249994, -38.992968750000017 ], [ -60.903955078124994, -38.973925781250017 ], [ -59.828320312499997, -38.838183593750017 ], [ -59.67626953125, -38.796679687500017 ], [ -59.007226562499994, -38.67333984375 ], [ -58.17919921875, -38.435839843750017 ], [ -57.645605468749991, -38.169628906250011 ], [ -57.546972656249991, -38.085644531250011 ], [ -57.507275390624997, -37.909277343750006 ], [ -57.395751953125, -37.74462890625 ], [ -57.087695312499989, -37.446386718750006 ], [ -56.727148437499991, -36.957714843750011 ], [ -56.672021484374994, -36.851269531250011 ], [ -56.668261718749989, -36.735253906250009 ], [ -56.698095703124991, -36.426464843750011 ], [ -56.717382812499991, -36.3890625 ], [ -56.749462890624997, -36.346484375 ], [ -56.937158203124994, -36.3525390625 ], [ -57.076171875, -36.296777343750009 ], [ -57.264990234374991, -36.144140625 ], [ -57.33544921875, -36.026757812500009 ], [ -57.37548828125, -35.900292968750009 ], [ -57.35390625, -35.7203125 ], [ -57.158886718749997, -35.505957031250006 ], [ -57.170654296875, -35.3625 ], [ -57.303662109374997, -35.1884765625 ], [ -57.5478515625, -35.018945312500009 ], [ -57.763574218749994, -34.89453125 ], [ -58.283349609374994, -34.683496093750009 ], [ -58.4189453125, -34.531640625 ], [ -58.466210937499994, -34.457421875 ], [ -58.525488281249991, -34.296191406250003 ], [ -58.475244140624994, -34.262988281250003 ], [ -58.435498046874997, -34.252539062500006 ], [ -58.392480468749994, -34.19296875 ], [ -58.409033203124991, -34.060742187500011 ], [ -58.429492187499989, -33.990917968750011 ], [ -58.456591796874989, -33.898339843750009 ], [ -58.530566406249989, -33.753027343750006 ], [ -58.547216796874991, -33.663476562500009 ], [ -58.454833984375, -33.2859375 ], [ -58.424462890624994, -33.111523437500011 ], [ -58.3759765625, -33.071875 ], [ -58.308886718749989, -33.082910156250009 ], [ -58.250390625, -33.078320312500011 ], [ -58.20078125, -33.0146484375 ], [ -58.170996093749991, -32.959277343750003 ], [ -58.219970703125, -32.56396484375 ], [ -58.201171875, -32.4716796875 ], [ -58.162207031249991, -32.566503906250006 ], [ -58.129589843749997, -32.757226562500009 ], [ -58.082324218749989, -32.893652343750006 ], [ -58.092675781249994, -32.967382812500006 ], [ -58.153564453125, -33.064648437500011 ], [ -58.221582031249994, -33.129101562500011 ], [ -58.2921875, -33.137988281250003 ], [ -58.363525390625, -33.182324218750011 ], [ -58.353369140624991, -33.260058593750003 ], [ -58.411328125, -33.508886718750006 ], [ -58.438134765624994, -33.719140625 ], [ -58.400195312499989, -33.912402343750003 ], [ -58.20703125, -34.109082031250011 ], [ -57.961230468749989, -34.306933593750003 ], [ -57.902148437499989, -34.39013671875 ], [ -57.873242187499997, -34.44765625 ], [ -57.8291015625, -34.47734375 ], [ -57.54345703125, -34.448046875 ], [ -57.170703124999989, -34.452343750000011 ], [ -56.855175781249997, -34.676660156250009 ], [ -56.463085937499997, -34.775390625 ], [ -56.387841796874994, -34.861035156250011 ], [ -56.249951171874997, -34.901269531250009 ], [ -56.194628906249989, -34.906445312500011 ], [ -56.117919921875, -34.907910156250011 ], [ -55.862939453124994, -34.8109375 ], [ -55.673144531249989, -34.775683593750003 ], [ -55.37060546875, -34.8076171875 ], [ -55.237890625, -34.895800781250003 ], [ -55.095117187499994, -34.895117187500006 ], [ -54.902294921874997, -34.932812500000011 ], [ -54.365332031249991, -34.732714843750003 ], [ -54.272119140624994, -34.666894531250009 ], [ -54.168554687499991, -34.670703125 ], [ -54.01025390625, -34.516992187500009 ], [ -53.785302734374994, -34.38037109375 ], [ -53.742919921875, -34.24951171875 ], [ -53.534521484374991, -34.017480468750009 ], [ -53.472460937499989, -33.849316406250011 ], [ -53.419580078124994, -33.779199218750009 ], [ -53.37060546875, -33.7421875 ], [ -52.920849609374997, -33.401953125 ], [ -52.762890625, -33.26640625 ], [ -52.652246093749994, -33.137792968750006 ], [ -52.508496093749997, -32.875292968750003 ], [ -52.341650390624991, -32.439746093750003 ], [ -52.274609375, -32.32373046875 ], [ -52.190185546875, -32.220800781250006 ], [ -52.127392578124997, -32.167773437500003 ], [ -52.167089843749991, -32.088476562500006 ], [ -52.191552734374994, -31.967578125 ], [ -52.193554687499997, -31.885546875 ], [ -52.119824218749997, -31.694921875 ], [ -52.026953125, -31.599023437500009 ], [ -51.994873046875, -31.489941406250011 ], [ -51.972460937499989, -31.3837890625 ], [ -51.926806640624989, -31.3388671875 ], [ -51.716894531250006, -31.24375 ], [ -51.506298828124983, -31.1044921875 ], [ -51.463671874999989, -31.052636718750009 ], [ -51.485253906249994, -30.9775390625 ], [ -51.459130859374994, -30.912792968750011 ], [ -51.37646484375, -30.846875 ], [ -51.359082031249983, -30.674511718750011 ], [ -51.31640625, -30.702734375 ], [ -51.283056640625006, -30.7515625 ], [ -51.287695312500006, -30.591210937500009 ], [ -51.24658203125, -30.467578125 ], [ -51.187548828124989, -30.411914062500003 ], [ -51.157275390624989, -30.3642578125 ], [ -51.281787109374989, -30.244140625 ], [ -51.295019531250006, -30.141015625 ], [ -51.298046874999983, -30.034863281250011 ], [ -51.249853515625006, -30.059960937500009 ], [ -51.233593749999983, -30.121386718750003 ], [ -51.179296875, -30.211035156250006 ], [ -51.040380859375006, -30.260644531250009 ], [ -51.024951171874989, -30.36865234375 ], [ -50.931884765625, -30.374316406250003 ], [ -50.646191406249983, -30.23681640625 ], [ -50.563525390624989, -30.253613281250011 ], [ -50.546533203124994, -30.31689453125 ], [ -50.581933593749994, -30.438867187500009 ], [ -50.61484375, -30.456835937500003 ], [ -50.68505859375, -30.413476562500009 ], [ -50.71630859375, -30.425976562500011 ], [ -50.689306640625006, -30.704199218750006 ], [ -50.770166015624994, -30.813378906250009 ], [ -50.940820312499994, -30.903710937500009 ], [ -50.96533203125, -31.00546875 ], [ -50.954394531249989, -31.052148437500009 ], [ -50.980078125, -31.09423828125 ], [ -51.10595703125, -31.081347656250003 ], [ -51.161425781249989, -31.118847656250011 ], [ -51.157519531249989, -31.266796875000011 ], [ -51.17431640625, -31.339746093750009 ], [ -51.272167968749983, -31.476953125 ], [ -51.446191406249994, -31.557324218750011 ], [ -51.6806640625, -31.774609375000011 ], [ -51.803417968749983, -31.796679687500003 ], [ -51.841210937499994, -31.83203125 ], [ -51.893164062500006, -31.867773437500006 ], [ -51.9951171875, -31.815039062500006 ], [ -52.063232421875, -31.830371093750003 ], [ -52.0595703125, -31.913476562500009 ], [ -52.043164062499997, -31.9775390625 ], [ -52.068945312499991, -32.063085937500006 ], [ -52.039208984374994, -32.11484375 ], [ -51.920214843749989, -31.989550781250003 ], [ -51.798144531249989, -31.900292968750009 ], [ -51.460400390624983, -31.702441406250003 ], [ -51.151757812499994, -31.480371093750009 ], [ -50.92138671875, -31.258398437500006 ], [ -50.748144531250006, -31.068066406250011 ], [ -50.619970703125006, -30.897656250000011 ], [ -50.299511718749983, -30.42578125 ], [ -50.033349609374994, -29.800976562500011 ], [ -49.745996093749994, -29.363183593750009 ], [ -49.499902343749994, -29.075390625000011 ], [ -49.271289062499989, -28.871191406250006 ], [ -49.023583984374994, -28.698632812500009 ], [ -48.799658203125006, -28.575292968750006 ], [ -48.797265625, -28.442675781250003 ], [ -48.693212890625006, -28.31015625 ], [ -48.6484375, -28.207226562500011 ], [ -48.620800781249983, -28.075585937500009 ], [ -48.605664062499983, -27.8251953125 ], [ -48.642578125, -27.557910156250003 ], [ -48.571972656249983, -27.372753906250011 ], [ -48.595507812499989, -27.263867187500011 ], [ -48.554150390624983, -27.195996093750011 ], [ -48.568359375, -27.1234375 ], [ -48.593408203124994, -27.058007812500009 ], [ -48.615673828124983, -26.878125 ], [ -48.677734375, -26.702929687500003 ], [ -48.676513671875, -26.612402343750006 ], [ -48.658154296874983, -26.519140625 ], [ -48.651611328125, -26.406445312500011 ], [ -48.70068359375, -26.348339843750011 ], [ -48.748291015625, -26.268652343750006 ], [ -48.713769531249994, -26.226953125 ], [ -48.679003906249989, -26.225781250000011 ], [ -48.619433593749989, -26.179394531250011 ], [ -48.576318359374994, -25.935449218750009 ], [ -48.612841796874989, -25.875 ], [ -48.679003906249989, -25.875195312500011 ], [ -48.665771484375, -25.844335937500006 ], [ -48.545166015625, -25.81591796875 ], [ -48.401171874999989, -25.597363281250011 ], [ -48.429882812499983, -25.550195312500009 ], [ -48.507031249999983, -25.521289062500003 ], [ -48.692187499999989, -25.491503906250003 ], [ -48.731738281249989, -25.36875 ], [ -48.643994140624983, -25.4365234375 ], [ -48.564160156249983, -25.447460937500011 ], [ -48.476123046874989, -25.44296875 ], [ -48.427636718749994, -25.4033203125 ], [ -48.45849609375, -25.310742187500011 ], [ -48.402490234374994, -25.272070312500006 ], [ -48.273486328124989, -25.306347656250011 ], [ -48.1859375, -25.309863281250003 ], [ -48.242431640625, -25.4033203125 ], [ -48.202734375, -25.41650390625 ], [ -48.024365234374983, -25.23671875 ], [ -47.929394531249983, -25.168261718750003 ], [ -47.908349609374994, -25.068164062500003 ], [ -47.959375, -25.0654296875 ], [ -47.989160156249994, -25.035742187500006 ], [ -47.914306640625, -24.999902343750009 ], [ -47.8765625, -24.997460937500009 ], [ -47.831152343750006, -24.952929687500003 ], [ -47.5921875, -24.781054687500003 ], [ -47.13720703125, -24.4931640625 ], [ -46.867285156250006, -24.236328125 ], [ -46.630761718749994, -24.1103515625 ], [ -45.972070312499994, -23.795507812500006 ], [ -45.843164062499994, -23.763671875 ], [ -45.664648437500006, -23.764843750000011 ], [ -45.527099609375, -23.804785156250006 ], [ -45.464306640624983, -23.802539062500003 ], [ -45.433398437499989, -23.758496093750011 ], [ -45.423291015624983, -23.685351562500003 ], [ -45.325390624999983, -23.599707031250006 ], [ -45.215429687500006, -23.575585937500009 ], [ -44.95166015625, -23.381445312500006 ], [ -44.667187499999983, -23.335156250000011 ], [ -44.619091796874983, -23.31640625 ], [ -44.569677734375006, -23.274023437500006 ], [ -44.62109375, -23.228515625 ], [ -44.673828125, -23.206640625 ], [ -44.68115234375, -23.10693359375 ], [ -44.637255859374989, -23.05546875 ], [ -44.367919921875, -23.004980468750006 ], [ -44.147998046874989, -23.011035156250003 ], [ -44.047460937500006, -22.944726562500009 ], [ -43.866162109374983, -22.910546875 ], [ -43.702929687499989, -22.96630859375 ], [ -43.675976562499983, -23.009472656250011 ], [ -43.79140625, -23.045996093750006 ], [ -43.898828125, -23.035253906250006 ], [ -43.973828124999983, -23.057324218750011 ], [ -43.898828125, -23.101464843750009 ], [ -43.736523437499983, -23.066601562500011 ], [ -43.5328125, -23.04638671875 ], [ -43.369482421875006, -22.998046875 ], [ -43.224169921874989, -22.9912109375 ], [ -43.193603515625, -22.938574218750006 ], [ -43.208837890625006, -22.878125 ], [ -43.236621093749989, -22.828808593750011 ], [ -43.241943359375, -22.795117187500011 ], [ -43.22900390625, -22.74765625 ], [ -43.154296875, -22.725195312500006 ], [ -43.086279296875006, -22.723339843750011 ], [ -43.0654296875, -22.770703125000011 ], [ -43.100683593750006, -22.85009765625 ], [ -43.081152343750006, -22.902539062500011 ], [ -43.016210937500006, -22.942578125000011 ], [ -42.958300781249989, -22.967089843750003 ], [ -42.829296874999983, -22.973339843750011 ], [ -42.5810546875, -22.941015625 ], [ -42.122460937499994, -22.940820312500009 ], [ -42.042382812499994, -22.947070312500003 ], [ -41.9875, -22.845117187500009 ], [ -41.94091796875, -22.788281250000011 ], [ -41.986132812499989, -22.73583984375 ], [ -41.99755859375, -22.644628906250006 ], [ -41.980419921874983, -22.580664062500006 ], [ -41.705517578124983, -22.309667968750006 ], [ -41.582910156249994, -22.24365234375 ], [ -41.122509765624983, -22.084375 ], [ -41.000292968749989, -21.9990234375 ], [ -40.987841796874989, -21.9203125 ], [ -41.021582031250006, -21.61083984375 ], [ -41.023144531249983, -21.596875 ], [ -41.047265625, -21.505664062500003 ], [ -40.954541015624983, -21.237890625 ], [ -40.828759765624994, -21.031347656250006 ], [ -40.789257812499983, -20.906054687500003 ], [ -40.72705078125, -20.84619140625 ], [ -40.596582031249994, -20.783789062500006 ], [ -40.395947265624983, -20.569433593750006 ], [ -40.318554687499983, -20.42578125 ], [ -40.298876953124989, -20.292675781250011 ], [ -40.202734375, -20.2060546875 ], [ -40.141699218750006, -19.96826171875 ], [ -40.001367187499994, -19.741992187500003 ], [ -39.8447265625, -19.649121093750011 ], [ -39.783300781250006, -19.57177734375 ], [ -39.7314453125, -19.45390625 ], [ -39.699853515624994, -19.27783203125 ], [ -39.741943359375, -18.845996093750003 ], [ -39.739794921874989, -18.639843750000011 ], [ -39.65078125, -18.25234375 ], [ -39.486767578124983, -17.990136718750009 ], [ -39.41259765625, -17.920019531250006 ], [ -39.278369140624989, -17.849414062500003 ], [ -39.154003906249983, -17.70390625 ], [ -39.170605468749983, -17.64208984375 ], [ -39.215234375, -17.315820312500009 ], [ -39.202880859375, -17.178125 ], [ -39.163964843749994, -17.043554687500006 ], [ -39.125048828124989, -16.763574218750009 ], [ -39.063232421875, -16.50439453125 ], [ -38.960791015625006, -16.1865234375 ], [ -38.880615234375, -15.8642578125 ], [ -38.88525390625, -15.841992187500011 ], [ -38.943212890625006, -15.564355468750009 ], [ -38.996191406250006, -15.253808593750009 ], [ -39.013378906249983, -14.935644531250006 ], [ -39.0595703125, -14.65478515625 ], [ -38.942333984374983, -14.030664062500009 ], [ -38.966503906249983, -14.00341796875 ], [ -39.008496093749983, -14.101171875 ], [ -39.048144531249989, -14.0439453125 ], [ -39.034912109375, -13.991015625 ], [ -39.041113281250006, -13.758105468750003 ], [ -39.001220703125, -13.66455078125 ], [ -38.988623046875006, -13.615039062500003 ], [ -39.009082031249989, -13.581445312500009 ], [ -39.034912109375, -13.558789062500011 ], [ -39.08935546875, -13.588183593750003 ], [ -39.0673828125, -13.48046875 ], [ -39.030908203124994, -13.365136718750009 ], [ -38.959179687499983, -13.273046875 ], [ -38.835302734375006, -13.147167968750011 ], [ -38.833154296874994, -13.032910156250011 ], [ -38.763720703124989, -12.9072265625 ], [ -38.78359375, -12.844433593750011 ], [ -38.851757812499983, -12.790136718750006 ], [ -38.787988281249994, -12.78271484375 ], [ -38.743896484375, -12.74853515625 ], [ -38.690966796874989, -12.623925781250009 ], [ -38.654003906249983, -12.644628906250006 ], [ -38.52490234375, -12.762304687500006 ], [ -38.498925781249994, -12.956640625 ], [ -38.447314453124989, -12.967089843750003 ], [ -38.401757812499994, -12.966210937500009 ], [ -38.23974609375, -12.84423828125 ], [ -38.019238281249983, -12.59130859375 ], [ -37.957324218749989, -12.475488281250009 ], [ -37.688720703125, -12.1 ], [ -37.469335937500006, -11.653613281250003 ], [ -37.411816406249983, -11.497265625000011 ], [ -37.4384765625, -11.39375 ], [ -37.359228515625006, -11.252539062500006 ], [ -37.32177734375, -11.215136718750003 ], [ -37.32080078125, -11.2666015625 ], [ -37.331640625, -11.309863281250003 ], [ -37.354882812499994, -11.350488281250009 ], [ -37.356005859374989, -11.40390625 ], [ -37.315136718749983, -11.3759765625 ], [ -37.181201171874989, -11.1875 ], [ -37.182812499999983, -11.068457031250006 ], [ -37.12548828125, -11.0849609375 ], [ -37.093359375, -11.054785156250006 ], [ -36.937792968749989, -10.820410156250006 ], [ -36.768310546875, -10.671679687500003 ], [ -36.6357421875, -10.589941406250006 ], [ -36.41162109375, -10.489941406250011 ], [ -36.398339843749994, -10.484082031250011 ], [ -36.223535156249994, -10.22509765625 ], [ -36.054980468749989, -10.07578125 ], [ -35.885449218749983, -9.84765625 ], [ -35.847753906250006, -9.7724609375 ], [ -35.890820312499983, -9.68701171875 ], [ -35.830126953124989, -9.719042968750003 ], [ -35.763964843749989, -9.702539062500009 ], [ -35.597070312499994, -9.540625 ], [ -35.340869140624989, -9.230664062500011 ], [ -35.157763671874989, -8.930566406250009 ], [ -34.966650390625006, -8.407617187500009 ], [ -34.890527343749994, -8.0921875 ], [ -34.834667968749983, -7.971484375 ], [ -34.8369140625, -7.871777343750011 ], [ -34.878613281249983, -7.747460937500009 ], [ -34.872998046874983, -7.692089843750011 ], [ -34.854785156249989, -7.63427734375 ], [ -34.86083984375, -7.595019531250003 ], [ -34.857763671875006, -7.533300781250006 ], [ -34.816601562499983, -7.394824218750003 ], [ -34.805468749999989, -7.288378906250003 ], [ -34.833886718749994, -7.0244140625 ], [ -34.8759765625, -7.0029296875 ], [ -34.8798828125, -6.908203125 ], [ -34.929589843749994, -6.785058593750009 ], [ -34.988183593749994, -6.39375 ], [ -35.095458984375, -6.185351562500003 ], [ -35.141748046874994, -5.917187500000011 ], [ -35.235449218750006, -5.566699218750003 ], [ -35.392578125, -5.250878906250009 ], [ -35.481689453125, -5.166015625 ], [ -35.549414062500006, -5.12939453125 ], [ -35.979882812499994, -5.054394531250011 ], [ -36.161767578124994, -5.09375 ], [ -36.38671875, -5.084277343750003 ], [ -36.590722656249994, -5.097558593750009 ], [ -36.747363281249989, -5.050683593750009 ], [ -36.861132812499989, -4.966601562500003 ], [ -36.954882812499989, -4.936718750000011 ], [ -37.174658203125006, -4.912402343750003 ], [ -37.301464843749983, -4.713085937500011 ], [ -37.626318359375006, -4.592089843750003 ], [ -37.795654296875, -4.404296875 ], [ -38.048828125, -4.21640625 ], [ -38.271875, -3.948046875 ], [ -38.361914062500006, -3.87646484375 ], [ -38.475781249999983, -3.717480468750011 ], [ -38.686230468749983, -3.653710937500009 ], [ -38.89599609375, -3.501757812500003 ], [ -39.014355468749983, -3.390234375 ], [ -39.352685546874994, -3.197363281250006 ], [ -39.511181640624983, -3.125585937500006 ], [ -39.609423828124989, -3.05625 ], [ -39.771826171875006, -2.98583984375 ], [ -39.964697265625006, -2.861523437500011 ], [ -40.2353515625, -2.813183593750011 ], [ -40.474560546874983, -2.795605468750011 ], [ -40.875585937500006, -2.86962890625 ], [ -41.194531249999983, -2.886132812500009 ], [ -41.318212890625006, -2.936230468750011 ], [ -41.479931640624983, -2.91650390625 ], [ -41.64013671875, -2.878613281250011 ], [ -41.721875, -2.808886718750003 ], [ -41.876171874999983, -2.74658203125 ], [ -41.999853515625006, -2.806054687500009 ], [ -42.249609375, -2.7919921875 ], [ -42.593554687499989, -2.661035156250009 ], [ -42.675878906250006, -2.589648437500003 ], [ -42.832275390625, -2.529589843750003 ], [ -42.936718749999983, -2.465039062500011 ], [ -43.229687499999983, -2.386035156250003 ], [ -43.380078124999983, -2.376074218750006 ], [ -43.434619140624989, -2.413671875 ], [ -43.455126953124989, -2.502050781250006 ], [ -43.728613281250006, -2.518164062500006 ], [ -43.864453124999983, -2.595410156250011 ], [ -43.932910156249989, -2.58349609375 ], [ -44.013232421874989, -2.6421875 ], [ -44.192675781249989, -2.8095703125 ], [ -44.225195312500006, -2.754980468750006 ], [ -44.191601562499983, -2.699609375 ], [ -44.112646484375006, -2.598535156250009 ], [ -44.101367187499989, -2.56005859375 ], [ -44.105566406250006, -2.493457031250003 ], [ -44.179394531249983, -2.47119140625 ], [ -44.228613281250006, -2.471289062500006 ], [ -44.308154296874989, -2.53515625 ], [ -44.381152343749989, -2.738378906250006 ], [ -44.437548828124989, -2.944433593750006 ], [ -44.62265625, -3.137890625000011 ], [ -44.723046875, -3.204785156250011 ], [ -44.721386718749983, -3.142285156250011 ], [ -44.638964843749989, -2.7625 ], [ -44.610791015624983, -2.676855468750006 ], [ -44.589013671874994, -2.573437500000011 ], [ -44.56201171875, -2.52421875 ], [ -44.520654296874994, -2.48125 ], [ -44.520117187500006, -2.405468750000011 ], [ -44.3818359375, -2.365527343750003 ], [ -44.391308593749983, -2.269628906250006 ], [ -44.435449218749994, -2.168066406250006 ], [ -44.520361328125006, -2.190332031250009 ], [ -44.579003906249994, -2.23046875 ], [ -44.662402343749989, -2.373242187500011 ], [ -44.700634765624983, -2.320410156250006 ], [ -44.75634765625, -2.265527343750009 ], [ -44.70751953125, -2.241113281250009 ], [ -44.658642578124983, -2.2275390625 ], [ -44.617285156250006, -2.152148437500003 ], [ -44.580029296874983, -2.113867187500006 ], [ -44.537792968749983, -2.052734375 ], [ -44.546777343749994, -1.9462890625 ], [ -44.591650390625006, -1.841796875 ], [ -44.651269531249994, -1.745800781250011 ], [ -44.720947265625, -1.792285156250003 ], [ -44.778515624999983, -1.798828125 ], [ -44.721142578124983, -1.733496093750006 ], [ -44.789843749999989, -1.724804687500011 ], [ -44.828369140625, -1.671679687500003 ], [ -44.919775390625006, -1.5888671875 ], [ -45.02578125, -1.513476562500003 ], [ -45.076367187499983, -1.46640625 ], [ -45.182080078124983, -1.507031250000011 ], [ -45.238574218749989, -1.629492187500006 ], [ -45.282128906249994, -1.696582031250003 ], [ -45.329150390624989, -1.71728515625 ], [ -45.35302734375, -1.5673828125 ], [ -45.45859375, -1.35625 ], [ -45.556933593749989, -1.330664062500006 ], [ -45.644775390625, -1.347851562500011 ], [ -45.77880859375, -1.25078125 ], [ -45.972265625, -1.187402343750009 ], [ -46.044628906249983, -1.10302734375 ], [ -46.140380859375, -1.118359375000011 ], [ -46.214990234374994, -1.099804687500011 ], [ -46.219140625, -1.03125 ], [ -46.320849609374989, -1.039160156250006 ], [ -46.421728515625006, -1.030078125 ], [ -46.516308593749983, -0.996875 ], [ -46.617236328124989, -0.970605468750009 ], [ -46.644433593749994, -0.91640625 ], [ -46.769921875, -0.836523437500006 ], [ -46.811230468749983, -0.7796875 ], [ -46.893652343750006, -0.779882812500006 ], [ -46.9443359375, -0.743359375000011 ], [ -47.024609374999983, -0.750195312500011 ], [ -47.126904296874983, -0.745410156250003 ], [ -47.200537109375006, -0.68046875 ], [ -47.268603515624989, -0.645410156250009 ], [ -47.398095703124994, -0.626660156250011 ], [ -47.4390625, -0.647656250000011 ], [ -47.460351562499994, -0.680957031250003 ], [ -47.432910156249989, -0.721875 ], [ -47.418652343749983, -0.765917968750003 ], [ -47.470703125, -0.74853515625 ], [ -47.557324218749983, -0.669921875 ], [ -47.651074218749983, -0.71875 ], [ -47.687109375, -0.724804687500011 ], [ -47.731494140624989, -0.71044921875 ], [ -47.773730468749989, -0.6767578125 ], [ -47.807666015624989, -0.663476562500009 ], [ -47.883398437500006, -0.693359375 ], [ -47.9609375, -0.769628906250006 ], [ -48.032568359375006, -0.705078125 ], [ -48.06884765625, -0.713671875 ], [ -48.115087890625006, -0.7375 ], [ -48.128466796874989, -0.795214843750003 ], [ -48.201757812500006, -0.827929687500003 ], [ -48.266455078125006, -0.895117187500006 ], [ -48.317578124999983, -0.960546875 ], [ -48.306494140625006, -1.03984375 ], [ -48.449804687500006, -1.1455078125 ], [ -48.40859375, -1.229199218750011 ], [ -48.477734374999983, -1.323828125 ], [ -48.468066406249989, -1.393847656250003 ], [ -48.451464843749989, -1.435839843750003 ], [ -48.349804687499983, -1.482128906250011 ], [ -48.445849609374989, -1.520410156250009 ], [ -48.462939453124989, -1.613964843750011 ], [ -48.529589843749989, -1.567480468750006 ], [ -48.6, -1.48876953125 ], [ -48.710009765624989, -1.487695312500009 ], [ -48.991308593750006, -1.829785156250011 ], [ -49.15478515625, -1.878515625 ], [ -49.211035156250006, -1.91650390625 ], [ -49.407666015624983, -2.344335937500006 ], [ -49.45751953125, -2.504589843750011 ], [ -49.52392578125, -2.596875 ], [ -49.575878906249983, -2.631445312500006 ], [ -49.636523437499989, -2.656933593750011 ], [ -49.599316406249983, -2.583886718750009 ], [ -49.553369140624994, -2.519921875 ], [ -49.506982421874994, -2.2802734375 ], [ -49.460156249999983, -2.191503906250006 ], [ -49.398632812499983, -1.971582031250009 ], [ -49.313671874999983, -1.731738281250003 ], [ -49.585351562499994, -1.8671875 ], [ -49.719531249999989, -1.926367187500006 ], [ -49.902978515624994, -1.87060546875 ], [ -49.999218749999983, -1.831835937500003 ], [ -50.116601562499994, -1.857519531250006 ], [ -50.172705078125006, -1.896191406250011 ], [ -50.260449218749983, -1.922949218750006 ], [ -50.403222656249994, -2.015527343750009 ], [ -50.585595703124994, -1.849902343750003 ], [ -50.638769531250006, -1.817089843750011 ], [ -50.690039062500006, -1.76171875 ], [ -50.67529296875, -1.694726562500009 ], [ -50.678955078125, -1.643847656250003 ], [ -50.7861328125, -1.489941406250011 ], [ -50.818652343749989, -1.376269531250003 ], [ -50.825537109375006, -1.311425781250009 ], [ -50.844580078125006, -1.226269531250011 ], [ -50.897167968749983, -1.164453125 ], [ -50.917871093749994, -1.115234375 ], [ -50.838183593749989, -1.038867187500003 ], [ -50.84228515625, -0.999609375 ], [ -50.894921875, -0.937597656250006 ], [ -50.992041015625006, -0.986328125 ], [ -51.028955078124994, -1.032128906250009 ], [ -51.202343749999983, -1.136523437500003 ], [ -51.29736328125, -1.223535156250009 ], [ -51.531201171874983, -1.354101562500006 ], [ -51.646289062499989, -1.394335937500003 ], [ -51.947558593749989, -1.58671875 ], [ -52.196679687499994, -1.64013671875 ], [ -52.310302734375, -1.5595703125 ], [ -52.664160156249991, -1.5517578125 ], [ -52.553417968749997, -1.5140625 ], [ -52.229248046875, -1.3625 ], [ -52.020458984374997, -1.399023437500006 ], [ -51.980810546875006, -1.36796875 ], [ -51.934472656249994, -1.3203125 ], [ -51.921630859375, -1.180859375000011 ], [ -51.819140624999989, -1.117773437500006 ], [ -51.720605468749994, -1.018457031250009 ], [ -51.721533203125006, -0.85546875 ], [ -51.70263671875, -0.762304687500006 ], [ -51.555029296875006, -0.549121093750003 ], [ -51.496289062499983, -0.509472656250011 ], [ -51.404150390625006, -0.392675781250006 ], [ -51.299560546875, -0.178808593750006 ], [ -51.282910156249983, -0.085205078125 ], [ -51.101953125, -0.03125 ], [ -50.967089843749989, 0.130273437499994 ], [ -50.91015625, 0.160986328124991 ], [ -50.816357421874983, 0.172558593749997 ], [ -50.755078124999983, 0.222558593749994 ], [ -50.58154296875, 0.420507812499991 ], [ -50.462988281250006, 0.637304687499991 ], [ -50.34326171875, 0.751025390624989 ], [ -50.29443359375, 0.835742187499989 ], [ -50.070996093749983, 1.015087890624997 ], [ -50.047216796875006, 1.051953125 ], [ -49.937939453124983, 1.121435546874991 ], [ -49.898876953124983, 1.162988281249994 ], [ -49.90625, 1.26904296875 ], [ -49.881591796875, 1.419921875 ], [ -49.957128906250006, 1.659863281249997 ], [ -50.0546875, 1.730712890625 ], [ -50.187597656250006, 1.785986328124991 ], [ -50.304296875, 1.797656249999989 ], [ -50.458886718749994, 1.82958984375 ], [ -50.534423828125, 1.92724609375 ], [ -50.575878906249983, 1.998583984374989 ], [ -50.608691406249989, 2.104101562499991 ], [ -50.658935546875, 2.130957031249991 ], [ -50.714404296874989, 2.134033203125 ], [ -50.676562499999989, 2.179443359375 ], [ -50.678759765624989, 2.210351562499994 ], [ -50.736962890624994, 2.376757812499989 ], [ -50.789697265624994, 2.477783203125 ], [ -50.816503906250006, 2.573046874999989 ], [ -50.827197265624989, 2.65185546875 ], [ -50.994140625, 3.077539062499994 ], [ -51.052392578124994, 3.281835937499991 ], [ -51.076269531250006, 3.671679687499989 ], [ -51.219921874999983, 4.093603515624991 ], [ -51.327099609374983, 4.224755859374994 ], [ -51.461523437500006, 4.313769531249989 ], [ -51.547070312499983, 4.310888671874991 ], [ -51.557812499999983, 4.233789062499994 ], [ -51.652539062499983, 4.061279296875 ], [ -51.658105468749994, 4.098486328124991 ], [ -51.653271484374983, 4.138769531249991 ], [ -51.665820312499989, 4.228808593749989 ], [ -51.698632812499994, 4.286816406249997 ], [ -51.78564453125, 4.570507812499997 ], [ -51.827539062499994, 4.635693359374997 ], [ -51.880273437499994, 4.633740234374997 ], [ -51.919580078124994, 4.524316406249994 ], [ -51.927685546874983, 4.436132812499991 ], [ -51.954785156249983, 4.399072265624994 ], [ -52.0029296875, 4.352294921875 ], [ -52.001708984375, 4.38623046875 ], [ -51.979345703125006, 4.429882812499997 ], [ -51.9619140625, 4.514404296875 ], [ -52.012304687499991, 4.64599609375 ], [ -52.05810546875, 4.717382812499991 ], [ -52.219970703125, 4.86279296875 ], [ -52.324609375, 4.770898437499994 ], [ -52.288916015624991, 4.876123046874994 ], [ -52.29052734375, 4.942187499999989 ], [ -52.453955078124991, 5.021337890624991 ], [ -52.764990234374991, 5.273486328124989 ], [ -52.899316406249994, 5.425048828125 ], [ -53.270361328124991, 5.543261718749989 ], [ -53.454443359374991, 5.5634765625 ], [ -53.84716796875, 5.7822265625 ], [ -53.919921875, 5.768994140624997 ], [ -53.989599609374991, 5.676025390625 ], [ -54.085302734374991, 5.411816406249997 ], [ -54.155957031249997, 5.358984375 ], [ -54.08046875, 5.502246093749989 ], [ -54.045947265624989, 5.60888671875 ], [ -54.037402343749989, 5.720507812499989 ], [ -54.05419921875, 5.807910156249989 ], [ -54.142333984375, 5.856347656249994 ], [ -54.356152343749997, 5.909863281249997 ], [ -54.833691406249997, 5.988330078124989 ], [ -55.148291015624991, 5.993457031249989 ], [ -55.379296875, 5.95263671875 ], [ -55.648339843749994, 5.985888671874989 ], [ -55.828173828124989, 5.961669921875 ], [ -55.909912109375, 5.892626953124989 ], [ -55.8955078125, 5.795458984374989 ], [ -55.897607421874994, 5.699316406249991 ], [ -55.939550781249991, 5.795458984374989 ], [ -56.235595703125, 5.885351562499991 ], [ -56.466015625, 5.937744140625 ], [ -56.969824218749991, 5.992871093749997 ], [ -57.056640625, 5.938671875 ], [ -57.104589843749991, 5.829394531249989 ], [ -57.136035156249989, 5.737207031249994 ], [ -57.140820312499997, 5.643798828125 ], [ -57.18212890625, 5.52890625 ], [ -57.194775390624997, 5.5484375 ], [ -57.205273437499997, 5.564599609374994 ], [ -57.167236328125, 5.885009765625 ], [ -57.190234374999989, 6.097314453124994 ], [ -57.2275390625, 6.178417968749997 ], [ -57.343652343749994, 6.272119140624994 ], [ -57.540136718749991, 6.33154296875 ], [ -57.607568359374994, 6.450390625 ], [ -57.792871093749994, 6.598535156249994 ], [ -57.982568359374994, 6.785888671875 ], [ -58.07177734375, 6.820605468749989 ], [ -58.1728515625, 6.829394531249989 ], [ -58.2984375, 6.879296875 ], [ -58.414990234374997, 6.851171875 ], [ -58.502294921874991, 6.733984375 ], [ -58.569482421874994, 6.627246093749989 ], [ -58.593994140625, 6.451513671874991 ], [ -58.672949218749991, 6.390771484374994 ], [ -58.613476562499997, 6.502539062499991 ], [ -58.60791015625, 6.697314453124989 ], [ -58.582910156249994, 6.843652343749994 ], [ -58.480566406249991, 7.038134765624989 ], [ -58.477294921875, 7.32578125 ], [ -58.511083984374991, 7.398046875 ], [ -58.626611328124994, 7.5458984375 ], [ -58.701074218749994, 7.606640625 ], [ -58.811572265624989, 7.735595703125 ], [ -59.200244140624989, 8.074609375 ], [ -59.476904296874991, 8.254003906249991 ], [ -59.666113281249991, 8.362597656249989 ], [ -59.739306640624989, 8.379980468749991 ], [ -59.739941406249997, 8.338720703124991 ], [ -59.756738281249994, 8.339501953124994 ], [ -59.836523437499991, 8.373828124999989 ], [ -59.980615234374994, 8.532617187499994 ], [ -60.017529296874997, 8.54931640625 ], [ -60.16748046875, 8.616992187499989 ], [ -60.340234375, 8.628759765624991 ], [ -60.404492187499997, 8.610253906249994 ], [ -60.481494140624989, 8.547265625 ], [ -60.800976562499997, 8.592138671874991 ], [ -60.865234375, 8.578808593749997 ], [ -61.035986328124991, 8.493115234374997 ], [ -61.19375, 8.487597656249989 ], [ -61.304003906249989, 8.410400390625 ], [ -61.442578125, 8.508691406249994 ], [ -61.526904296874989, 8.546142578125 ], [ -61.618701171874989, 8.597460937499989 ], [ -61.247265625, 8.600341796875 ], [ -61.175878906249991, 8.725390624999989 ], [ -61.122363281249989, 8.843359375 ], [ -61.098828125, 8.941308593749994 ], [ -61.09296875, 8.965771484374997 ], [ -61.053564453124991, 9.035253906249991 ], [ -61.053076171874991, 9.095117187499994 ], [ -61.023144531249997, 9.154589843749989 ], [ -60.971044921874991, 9.215185546874991 ], [ -60.840966796874994, 9.263671875 ], [ -60.79248046875, 9.360742187499994 ], [ -60.874072265624989, 9.453320312499997 ], [ -61.013378906249997, 9.556445312499989 ], [ -61.234423828124989, 9.597607421874997 ], [ -61.309375, 9.633056640625 ], [ -61.512304687499991, 9.847509765624991 ], [ -61.5888671875, 9.89453125 ], [ -61.625390625, 9.816455078124989 ], [ -61.765917968749989, 9.813818359374991 ], [ -61.759179687499994, 9.754443359374989 ], [ -61.731738281249989, 9.702490234374991 ], [ -61.7359375, 9.631201171874991 ], [ -61.758740234374997, 9.676513671875 ], [ -61.805371093749997, 9.705517578124997 ], [ -61.831152343749991, 9.733056640624994 ], [ -61.837255859374991, 9.782080078124991 ], [ -61.90859375, 9.869921874999989 ], [ -62.016503906249994, 9.9546875 ], [ -62.077099609374997, 9.975048828124997 ], [ -62.11962890625, 9.98486328125 ], [ -62.155322265624989, 9.979248046875 ], [ -62.1474609375, 9.953417968749989 ], [ -62.1703125, 9.879492187499991 ], [ -62.153369140624989, 9.82177734375 ], [ -62.171972656249991, 9.826708984374989 ], [ -62.1904296875, 9.8421875 ], [ -62.221142578124997, 9.882568359375 ], [ -62.256738281249994, 9.818896484374989 ], [ -62.280664062499994, 9.79296875 ], [ -62.2998046875, 9.788183593749991 ], [ -62.320410156249991, 9.783056640624991 ], [ -62.400927734374989, 9.918408203124997 ], [ -62.51513671875, 10.176123046874991 ], [ -62.550341796874989, 10.200439453125 ], [ -62.600488281249994, 10.21728515625 ], [ -62.60791015625, 10.163427734374991 ], [ -62.600488281249994, 10.116943359375 ], [ -62.651171874999989, 10.070654296874991 ], [ -62.740576171874991, 10.05615234375 ], [ -62.694677734374991, 10.10009765625 ], [ -62.66162109375, 10.198583984374991 ], [ -62.685839843749989, 10.289794921875 ], [ -62.706298828125, 10.333056640624989 ], [ -62.78125, 10.399218749999989 ], [ -62.812939453124997, 10.39990234375 ], [ -62.843017578125, 10.417919921874997 ], [ -62.84296875, 10.507226562499994 ], [ -62.91357421875, 10.531494140625 ], [ -62.693554687499997, 10.56298828125 ], [ -62.379980468749991, 10.546875 ], [ -62.23291015625, 10.633984375 ], [ -62.040429687499994, 10.645361328124991 ], [ -61.92138671875, 10.681445312499989 ], [ -61.879492187499991, 10.741015624999989 ], [ -62.242285156249991, 10.699560546874991 ], [ -62.70234375, 10.749804687499989 ], [ -62.946728515624997, 10.707080078124989 ], [ -63.035498046874991, 10.720117187499994 ], [ -63.189892578124997, 10.709179687499997 ], [ -63.496777343749997, 10.643261718749997 ], [ -63.8734375, 10.663769531249997 ], [ -64.201953124999989, 10.632666015624991 ], [ -64.298193359374991, 10.63515625 ], [ -64.247509765624997, 10.542578125 ], [ -64.157910156249997, 10.579248046874994 ], [ -63.862695312499994, 10.558154296874989 ], [ -63.731884765624997, 10.50341796875 ], [ -63.779052734375, 10.471923828125 ], [ -63.833691406249997, 10.448535156249989 ], [ -64.188330078124991, 10.457812499999989 ], [ -64.850488281249994, 10.098095703124997 ], [ -64.944042968749997, 10.095019531249989 ], [ -65.023291015624991, 10.07666015625 ], [ -65.129101562499997, 10.070068359375 ], [ -65.3173828125, 10.122363281249989 ], [ -65.489355468749991, 10.159423828125 ], [ -65.655859375, 10.228466796874997 ], [ -65.851757812499997, 10.257763671874997 ], [ -66.090478515624994, 10.472949218749989 ], [ -66.092138671874991, 10.51708984375 ], [ -66.105859375, 10.574609375 ], [ -66.247216796874994, 10.632226562499994 ], [ -66.989062499999989, 10.610644531249989 ], [ -67.13330078125, 10.570410156249991 ], [ -67.581347656249989, 10.523730468749989 ], [ -67.871630859374989, 10.472070312499994 ], [ -68.139941406249989, 10.492724609374989 ], [ -68.234082031249997, 10.569140624999989 ], [ -68.296289062499994, 10.689355468749994 ], [ -68.32470703125, 10.808740234374994 ], [ -68.272070312499991, 10.880029296874994 ], [ -68.324804687499991, 10.949316406249991 ], [ -68.343164062499994, 11.052832031249991 ], [ -68.398632812499997, 11.160986328124991 ], [ -68.6162109375, 11.309375 ], [ -68.827978515624991, 11.431738281249991 ], [ -69.054589843749994, 11.461035156249991 ], [ -69.232568359374994, 11.518457031249994 ], [ -69.525732421874991, 11.49951171875 ], [ -69.56982421875, 11.485449218749991 ], [ -69.631591796875, 11.479931640624997 ], [ -69.7119140625, 11.564208984375 ], [ -69.762402343749997, 11.676025390625 ], [ -69.810546875, 11.836865234374997 ], [ -69.830615234374989, 11.99560546875 ], [ -69.860107421875, 12.05419921875 ], [ -69.914355468749989, 12.114599609374991 ], [ -70.003955078124989, 12.177880859374994 ], [ -70.122021484374997, 12.136621093749994 ], [ -70.202783203124994, 12.098388671875 ], [ -70.2451171875, 12.003515625 ], [ -70.286523437499994, 11.886035156249989 ], [ -70.220019531249989, 11.730078125 ], [ -70.220117187499994, 11.680859375 ], [ -70.192578125, 11.624609375 ], [ -69.910937499999989, 11.672119140625 ], [ -69.817333984374997, 11.672070312499997 ], [ -69.772900390624997, 11.541308593749989 ], [ -69.804785156249991, 11.47421875 ], [ -69.885351562499991, 11.4443359375 ], [ -70.048535156249997, 11.530322265624989 ], [ -70.097119140624997, 11.519775390625 ], [ -70.159960937499989, 11.428076171874991 ], [ -70.232519531249991, 11.372998046874997 ], [ -70.545605468749997, 11.261376953124994 ], [ -70.820507812499997, 11.208447265624997 ], [ -71.264355468749997, 10.99951171875 ], [ -71.469531249999989, 10.964160156249989 ], [ -71.461132812499997, 10.835644531249997 ], [ -71.544628906249997, 10.778710937499994 ], [ -71.517871093749989, 10.621826171875 ], [ -71.494238281249991, 10.533203125 ], [ -71.462792968749994, 10.46923828125 ], [ -71.386621093749994, 10.263769531249991 ], [ -71.26220703125, 10.143603515624989 ], [ -71.207226562499997, 10.014599609374997 ], [ -71.081738281249997, 9.833203125 ], [ -71.052685546874997, 9.705810546875 ], [ -71.078417968749989, 9.510791015624989 ], [ -71.085839843749994, 9.348242187499991 ], [ -71.205371093749989, 9.222460937499989 ], [ -71.24140625, 9.160449218749989 ], [ -71.297949218749991, 9.125634765624994 ], [ -71.53662109375, 9.048291015624997 ], [ -71.61953125, 9.047949218749991 ], [ -71.68671875, 9.072509765625 ], [ -71.740136718749994, 9.133886718749991 ], [ -71.781347656249991, 9.25 ], [ -71.7607421875, 9.335742187499989 ], [ -71.8056640625, 9.386425781249997 ], [ -71.873046875, 9.427636718749994 ], [ -71.976269531249997, 9.55322265625 ], [ -71.993261718749991, 9.641503906249994 ], [ -72.112841796874989, 9.815576171874994 ], [ -71.955712890624994, 10.108056640624994 ], [ -71.884765625, 10.167236328125 ], [ -71.793505859374989, 10.315966796874989 ], [ -71.664843749999989, 10.44375 ], [ -71.594335937499991, 10.657373046874994 ], [ -71.598437499999989, 10.726220703124994 ], [ -71.6904296875, 10.835498046874989 ], [ -71.730908203124997, 10.994677734374989 ], [ -71.675683593749994, 10.996728515624994 ], [ -71.6416015625, 11.013525390624991 ], [ -71.791455078124997, 11.135058593749989 ], [ -71.835107421874994, 11.190332031249994 ], [ -71.946972656249997, 11.414453125 ], [ -71.957226562499997, 11.4828125 ], [ -71.956933593749994, 11.569921875 ], [ -71.907519531249989, 11.607958984374989 ], [ -71.86865234375, 11.62734375 ], [ -71.488378906249991, 11.71875 ], [ -71.41455078125, 11.755175781249989 ], [ -71.349414062499989, 11.81494140625 ], [ -71.319726562499994, 11.861914062499991 ], [ -71.2841796875, 11.918310546874991 ], [ -71.137304687499991, 12.046337890624997 ], [ -71.155029296875, 12.164160156249991 ], [ -71.262109375, 12.335302734374991 ], [ -71.493994140624991, 12.432275390624994 ], [ -71.597460937499989, 12.434375 ], [ -71.714550781249997, 12.419970703124989 ], [ -71.919140625, 12.30908203125 ], [ -71.93125, 12.26953125 ], [ -71.970117187499994, 12.23828125 ], [ -72.055078125, 12.238427734374994 ], [ -72.1357421875, 12.188574218749991 ], [ -72.165234375, 12.060205078124994 ], [ -72.275, 11.889257812499991 ], [ -72.447070312499989, 11.801708984374997 ], [ -72.721826171874994, 11.712158203125 ], [ -73.313378906249994, 11.295751953124991 ], [ -73.676904296874994, 11.271484375 ], [ -73.795703124999989, 11.275683593749989 ], [ -73.909570312499994, 11.308886718749989 ], [ -74.059130859374989, 11.340625 ], [ -74.142919921874991, 11.320849609374989 ], [ -74.2001953125, 11.265722656249991 ], [ -74.219140625, 11.105322265624991 ], [ -74.299951171874994, 10.952246093749991 ], [ -74.350195312499991, 10.813720703125 ], [ -74.40087890625, 10.765234375 ], [ -74.460253906249989, 10.787060546874997 ], [ -74.516259765624994, 10.8625 ], [ -74.492285156249991, 10.934472656249994 ], [ -74.409570312499994, 10.9671875 ], [ -74.352392578124991, 10.974658203124989 ], [ -74.330224609374994, 10.996679687499991 ], [ -74.454248046874994, 10.989062499999989 ], [ -74.844580078124991, 11.109716796874991 ], [ -74.921582031249997, 11.057568359374997 ], [ -75.123046875, 10.870410156249989 ], [ -75.247949218749994, 10.783251953124989 ], [ -75.280615234374991, 10.727197265624994 ], [ -75.445996093749997, 10.610888671874989 ], [ -75.492773437499991, 10.527636718749989 ], [ -75.5537109375, 10.327734375 ], [ -75.6708984375, 10.196337890624989 ], [ -75.708349609374991, 10.143408203124991 ], [ -75.6421875, 10.172167968749989 ], [ -75.558398437499989, 10.236425781249991 ], [ -75.53857421875, 10.205175781249991 ], [ -75.595898437499997, 10.125830078124991 ], [ -75.592675781249994, 9.992724609374989 ], [ -75.637109375, 9.834277343749989 ], [ -75.680029296874991, 9.729785156249989 ], [ -75.635351562499991, 9.6578125 ], [ -75.603613281249991, 9.538476562499994 ], [ -75.639355468749997, 9.450439453125 ], [ -75.755566406249997, 9.415625 ], [ -75.905029296875, 9.430908203125 ], [ -76.027246093749994, 9.365771484374989 ], [ -76.135498046875, 9.265625 ], [ -76.27685546875, 8.989111328124991 ], [ -76.689355468749994, 8.694726562499994 ], [ -76.80224609375, 8.640673828124989 ], [ -76.887988281249989, 8.619873046875 ], [ -76.920458984374989, 8.57373046875 ], [ -76.872216796874994, 8.512744140624989 ], [ -76.818603515625, 8.464697265624991 ], [ -76.772070312499991, 8.310546875 ], [ -76.742333984374994, 8.002148437499997 ], [ -76.786572265624997, 7.931591796874997 ], [ -76.866894531249997, 7.91796875 ], [ -76.896630859374994, 7.939453125 ], [ -76.924658203124991, 7.973193359374989 ], [ -76.912207031249991, 8.033398437499997 ], [ -76.869091796874997, 8.062695312499997 ], [ -76.851855468749989, 8.090478515624994 ], [ -76.890966796874991, 8.127978515624989 ], [ -76.935839843749989, 8.146826171874991 ], [ -76.992285156249991, 8.250341796874991 ], [ -77.130126953125, 8.400585937499997 ], [ -77.261572265624991, 8.493701171874989 ], [ -77.344140625, 8.63671875 ], [ -77.37421875, 8.658300781249991 ], [ -77.697216796874997, 8.889453124999989 ], [ -77.830810546875, 9.068115234375 ], [ -78.082763671875, 9.236279296874997 ], [ -78.504345703124997, 9.406298828124989 ], [ -78.696923828124994, 9.434765625 ], [ -78.931640625, 9.428466796875 ], [ -78.975, 9.452978515624991 ], [ -79.016699218749991, 9.510449218749997 ], [ -79.112255859374997, 9.536767578124994 ], [ -79.211621093749997, 9.531933593749997 ], [ -79.35546875, 9.569238281249994 ], [ -79.577294921874994, 9.597851562499997 ], [ -79.652246093749994, 9.558203125 ], [ -79.723095703124997, 9.479296874999989 ], [ -79.855078125, 9.378076171874994 ], [ -79.915087890624989, 9.361328125 ], [ -79.977978515624997, 9.343701171874997 ], [ -80.127099609374994, 9.209912109374997 ], [ -80.546875, 9.081933593749994 ], [ -80.676464843749997, 9.021875 ], [ -80.838671874999989, 8.88720703125 ], [ -81.063085937499991, 8.812646484374994 ], [ -81.203759765624994, 8.78671875 ], [ -81.354785156249989, 8.780566406249989 ], [ -81.545605468749997, 8.827001953124991 ], [ -81.712207031249989, 9.018945312499994 ], [ -81.802587890624991, 9.074121093749994 ], [ -81.842382812499991, 9.118701171874989 ], [ -81.894482421874997, 9.140429687499989 ], [ -81.900146484375, 9.111035156249997 ], [ -81.831494140624997, 9.045605468749997 ], [ -81.780224609374997, 8.957226562499997 ], [ -81.826416015625, 8.944091796875 ], [ -81.894140625, 8.956103515624989 ], [ -82.077880859375, 8.934863281249989 ], [ -82.13330078125, 8.980078125 ], [ -82.244189453124989, 9.031494140625 ], [ -82.235449218749991, 9.141650390624989 ], [ -82.20068359375, 9.168115234374994 ], [ -82.188134765624994, 9.191748046874991 ], [ -82.204882812499989, 9.215429687499991 ], [ -82.2724609375, 9.190625 ], [ -82.339746093749994, 9.209179687499997 ], [ -82.375390625, 9.337255859374991 ], [ -82.363183593749994, 9.381933593749991 ], [ -82.370800781249997, 9.428564453124991 ], [ -82.500341796874991, 9.523242187499989 ], [ -82.563574218749991, 9.57666015625 ], [ -82.610156249999989, 9.616015624999989 ], [ -82.778417968749991, 9.66953125 ], [ -82.810302734375, 9.734570312499997 ], [ -82.866308593749991, 9.770947265624997 ], [ -83.028515625, 9.991259765624989 ], [ -83.124609375, 10.041601562499991 ], [ -83.346826171874994, 10.315380859374997 ], [ -83.4482421875, 10.465917968749991 ], [ -83.575292968749991, 10.734716796874991 ], [ -83.588183593749989, 10.814990234374989 ], [ -83.617285156249991, 10.877490234374989 ], [ -83.641992187499994, 10.917236328125 ], [ -83.7140625, 10.933837890625 ], [ -83.767919921874991, 11.01025390625 ], [ -83.831835937499989, 11.130517578124994 ], [ -83.867871093749997, 11.300048828125 ], [ -83.859082031249997, 11.353662109374994 ], [ -83.829394531249989, 11.428173828124997 ], [ -83.776611328125, 11.503955078124989 ], [ -83.744970703124991, 11.566503906249991 ], [ -83.651757812499994, 11.642041015624997 ], [ -83.664306640625, 11.723876953125 ], [ -83.70458984375, 11.824560546874991 ], [ -83.753369140624997, 11.8212890625 ], [ -83.79296875, 11.836181640625 ], [ -83.828906249999989, 11.861035156249997 ], [ -83.813183593749997, 11.896386718749994 ], [ -83.769335937499989, 11.931640625 ], [ -83.773339843749994, 11.977392578124991 ], [ -83.7671875, 12.059277343749997 ], [ -83.715576171875, 12.057421874999989 ], [ -83.697705078124997, 12.029980468749997 ], [ -83.680419921875, 12.024316406249994 ], [ -83.669238281249989, 12.2275390625 ], [ -83.651269531249994, 12.287060546874997 ], [ -83.667333984374991, 12.337060546874994 ], [ -83.716210937499994, 12.40673828125 ], [ -83.754248046874991, 12.501953125 ], [ -83.718359375, 12.552636718749994 ], [ -83.681640625, 12.568115234375 ], [ -83.625341796874991, 12.612890625 ], [ -83.593359375, 12.713085937499997 ], [ -83.578076171874997, 12.667138671874994 ], [ -83.591210937499994, 12.579345703125 ], [ -83.623681640624994, 12.514550781249994 ], [ -83.627197265625, 12.459326171874991 ], [ -83.595898437499997, 12.396484375 ], [ -83.565234374999989, 12.393408203124991 ], [ -83.5109375, 12.411816406249997 ], [ -83.51796875, 12.514111328124997 ], [ -83.541210937499997, 12.596289062499991 ], [ -83.514453124999989, 12.943945312499991 ], [ -83.567333984374997, 13.3203125 ], [ -83.49375, 13.738818359375003 ], [ -83.412304687499997, 13.996484375 ], [ -83.346582031249994, 14.056982421874991 ], [ -83.280810546874989, 14.153613281250003 ], [ -83.211718749999989, 14.267138671875003 ], [ -83.187744140625, 14.340087890625 ], [ -83.29921875, 14.7490234375 ], [ -83.340722656249994, 14.765283203124994 ], [ -83.374853515624991, 14.76611328125 ], [ -83.413720703124994, 14.825341796874994 ], [ -83.389013671874991, 14.870654296875003 ], [ -83.344384765624994, 14.902099609375 ], [ -83.306347656249997, 14.890527343749994 ], [ -83.302001953125, 14.802099609374991 ], [ -83.279882812499991, 14.812792968750003 ], [ -83.215917968749991, 14.932373046875 ], [ -83.185351562499989, 14.956396484374991 ], [ -83.157519531249989, 14.993066406249994 ], [ -83.2255859375, 15.042285156250003 ], [ -83.290869140624991, 15.07890625 ], [ -83.369189453124989, 15.239990234375 ], [ -83.646386718749994, 15.368408203125 ], [ -83.676123046874991, 15.365429687499997 ], [ -83.551074218749989, 15.293994140625003 ], [ -83.497949218749994, 15.222119140624997 ], [ -83.535937499999989, 15.219384765624994 ], [ -83.589648437499989, 15.265771484374994 ], [ -83.672167968749989, 15.2607421875 ], [ -83.715917968749991, 15.21923828125 ], [ -83.760449218749997, 15.220361328124994 ], [ -83.801660156249994, 15.289257812499997 ], [ -83.870654296874989, 15.352734375 ], [ -83.927441406249997, 15.39404296875 ], [ -84.01318359375, 15.414404296874991 ], [ -84.047949218749991, 15.397607421874994 ], [ -84.095068359374991, 15.400927734375003 ], [ -84.105175781249997, 15.430126953124997 ], [ -84.111328125, 15.492431640625 ], [ -84.082763671875, 15.510888671874994 ], [ -83.972802734374994, 15.519628906249991 ], [ -83.765283203124994, 15.40546875 ], [ -83.775488281249991, 15.436865234374991 ], [ -84.261425781249997, 15.822607421874991 ], [ -84.519628906249991, 15.872753906249997 ], [ -84.490380859374994, 15.847265625 ], [ -84.425976562499997, 15.829492187499994 ], [ -84.440039062499991, 15.812597656249991 ], [ -84.492285156249991, 15.7939453125 ], [ -84.559667968749991, 15.802001953125 ], [ -84.64609375, 15.88359375 ], [ -84.973730468749991, 15.989892578124994 ], [ -85.048242187499994, 15.973974609374991 ], [ -85.163671875, 15.918164062499997 ], [ -85.483691406249989, 15.899511718749991 ], [ -85.783984374999989, 16.002832031249994 ], [ -85.985644531249989, 16.024169921875 ], [ -85.953906249999989, 16.002246093750003 ], [ -85.936279296875, 15.953417968750003 ], [ -86.068554687499997, 15.905664062499994 ], [ -86.181201171874989, 15.88515625 ], [ -86.356640625, 15.783203125 ], [ -86.480810546874991, 15.801074218750003 ], [ -86.75703125, 15.794238281250003 ], [ -86.9072265625, 15.762353515624994 ], [ -87.285888671875, 15.834423828124997 ], [ -87.377490234374989, 15.826464843750003 ], [ -87.486914062499991, 15.790185546874994 ], [ -87.544970703124989, 15.832373046874991 ], [ -87.6181640625, 15.909863281249997 ], [ -87.701855468749997, 15.91064453125 ], [ -87.874951171874997, 15.879345703124997 ], [ -87.907031249999989, 15.862597656250003 ], [ -88.010400390624994, 15.786181640625003 ], [ -88.054589843749994, 15.76484375 ], [ -88.131103515625, 15.701025390624991 ], [ -88.228320312499989, 15.72900390625 ], [ -88.593945312499997, 15.950292968749991 ], [ -88.597998046874991, 15.92734375 ], [ -88.571582031249989, 15.901074218749997 ], [ -88.536230468749991, 15.849609375 ], [ -88.603369140624991, 15.76416015625 ], [ -88.708642578124994, 15.806542968749994 ], [ -88.79833984375, 15.8625 ], [ -88.839990234374994, 15.868994140624991 ], [ -88.89404296875, 15.890625 ], [ -88.91171875, 15.956005859374997 ], [ -88.879101562499997, 16.016650390625003 ], [ -88.695166015624991, 16.24765625 ], [ -88.562304687499989, 16.290429687499994 ], [ -88.461132812499997, 16.433789062499997 ], [ -88.404541015625, 16.488623046874991 ], [ -88.313427734374997, 16.632763671874997 ], [ -88.261816406249991, 16.963037109374994 ], [ -88.293994140624989, 17.192138671875 ], [ -88.288818359375, 17.312695312499997 ], [ -88.2671875, 17.392578125 ], [ -88.203466796874991, 17.5166015625 ], [ -88.271728515625, 17.60986328125 ], [ -88.221435546875, 17.751367187499994 ], [ -88.207470703124997, 17.84609375 ], [ -88.097216796874989, 18.121630859375003 ], [ -88.085253906249989, 18.226123046875003 ], [ -88.130273437499994, 18.350732421874994 ], [ -88.247265625, 18.3546875 ], [ -88.295654296875, 18.344091796874991 ], [ -88.349267578124994, 18.358837890624997 ], [ -88.295654296875, 18.472412109375 ], [ -88.275732421874991, 18.514550781249994 ], [ -88.1953125, 18.642626953125003 ], [ -88.19677734375, 18.719677734374997 ], [ -88.126757812499989, 18.773046875 ], [ -88.073779296874989, 18.83447265625 ], [ -88.03173828125, 18.838916015625003 ], [ -88.011132812499994, 18.726855468750003 ], [ -88.056445312499989, 18.524462890625003 ], [ -88.0390625, 18.48388671875 ], [ -87.959667968749997, 18.440869140624997 ], [ -87.881982421874994, 18.273876953124997 ], [ -87.853222656249997, 18.268994140624997 ], [ -87.804101562499994, 18.357080078124994 ], [ -87.761816406249991, 18.446142578124991 ], [ -87.733544921874994, 18.655029296875 ], [ -87.653027343749997, 18.798535156249997 ], [ -87.593554687499989, 19.04638671875 ], [ -87.501074218749991, 19.287792968749997 ], [ -87.509472656249997, 19.317480468749991 ], [ -87.55078125, 19.320947265624994 ], [ -87.6220703125, 19.25048828125 ], [ -87.65576171875, 19.257861328125003 ], [ -87.65869140625, 19.35234375 ], [ -87.627539062499991, 19.382714843749994 ], [ -87.566992187499991, 19.415722656249997 ], [ -87.512890625, 19.425585937500003 ], [ -87.482666015625, 19.44375 ], [ -87.434716796874994, 19.501708984375 ], [ -87.424755859374997, 19.583349609374991 ], [ -87.469384765624994, 19.586474609375003 ], [ -87.511669921874997, 19.57470703125 ], [ -87.587304687499994, 19.572998046875 ], [ -87.645312499999989, 19.55390625 ], [ -87.690087890624994, 19.593701171874997 ], [ -87.687695312499997, 19.637109375 ], [ -87.585791015624991, 19.779492187499997 ], [ -87.506884765624989, 19.827490234374991 ], [ -87.466210937499994, 19.824169921874997 ], [ -87.441748046874991, 19.861523437499997 ], [ -87.431933593749989, 19.898486328125003 ], [ -87.4658203125, 19.99853515625 ], [ -87.4671875, 20.102148437499991 ], [ -87.42138671875, 20.231396484374997 ], [ -87.221240234374989, 20.507275390624997 ], [ -87.0595703125, 20.63125 ], [ -86.926220703124997, 20.786474609374991 ], [ -86.864697265624997, 20.885058593750003 ], [ -86.815527343749991, 21.005224609374991 ], [ -86.771777343749989, 21.150537109374994 ], [ -86.803857421874994, 21.200048828124991 ], [ -86.817089843749997, 21.234228515624991 ], [ -86.824072265624991, 21.421679687500003 ], [ -86.91171875, 21.462841796874997 ], [ -87.034765625, 21.592236328124997 ], [ -87.128466796874989, 21.621484375 ], [ -87.216455078124994, 21.582421875 ], [ -87.275732421874991, 21.571630859374991 ], [ -87.368505859374991, 21.57373046875 ], [ -87.386669921874997, 21.551464843749997 ], [ -87.295751953124991, 21.524951171875003 ], [ -87.249462890624997, 21.526611328125 ], [ -87.210595703124994, 21.5439453125 ], [ -87.188281249999989, 21.546435546875003 ], [ -87.164306640625, 21.514208984375003 ], [ -87.187597656249991, 21.477294921875 ], [ -87.217919921874994, 21.4580078125 ], [ -87.250878906249994, 21.446972656249997 ], [ -87.48046875, 21.472460937500003 ], [ -87.688818359374991, 21.535839843749997 ], [ -87.773730468749989, 21.549511718749997 ], [ -88.0068359375, 21.604052734375003 ], [ -88.131640624999989, 21.615869140624994 ], [ -88.17138671875, 21.603515625 ], [ -88.171728515624991, 21.591455078124994 ], [ -88.184765625, 21.578955078124991 ], [ -88.251025390624989, 21.56689453125 ], [ -88.466699218749994, 21.569384765625003 ], [ -88.584912109374997, 21.538671875 ], [ -88.746679687499991, 21.448144531249994 ], [ -88.878710937499989, 21.414111328125003 ], [ -89.819775390624997, 21.274609375 ], [ -89.887646484374997, 21.252636718749997 ], [ -90.182910156249989, 21.120898437500003 ], [ -90.353125, 21.009423828124994 ], [ -90.43515625, 20.757519531249997 ], [ -90.458447265624997, 20.713720703124991 ], [ -90.484130859375, 20.556347656249997 ], [ -90.478320312499989, 20.379980468749991 ], [ -90.486376953124989, 20.224023437499994 ], [ -90.482421875, 20.025732421874991 ], [ -90.49169921875, 19.94677734375 ], [ -90.507080078125, 19.911865234375 ], [ -90.650097656249997, 19.795947265625003 ], [ -90.693164062499989, 19.729882812499994 ], [ -90.7392578125, 19.352246093749997 ], [ -90.955029296874997, 19.151660156250003 ], [ -91.058935546874991, 19.098193359375003 ], [ -91.1359375, 19.0375 ], [ -91.436669921874994, 18.889794921874994 ], [ -91.457861328124991, 18.864648437499994 ], [ -91.469189453124997, 18.8330078125 ], [ -91.445556640625, 18.8328125 ], [ -91.343066406249989, 18.900585937499997 ], [ -91.334228515625, 18.876806640624991 ], [ -91.367773437499991, 18.806103515624997 ], [ -91.356298828124991, 18.7765625 ], [ -91.308300781249997, 18.773291015624991 ], [ -91.278759765624997, 18.720654296874997 ], [ -91.275244140624991, 18.624462890624997 ], [ -91.440478515624989, 18.541845703124991 ], [ -91.533984374999989, 18.45654296875 ], [ -91.599707031249991, 18.447167968749994 ], [ -91.802978515625, 18.470605468749994 ], [ -91.91357421875, 18.528515625 ], [ -91.942675781249989, 18.563427734374997 ], [ -91.88046875, 18.599658203125003 ], [ -91.88037109375, 18.637792968749991 ], [ -91.973779296874994, 18.715869140625003 ], [ -92.103222656249997, 18.704394531250003 ], [ -92.213183593749989, 18.684863281250003 ], [ -92.441015625, 18.67529296875 ], [ -92.485302734374997, 18.664794921875 ], [ -92.710107421874994, 18.611669921874991 ], [ -92.728955078124997, 18.574511718750003 ], [ -92.769091796874989, 18.524121093749997 ], [ -92.884765625, 18.468652343749994 ], [ -93.12734375, 18.4234375 ], [ -93.227929687499994, 18.443798828124997 ], [ -93.55234375, 18.43046875 ], [ -93.764404296875, 18.35791015625 ], [ -93.873144531249991, 18.304443359375 ], [ -94.189013671874989, 18.195263671874997 ], [ -94.392285156249997, 18.165966796874997 ], [ -94.459765624999989, 18.166650390624994 ], [ -94.546191406249989, 18.174853515625003 ], [ -94.681640625, 18.348486328124991 ], [ -94.798144531249989, 18.514599609374997 ], [ -95.014697265624989, 18.570605468750003 ], [ -95.181835937499997, 18.700732421875003 ], [ -95.561425781249994, 18.719140625 ], [ -95.697119140624991, 18.77490234375 ], [ -95.719824218749991, 18.768359375 ], [ -95.654931640624994, 18.723681640625003 ], [ -95.578320312499997, 18.6904296875 ], [ -95.626806640624991, 18.690576171874994 ], [ -95.821093749999989, 18.754638671875 ], [ -95.920361328124997, 18.819580078125 ], [ -95.92822265625, 18.85009765625 ], [ -95.810351562499989, 18.803857421874994 ], [ -95.778125, 18.805517578124991 ], [ -95.913037109374997, 18.897167968749997 ], [ -95.984667968749989, 19.053759765625003 ], [ -96.073388671874994, 19.105664062499997 ], [ -96.123974609374997, 19.199072265624991 ], [ -96.28955078125, 19.34375 ], [ -96.315332031249994, 19.472851562499997 ], [ -96.368359375, 19.567236328124991 ], [ -96.4560546875, 19.869775390624994 ], [ -96.708691406249997, 20.18828125 ], [ -97.121435546874991, 20.614990234375 ], [ -97.186328124999989, 20.717041015625 ], [ -97.194970703124994, 20.800097656250003 ], [ -97.357128906249997, 21.10400390625 ], [ -97.500585937499991, 21.398046875 ], [ -97.501074218749991, 21.43203125 ], [ -97.514550781249994, 21.477978515624997 ], [ -97.566552734374994, 21.507714843749994 ], [ -97.597607421874997, 21.535888671875 ], [ -97.637548828124991, 21.603662109374994 ], [ -97.753808593749994, 22.026660156250003 ], [ -97.590380859374989, 21.762011718750003 ], [ -97.456591796874989, 21.612402343749991 ], [ -97.383447265624994, 21.566699218750003 ], [ -97.384814453124989, 21.523828125 ], [ -97.424414062499991, 21.46533203125 ], [ -97.434130859374989, 21.356494140625003 ], [ -97.4091796875, 21.272558593749991 ], [ -97.387548828124991, 21.373925781249994 ], [ -97.336865234374997, 21.437890625 ], [ -97.314501953124989, 21.564208984375 ], [ -97.360156249999989, 21.614941406249997 ], [ -97.484521484374994, 21.704833984375 ], [ -97.584765624999989, 21.808544921874997 ], [ -97.76328125, 22.105859375 ], [ -97.782373046874994, 22.279296875 ], [ -97.842480468749997, 22.510302734375003 ], [ -97.841601562499989, 22.557080078124997 ], [ -97.8578125, 22.62451171875 ], [ -97.816699218749989, 22.776318359374997 ], [ -97.758349609374989, 22.886035156250003 ], [ -97.745214843749991, 22.9423828125 ], [ -97.765869140625, 23.30615234375 ], [ -97.727392578124991, 23.732226562500003 ], [ -97.74267578125, 23.760644531249994 ], [ -97.728613281249991, 23.787939453124991 ], [ -97.717041015625, 23.980615234374994 ], [ -97.667675781249997, 24.389990234374991 ], [ -97.507080078125, 25.014550781249994 ], [ -97.424072265625, 25.233105468749997 ], [ -97.224902343749989, 25.58544921875 ], [ -97.164453125, 25.754931640625003 ], [ -97.146240234375, 25.961474609375003 ], [ -97.140185546874989, 26.029736328124997 ], [ -97.150390625, 26.065332031249994 ], [ -97.213916015624989, 26.06787109375 ], [ -97.40234375, 26.396533203124996 ], [ -97.43505859375, 26.48583984375 ], [ -97.4658203125, 26.691748046874999 ], [ -97.493798828124994, 26.759619140624999 ], [ -97.526513671874994, 26.907519531249996 ], [ -97.5546875, 26.967333984374996 ], [ -97.516503906249994, 27.05322265625 ], [ -97.475683593749991, 27.117871093749997 ], [ -97.474511718749994, 27.172949218749999 ], [ -97.485107421875, 27.237402343749999 ], [ -97.6923828125, 27.287158203124996 ], [ -97.768457031249994, 27.45751953125 ], [ -97.68212890625, 27.394921875 ], [ -97.523876953124997, 27.31396484375 ], [ -97.479785156249989, 27.316601562499997 ], [ -97.439111328124994, 27.328271484374994 ], [ -97.38046875, 27.419335937499994 ], [ -97.288720703124994, 27.670605468749997 ], [ -97.431494140624991, 27.837207031249996 ], [ -97.404394531249991, 27.859326171874997 ], [ -97.374121093749991, 27.870019531249994 ], [ -97.2515625, 27.854443359374997 ], [ -97.171435546874989, 27.879589843749997 ], [ -97.073095703124991, 27.986083984375 ], [ -97.034326171874994, 28.093847656249999 ], [ -97.141259765624994, 28.060742187499997 ], [ -97.155078124999989, 28.102636718749999 ], [ -97.156494140625, 28.144335937499996 ], [ -97.096044921874991, 28.158251953124996 ], [ -97.015478515624991, 28.163476562499994 ], [ -96.966650390624991, 28.189550781249999 ], [ -96.933300781249997, 28.224267578124994 ], [ -96.919873046874997, 28.185351562499996 ], [ -96.8916015625, 28.157568359374999 ], [ -96.839501953124994, 28.194384765624996 ], [ -96.806884765625, 28.22021484375 ], [ -96.794580078124994, 28.320849609374996 ], [ -96.773535156249991, 28.421630859375 ], [ -96.676367187499991, 28.34130859375 ], [ -96.56171875, 28.367138671874997 ], [ -96.488818359374989, 28.406054687499996 ], [ -96.42109375, 28.457324218749996 ], [ -96.475488281249994, 28.479199218749997 ], [ -96.524658203125, 28.488720703124997 ], [ -96.640039062499994, 28.708789062499996 ], [ -96.608496093749991, 28.723291015624994 ], [ -96.57568359375, 28.715722656249994 ], [ -96.559716796874994, 28.684472656249994 ], [ -96.526025390624994, 28.648291015624999 ], [ -96.44873046875, 28.594482421875 ], [ -96.374121093749991, 28.631103515625 ], [ -96.3734375, 28.65703125 ], [ -96.275341796874997, 28.655126953124999 ], [ -96.115039062499989, 28.622216796874994 ], [ -96.011035156249989, 28.631933593749999 ], [ -96.132275390624997, 28.560888671874999 ], [ -96.234521484374994, 28.488964843749997 ], [ -96.180517578124991, 28.501855468749994 ], [ -96.020410156249994, 28.586816406249994 ], [ -95.853417968749994, 28.640332031249997 ], [ -95.732373046874997, 28.71171875 ], [ -95.655859375, 28.74462890625 ], [ -95.387646484374997, 28.8984375 ], [ -95.273486328124989, 28.9638671875 ], [ -95.152148437499989, 29.079248046874994 ], [ -95.1390625, 29.167822265624999 ], [ -95.018310546875, 29.259472656249997 ], [ -94.88828125, 29.370556640624997 ], [ -94.935888671874991, 29.46044921875 ], [ -94.992822265624994, 29.530957031249997 ], [ -95.022851562499994, 29.70234375 ], [ -94.982275390624991, 29.712597656249997 ], [ -94.929882812499997, 29.68017578125 ], [ -94.889892578125, 29.676953125 ], [ -94.832324218749989, 29.752587890624994 ], [ -94.741943359375, 29.75 ], [ -94.724365234375, 29.6552734375 ], [ -94.778271484374997, 29.5478515625 ], [ -94.732617187499997, 29.535351562499997 ], [ -94.605322265624991, 29.567822265624997 ], [ -94.526269531249994, 29.547949218749999 ], [ -94.750146484374994, 29.418017578124996 ], [ -94.759619140624991, 29.38427734375 ], [ -94.574462890625, 29.484521484374994 ], [ -94.099658203124989, 29.67041015625 ], [ -93.890478515624991, 29.689355468749994 ], [ -93.886376953124994, 29.72265625 ], [ -93.9462890625, 29.814990234374996 ], [ -93.841455078124994, 29.979736328125 ], [ -93.793994140624989, 29.977246093749997 ], [ -93.76904296875, 29.952294921874994 ], [ -93.773095703124994, 29.9140625 ], [ -93.808789062499997, 29.850830078125 ], [ -93.848339843749997, 29.81884765625 ], [ -93.883886718749991, 29.810009765624997 ], [ -93.86572265625, 29.755615234375 ], [ -93.826464843749989, 29.725146484374996 ], [ -93.765917968749989, 29.752685546875 ], [ -93.69482421875, 29.769921875 ], [ -93.388476562499989, 29.7765625 ], [ -93.283203125, 29.789404296874999 ], [ -93.175683593749994, 29.778955078124994 ], [ -92.952392578125, 29.714160156249996 ], [ -92.791308593749989, 29.634667968749994 ], [ -92.671289062499994, 29.597070312499994 ], [ -92.260839843749991, 29.556835937499997 ], [ -92.084033203124989, 29.592822265624996 ], [ -92.058886718749989, 29.6171875 ], [ -92.113964843749997, 29.667675781249997 ], [ -92.135498046875, 29.699462890625 ], [ -92.080224609374994, 29.7607421875 ], [ -92.017333984375, 29.80029296875 ], [ -91.893164062499991, 29.836035156249999 ], [ -91.824414062499997, 29.750683593749997 ], [ -91.672460937499991, 29.74609375 ], [ -91.564794921874991, 29.605322265624999 ], [ -91.514208984374989, 29.555371093749997 ], [ -91.330957031249994, 29.513574218749994 ], [ -91.277734375, 29.562890625 ], [ -91.248828124999989, 29.564208984375 ], [ -91.26025390625, 29.50546875 ], [ -91.243994140624991, 29.457324218749996 ], [ -91.155371093749991, 29.350683593749999 ], [ -91.15078125, 29.317919921874996 ], [ -91.2375, 29.330957031249994 ], [ -91.28271484375, 29.320751953124997 ], [ -91.290136718749991, 29.288964843749994 ], [ -91.002734374999989, 29.193505859374994 ], [ -90.751025390624989, 29.130859375 ], [ -90.677490234375, 29.150634765625 ], [ -90.586230468749989, 29.271533203124996 ], [ -90.502490234374989, 29.299755859374997 ], [ -90.379199218749989, 29.295117187499997 ], [ -90.301611328124991, 29.255810546874997 ], [ -90.246728515624994, 29.131005859374994 ], [ -90.212792968749994, 29.104931640624997 ], [ -90.135839843749991, 29.136083984374999 ], [ -90.101367187499989, 29.181787109374994 ], [ -90.082714843749997, 29.23974609375 ], [ -90.07373046875, 29.296777343749994 ], [ -90.052783203124989, 29.336816406249994 ], [ -90.05234375, 29.431396484375 ], [ -90.10078125, 29.463330078124997 ], [ -90.141259765624994, 29.479736328125 ], [ -90.160791015624994, 29.50439453125 ], [ -90.159082031249994, 29.537158203124996 ], [ -89.877246093749989, 29.4580078125 ], [ -89.818261718749994, 29.416113281249999 ], [ -89.79736328125, 29.380615234375 ], [ -89.792382812499994, 29.333203125 ], [ -89.716992187499997, 29.312890625 ], [ -89.672460937499991, 29.316503906249999 ], [ -89.620263671874994, 29.302392578124994 ], [ -89.5771484375, 29.267529296874997 ], [ -89.521777343749989, 29.249267578125 ], [ -89.443164062499989, 29.194140625 ], [ -89.389208984374989, 29.105029296874996 ], [ -89.353515625, 29.070214843749994 ], [ -89.376123046874994, 28.981347656249994 ], [ -89.33056640625, 28.998681640624994 ], [ -89.236083984375, 29.081103515624996 ], [ -89.195263671874997, 29.054003906249996 ], [ -89.155517578125, 29.0166015625 ], [ -89.133349609374989, 29.046142578125 ], [ -89.109521484374994, 29.098681640624996 ], [ -89.021386718749994, 29.142724609374994 ], [ -89.015722656249991, 29.202880859375 ], [ -89.065332031249994, 29.218164062499994 ], [ -89.116845703124994, 29.248242187499997 ], [ -89.180761718749991, 29.335693359375 ], [ -89.245703125, 29.333203125 ], [ -89.513671875, 29.420068359374994 ], [ -89.580322265625, 29.486035156249997 ], [ -89.6748046875, 29.538671875 ], [ -89.720898437499997, 29.619287109374994 ], [ -89.689208984375, 29.646044921874996 ], [ -89.682958984374991, 29.674853515624996 ], [ -89.662109375, 29.683691406249999 ], [ -89.620654296874989, 29.674121093749996 ], [ -89.559326171875, 29.698046875 ], [ -89.590869140624989, 29.725292968749997 ], [ -89.530664062499994, 29.772216796875 ], [ -89.455419921874991, 29.784375 ], [ -89.354443359374997, 29.820214843749994 ], [ -89.36279296875, 29.839794921874997 ], [ -89.357861328124997, 29.920996093749999 ], [ -89.400927734374989, 29.977685546874994 ], [ -89.4140625, 30.010888671874994 ], [ -89.400732421874991, 30.046044921874994 ], [ -89.494433593749989, 30.058154296874996 ], [ -89.563378906249994, 30.002099609374994 ], [ -89.589501953124994, 29.9150390625 ], [ -89.631689453124991, 29.90380859375 ], [ -89.743798828124994, 29.929833984374994 ], [ -89.815185546875, 30.007275390624997 ], [ -89.777246093749994, 30.045703125 ], [ -89.714697265624991, 30.078320312499997 ], [ -89.6650390625, 30.117041015624999 ], [ -89.667529296874989, 30.14453125 ], [ -89.737451171874994, 30.171972656249999 ], [ -89.773144531249997, 30.13720703125 ], [ -89.812255859375, 30.123681640624994 ], [ -89.89404296875, 30.125878906249994 ], [ -89.994189453124989, 30.059277343749997 ], [ -90.175341796874989, 30.029101562499996 ], [ -90.284960937499989, 30.065087890624994 ], [ -90.413037109374997, 30.140332031249997 ], [ -90.331982421874997, 30.277587890625 ], [ -90.225292968749997, 30.379296875 ], [ -90.1259765625, 30.369091796874997 ], [ -90.045214843749989, 30.351416015624999 ], [ -89.954248046874994, 30.26875 ], [ -89.588476562499991, 30.165966796874997 ], [ -89.520849609374991, 30.192626953125 ], [ -89.443505859374994, 30.22314453125 ], [ -89.320556640625, 30.3453125 ], [ -89.263574218749994, 30.343652343749994 ], [ -89.2236328125, 30.332373046874999 ], [ -89.054052734374991, 30.368261718749999 ], [ -88.905224609374997, 30.415136718749999 ], [ -88.872949218749994, 30.416308593749996 ], [ -88.819921875, 30.406494140625 ], [ -88.692089843749997, 30.355371093749994 ], [ -88.399609375, 30.370800781249997 ], [ -88.349902343749989, 30.373486328124997 ], [ -88.24921875, 30.363183593749994 ], [ -88.135449218749997, 30.366601562499994 ], [ -88.116552734374991, 30.415332031249996 ], [ -88.078369140625, 30.566210937499996 ], [ -88.032421875, 30.68125 ], [ -88.011328125, 30.694189453124999 ], [ -87.948876953124994, 30.626904296874997 ], [ -87.922998046874994, 30.5615234375 ], [ -87.92431640625, 30.449658203124997 ], [ -87.897607421874994, 30.414160156249999 ], [ -87.857128906249997, 30.407421875 ], [ -87.813281249999989, 30.346875 ], [ -87.790283203125, 30.291796875 ], [ -87.904003906249997, 30.259082031249996 ], [ -87.985009765624994, 30.25439453125 ], [ -88.005957031249991, 30.230908203124997 ], [ -87.622265625, 30.264746093749999 ], [ -87.51328125, 30.368115234374997 ], [ -87.489501953125, 30.377685546875 ], [ -87.448291015624989, 30.394140625 ], [ -87.44375, 30.363818359374996 ], [ -87.500732421875, 30.309277343749997 ], [ -87.47578125, 30.294287109374999 ], [ -87.281054687499989, 30.339257812499994 ], [ -87.251074218749991, 30.396679687499997 ], [ -87.184667968749991, 30.453710937499999 ], [ -87.170605468749997, 30.538769531249997 ], [ -87.118798828124994, 30.538964843749994 ], [ -87.072021484375, 30.500439453124997 ], [ -87.033886718749997, 30.55390625 ], [ -86.99755859375, 30.5703125 ], [ -86.965136718749989, 30.501904296874997 ], [ -86.985791015624997, 30.430859375 ], [ -87.123779296875, 30.396679687499997 ], [ -87.163720703124994, 30.37421875 ], [ -87.201171875, 30.339257812499994 ], [ -86.967626953124991, 30.372363281249996 ], [ -86.679638671874997, 30.402880859374996 ], [ -86.606054687499991, 30.424707031249994 ], [ -86.523388671874997, 30.467089843749996 ], [ -86.447949218749997, 30.49560546875 ], [ -86.374169921874994, 30.482080078124994 ], [ -86.257373046874989, 30.493017578124999 ], [ -86.165673828124994, 30.464257812499994 ], [ -86.1376953125, 30.441552734374994 ], [ -86.123828124999989, 30.405810546874996 ], [ -86.240087890624991, 30.429101562499994 ], [ -86.454443359374991, 30.399121093749997 ], [ -86.175146484374991, 30.33251953125 ], [ -85.855664062499997, 30.214404296874996 ], [ -85.790771484375, 30.171972656249999 ], [ -85.755810546874997, 30.1669921875 ], [ -85.742968749999989, 30.201269531249999 ], [ -85.740820312499991, 30.244384765625 ], [ -85.675878906249991, 30.279296875 ], [ -85.603515625, 30.286767578124994 ], [ -85.640966796874991, 30.236914062499999 ], [ -85.663427734374991, 30.189453125 ], [ -85.610253906249994, 30.148388671874997 ], [ -85.623486328124997, 30.117089843749994 ], [ -85.67578125, 30.121923828124999 ], [ -85.504296875, 29.97578125 ], [ -85.353613281249991, 29.875732421875 ], [ -85.306835937499997, 29.7978515625 ], [ -85.314892578124997, 29.758105468749996 ], [ -85.33642578125, 29.740136718749994 ], [ -85.383447265624994, 29.785058593749994 ], [ -85.413818359375, 29.842480468749997 ], [ -85.413818359375, 29.767578125 ], [ -85.376367187499994, 29.695214843749994 ], [ -85.318945312499991, 29.680224609374996 ], [ -85.18603515625, 29.707910156249994 ], [ -85.029296875, 29.72109375 ], [ -84.969189453124997, 29.7453125 ], [ -84.888916015625, 29.777636718749996 ], [ -84.800537109375, 29.773046875 ], [ -84.55, 29.897851562499994 ], [ -84.454052734374997, 29.91015625 ], [ -84.3828125, 29.907373046874994 ], [ -84.358691406249989, 29.929394531249997 ], [ -84.375341796874991, 29.982275390624999 ], [ -84.355615234374994, 30.029003906249997 ], [ -84.309667968749991, 30.064746093749996 ], [ -84.044238281249989, 30.103808593749996 ], [ -83.694384765624989, 29.925976562499997 ], [ -83.290478515624997, 29.451904296875 ], [ -82.769335937499989, 29.0515625 ], [ -82.651464843749991, 28.8875 ], [ -82.64404296875, 28.81201171875 ], [ -82.650585937499997, 28.769921875 ], [ -82.66064453125, 28.48583984375 ], [ -82.74853515625, 28.23681640625 ], [ -82.843505859375, 27.845996093749996 ], [ -82.807568359374997, 27.7765625 ], [ -82.775292968749994, 27.734375 ], [ -82.742871093749997, 27.709375 ], [ -82.71533203125, 27.733105468749997 ], [ -82.660888671875, 27.718408203124994 ], [ -82.626025390624989, 27.745996093749994 ], [ -82.610986328124994, 27.777246093749994 ], [ -82.596582031249994, 27.873242187499997 ], [ -82.6337890625, 27.897753906249996 ], [ -82.675195312499994, 27.963769531249994 ], [ -82.6359375, 27.981201171875 ], [ -82.57958984375, 27.958447265624997 ], [ -82.520605468749991, 27.877880859374997 ], [ -82.498144531249991, 27.867919921875 ], [ -82.445703125, 27.90283203125 ], [ -82.40576171875, 27.862890625 ], [ -82.400537109374994, 27.835400390624997 ], [ -82.430517578124991, 27.771142578124994 ], [ -82.520849609374991, 27.678271484374996 ], [ -82.635839843749991, 27.524560546874994 ], [ -82.68671875, 27.515283203124994 ], [ -82.714599609375, 27.499609375 ], [ -82.655371093749991, 27.44921875 ], [ -82.620458984374991, 27.401074218749997 ], [ -82.441357421874997, 27.059667968749999 ], [ -82.354052734374989, 26.935742187499997 ], [ -82.2900390625, 26.870800781249997 ], [ -82.242871093749997, 26.848876953125 ], [ -82.1806640625, 26.840087890625 ], [ -82.168603515624994, 26.874365234374999 ], [ -82.181103515624997, 26.936767578125 ], [ -82.095703125, 26.963427734374996 ], [ -82.01328125, 26.961572265624994 ], [ -82.066943359374989, 26.891552734374997 ], [ -82.077880859375, 26.704345703125 ], [ -82.039599609374989, 26.552050781249996 ], [ -82.006396484374989, 26.53984375 ], [ -81.970166015624997, 26.552050781249996 ], [ -81.920556640624994, 26.631445312499999 ], [ -81.881542968749997, 26.664697265624994 ], [ -81.828662109374989, 26.687060546874996 ], [ -81.8955078125, 26.59716796875 ], [ -81.958935546874997, 26.489941406249997 ], [ -81.931494140624991, 26.467480468749997 ], [ -81.866552734374991, 26.435009765624997 ], [ -81.811474609374997, 26.14609375 ], [ -81.715478515624994, 25.983154296875 ], [ -81.568261718749994, 25.891552734374997 ], [ -81.364941406249997, 25.8310546875 ], [ -81.345068359374991, 25.731835937499994 ], [ -81.227148437499991, 25.583398437499994 ], [ -81.113330078124989, 25.367236328125003 ], [ -81.056835937499997, 25.338134765625 ], [ -80.980371093749994, 25.311669921874994 ], [ -80.9404296875, 25.264208984375003 ], [ -80.965380859374989, 25.224316406249997 ], [ -81.09765625, 25.319140625 ], [ -81.136035156249989, 25.309667968749991 ], [ -81.15869140625, 25.268994140624997 ], [ -81.167382812499994, 25.228515625 ], [ -81.110498046874994, 25.138037109374991 ], [ -81.011962890625, 25.133251953124997 ], [ -80.862207031249994, 25.176171875 ], [ -80.736523437499997, 25.156347656249991 ], [ -80.5576171875, 25.232421875 ], [ -80.484667968749989, 25.229833984374991 ], [ -80.366943359375, 25.33125 ], [ -80.327734375, 25.427099609374991 ], [ -80.300830078124989, 25.618554687499994 ], [ -80.219091796874991, 25.741748046875003 ], [ -80.158935546875, 25.878320312499994 ], [ -80.142919921874991, 25.8740234375 ], [ -80.136279296874989, 25.842626953124991 ], [ -80.126367187499994, 25.83349609375 ], [ -80.110595703125, 26.131591796875 ], [ -80.041308593749989, 26.568603515625 ], [ -80.050048828125, 26.807714843749999 ], [ -80.088671874999989, 26.993945312499996 ], [ -80.125781249999989, 27.0830078125 ], [ -80.226123046874989, 27.20703125 ], [ -80.650097656249997, 28.180908203125 ], [ -80.686376953124991, 28.272167968749997 ], [ -80.748632812499991, 28.381005859374994 ], [ -80.787207031249991, 28.560644531249999 ], [ -80.818408203124989, 28.635595703124999 ], [ -80.838183593749989, 28.757666015624999 ], [ -80.808691406249991, 28.758935546874994 ], [ -80.77099609375, 28.732470703124996 ], [ -80.779882812499991, 28.682958984374999 ], [ -80.765917968749989, 28.6328125 ], [ -80.700244140624989, 28.600927734374999 ], [ -80.6884765625, 28.578515625 ], [ -80.729052734374989, 28.516210937499999 ], [ -80.731738281249989, 28.462890625 ], [ -80.693505859374994, 28.344970703125 ], [ -80.665478515624997, 28.374902343749994 ], [ -80.65390625, 28.452197265624996 ], [ -80.632861328124989, 28.518017578124997 ], [ -80.60693359375, 28.522900390624997 ], [ -80.622851562499989, 28.320361328124996 ], [ -80.610009765624994, 28.177587890624999 ], [ -80.499560546874989, 27.934472656249994 ], [ -80.456884765624991, 27.900683593749996 ], [ -80.533154296874997, 28.070068359375 ], [ -80.572851562499991, 28.180859375 ], [ -80.5849609375, 28.271582031249999 ], [ -80.581152343749991, 28.364697265624997 ], [ -80.567822265624997, 28.426464843749997 ], [ -80.524121093749997, 28.486083984375 ], [ -80.564306640624991, 28.556396484375 ], [ -80.9, 29.049853515624996 ], [ -81.104541015624989, 29.456982421874997 ], [ -81.24951171875, 29.793798828124999 ], [ -81.337109375, 30.141210937499999 ], [ -81.3857421875, 30.269970703124997 ], [ -81.457177734374994, 30.640771484374994 ], [ -81.503955078124989, 30.7314453125 ], [ -81.516210937499991, 30.801806640624996 ], [ -81.520410156249994, 30.874658203124994 ], [ -81.500585937499991, 30.913769531249997 ], [ -81.471386718749997, 31.009033203125 ], [ -81.453222656249991, 31.08828125 ], [ -81.460351562499994, 31.127050781249999 ], [ -81.441748046874991, 31.19970703125 ], [ -81.41259765625, 31.179443359375 ], [ -81.364892578124994, 31.171875 ], [ -81.288476562499994, 31.263916015625 ], [ -81.329150390624989, 31.313769531249996 ], [ -81.377734374999989, 31.332324218749996 ], [ -81.380957031249991, 31.353271484375 ], [ -81.294970703124989, 31.371191406249999 ], [ -81.257910156249991, 31.43603515625 ], [ -81.218896484374994, 31.472119140624997 ], [ -81.175439453124994, 31.531298828124996 ], [ -81.195703125, 31.538916015624999 ], [ -81.223388671875, 31.528466796874994 ], [ -81.259375, 31.538916015624999 ], [ -81.242382812499997, 31.574316406249999 ], [ -81.169921875, 31.610302734374997 ], [ -81.16552734375, 31.646142578124994 ], [ -81.186572265624989, 31.666943359374997 ], [ -81.197900390624994, 31.704199218749999 ], [ -81.162109375, 31.743701171874996 ], [ -81.098388671875, 31.753369140624997 ], [ -81.066113281249997, 31.787988281249994 ], [ -81.065039062499991, 31.8134765625 ], [ -81.095507812499989, 31.840917968749999 ], [ -81.11328125, 31.878613281249997 ], [ -81.082861328124991, 31.894091796874996 ], [ -81.045556640624994, 31.892041015624997 ], [ -80.9234375, 31.944921875 ], [ -80.872363281249989, 32.029589843749996 ], [ -80.882080078125, 32.068603515625 ], [ -80.84921875, 32.113916015624994 ], [ -80.790820312499989, 32.125830078124999 ], [ -80.758007812499997, 32.1421875 ], [ -80.694238281249994, 32.215722656249994 ], [ -80.702050781249994, 32.245898437499996 ], [ -80.733837890624997, 32.265332031249997 ], [ -80.765332031249997, 32.29833984375 ], [ -80.797900390624989, 32.363378906249999 ], [ -80.802539062499989, 32.448046875 ], [ -80.709326171874991, 32.337060546874994 ], [ -80.683056640624997, 32.3486328125 ], [ -80.677783203124989, 32.381103515625 ], [ -80.647216796875, 32.395947265624997 ], [ -80.625830078124991, 32.326269531249999 ], [ -80.608203124999989, 32.292822265624999 ], [ -80.579345703125, 32.287304687499997 ], [ -80.513623046874997, 32.324414062499997 ], [ -80.485742187499994, 32.351806640625 ], [ -80.474267578124994, 32.422753906249994 ], [ -80.530029296875, 32.475390625 ], [ -80.634179687499994, 32.51171875 ], [ -80.572216796874997, 32.53369140625 ], [ -80.460986328124989, 32.521337890624999 ], [ -80.362841796874989, 32.500732421875 ], [ -80.268359374999989, 32.537353515625 ], [ -80.2296875, 32.576513671874999 ], [ -80.180322265624994, 32.592871093749999 ], [ -80.12255859375, 32.589111328125 ], [ -80.021777343749989, 32.619921875 ], [ -79.940722656249989, 32.667138671874994 ], [ -79.893652343749991, 32.728710937499997 ], [ -79.93310546875, 32.81005859375 ], [ -79.804980468749989, 32.787402343749996 ], [ -79.735009765624994, 32.824804687499999 ], [ -79.614941406249997, 32.909277343749999 ], [ -79.587109375, 33.000878906249994 ], [ -79.498681640624994, 33.027294921874997 ], [ -79.419921875, 33.042529296874996 ], [ -79.276025390624994, 33.135400390624994 ], [ -79.229248046875, 33.18515625 ], [ -79.281347656249991, 33.3154296875 ], [ -79.226464843749994, 33.404882812499999 ], [ -79.227343749999989, 33.363183593749994 ], [ -79.238378906249991, 33.312158203124994 ], [ -79.193798828124997, 33.244140625 ], [ -79.13818359375, 33.405908203124994 ], [ -78.9203125, 33.65869140625 ], [ -78.841455078124994, 33.724072265624997 ], [ -78.577685546874989, 33.873242187499997 ], [ -78.564257812499989, 33.876660156249997 ], [ -78.405859375, 33.917578125 ], [ -78.013330078124994, 33.911816406249997 ], [ -77.970556640624991, 33.993408203125 ], [ -77.953271484374994, 34.168994140624996 ], [ -77.926025390625, 34.073144531249994 ], [ -77.932861328125, 33.989453125 ], [ -77.927832031249991, 33.939746093749996 ], [ -77.888037109374991, 34.050146484374999 ], [ -77.86083984375, 34.149169921875 ], [ -77.750732421875, 34.284960937499996 ], [ -77.696972656249997, 34.331982421874997 ], [ -77.649658203125, 34.357519531249999 ], [ -77.517675781249991, 34.451367187499997 ], [ -77.379785156249994, 34.526611328125 ], [ -77.402050781249997, 34.554785156249999 ], [ -77.412939453124991, 34.592138671874999 ], [ -77.412255859374994, 34.730810546874999 ], [ -77.384472656249997, 34.694384765624996 ], [ -77.3583984375, 34.620263671874994 ], [ -77.296240234374991, 34.602929687499994 ], [ -77.251757812499989, 34.615625 ], [ -77.133886718749991, 34.707910156249994 ], [ -77.049511718749997, 34.697363281249999 ], [ -76.895898437499994, 34.701464843749996 ], [ -76.796679687499989, 34.704150390624996 ], [ -76.733203124999989, 34.706982421874997 ], [ -76.707080078124989, 34.752148437499997 ], [ -76.618017578124991, 34.769921875 ], [ -76.516894531249989, 34.777246093749994 ], [ -76.439794921874991, 34.842919921874994 ], [ -76.362207031249994, 34.9365234375 ], [ -76.456738281249997, 34.989355468749999 ], [ -76.744970703124991, 34.940966796874996 ], [ -76.898632812499997, 34.970263671874996 ], [ -76.974951171874991, 35.025195312499996 ], [ -77.070263671874997, 35.154638671874999 ], [ -76.861035156249997, 35.004980468749999 ], [ -76.779150390624991, 34.990332031249999 ], [ -76.628027343749991, 35.073339843749999 ], [ -76.613378906249991, 35.104150390624994 ], [ -76.607519531249991, 35.152978515624994 ], [ -76.565966796874989, 35.215185546874999 ], [ -76.512939453125, 35.270410156249994 ], [ -76.552783203124989, 35.305615234374997 ], [ -76.595458984375, 35.3296875 ], [ -76.974462890624991, 35.458398437499994 ], [ -77.039990234374997, 35.527392578124996 ], [ -76.887255859374989, 35.463085937499997 ], [ -76.74140625, 35.431494140624999 ], [ -76.634130859374991, 35.453222656249999 ], [ -76.611035156249997, 35.5296875 ], [ -76.577197265624989, 35.532324218749999 ], [ -76.532470703125, 35.508447265624994 ], [ -76.515625, 35.436474609374997 ], [ -76.489501953125, 35.397021484374996 ], [ -76.446630859374991, 35.407763671874996 ], [ -76.390234375, 35.401269531249994 ], [ -76.275244140624991, 35.369042968749994 ], [ -76.173828125, 35.354150390624994 ], [ -76.103515625, 35.380273437499994 ], [ -75.965966796874994, 35.508398437499999 ], [ -75.77392578125, 35.64697265625 ], [ -75.744726562499991, 35.765478515624999 ], [ -75.758837890624989, 35.84326171875 ], [ -75.772216796875, 35.89990234375 ], [ -75.81201171875, 35.955761718749997 ], [ -75.85390625, 35.96015625 ], [ -75.97890625, 35.895947265624997 ], [ -76.001171875, 35.72216796875 ], [ -76.045703124999989, 35.691162109375 ], [ -76.08359375, 35.690527343749999 ], [ -76.07568359375, 35.787548828124997 ], [ -76.06005859375, 35.878662109375 ], [ -76.069775390624997, 35.9703125 ], [ -76.20654296875, 35.9912109375 ], [ -76.263574218749994, 35.967089843749996 ], [ -76.358300781249994, 35.952880859375 ], [ -76.503515625, 35.9560546875 ], [ -76.611132812499989, 35.943652343749996 ], [ -76.726220703124994, 35.957617187499999 ], [ -76.71875, 36.033496093749996 ], [ -76.740039062499989, 36.13330078125 ], [ -76.733642578125, 36.229150390624994 ], [ -76.717626953124991, 36.148095703124994 ], [ -76.67890625, 36.075292968749999 ], [ -76.559375, 36.015332031249997 ], [ -76.478808593749989, 36.028173828124999 ], [ -76.42431640625, 36.06796875 ], [ -76.383691406249994, 36.133544921875 ], [ -76.321191406249994, 36.13818359375 ], [ -76.227392578124991, 36.116015625 ], [ -76.270605468749991, 36.189892578124997 ], [ -76.221777343749991, 36.166894531249994 ], [ -76.15, 36.145751953125 ], [ -76.141064453124997, 36.215087890625 ], [ -76.147851562499994, 36.279296875 ], [ -76.054736328124989, 36.234521484374994 ], [ -75.9501953125, 36.208984375 ], [ -75.883007812499997, 36.175683593749994 ], [ -75.820068359375, 36.112841796874996 ], [ -75.866601562499994, 36.267871093749996 ], [ -75.924853515624989, 36.383007812499997 ], [ -75.978466796874997, 36.429150390624997 ], [ -75.992773437499991, 36.473779296874994 ], [ -75.966455078124994, 36.551367187499999 ], [ -75.959765624999989, 36.571044921875 ], [ -75.973437499999989, 36.599951171874999 ], [ -75.96533203125, 36.637597656249994 ], [ -75.946484375, 36.659082031249994 ], [ -75.917871093749994, 36.632666015624999 ], [ -75.8935546875, 36.566503906249999 ], [ -75.8890625, 36.550488281249997 ], [ -75.809765625, 36.271044921874996 ], [ -75.728222656249997, 36.103710937499997 ], [ -75.58046875, 35.871972656249994 ], [ -75.5341796875, 35.819091796875 ], [ -75.558691406249991, 35.879345703124997 ], [ -75.757861328124989, 36.229248046875 ], [ -75.857421875, 36.550585937499996 ], [ -75.890429687499989, 36.65703125 ], [ -75.941552734374994, 36.765527343749994 ], [ -75.966357421874989, 36.861962890624994 ], [ -75.999414062499994, 36.912646484374996 ], [ -76.143994140624997, 36.930615234374997 ], [ -76.244238281249991, 36.95263671875 ], [ -76.399560546874994, 36.88984375 ], [ -76.487841796874989, 36.897021484374996 ], [ -76.504638671875, 36.961035156249999 ], [ -76.633935546874994, 37.047412109374996 ], [ -76.671875, 37.172949218749999 ], [ -76.765429687499989, 37.184130859374996 ], [ -76.925195312499994, 37.225 ], [ -77.001953125, 37.271044921874996 ], [ -77.196191406249994, 37.295703125 ], [ -77.22705078125, 37.30908203125 ], [ -77.250878906249994, 37.329199218749999 ], [ -77.006982421874994, 37.317675781249996 ], [ -76.703515625, 37.217675781249994 ], [ -76.630908203124989, 37.221728515624996 ], [ -76.602294921875, 37.142871093749996 ], [ -76.5068359375, 37.072314453124996 ], [ -76.462011718749991, 37.03076171875 ], [ -76.40087890625, 36.991308593749999 ], [ -76.33828125, 37.013134765624997 ], [ -76.283300781249991, 37.052685546874997 ], [ -76.30078125, 37.110888671874996 ], [ -76.326953124999989, 37.149267578124999 ], [ -76.401123046875, 37.212695312499996 ], [ -76.497363281249989, 37.246875 ], [ -76.610888671874989, 37.322558593749996 ], [ -76.738085937499989, 37.448779296874996 ], [ -76.755859375, 37.479199218749997 ], [ -76.757714843749994, 37.505419921874996 ], [ -76.538378906249989, 37.309375 ], [ -76.453906249999989, 37.273535156249999 ], [ -76.393164062499991, 37.299951171874994 ], [ -76.40546875, 37.331933593749994 ], [ -76.400976562499991, 37.386132812499994 ], [ -76.263476562499989, 37.35703125 ], [ -76.25439453125, 37.430615234374997 ], [ -76.2685546875, 37.495166015624996 ], [ -76.367626953124997, 37.5302734375 ], [ -76.305566406249994, 37.571484375 ], [ -76.484082031249997, 37.628857421874997 ], [ -76.549462890624994, 37.669140625 ], [ -76.619824218749997, 37.755078125 ], [ -76.715429687499991, 37.81015625 ], [ -76.849169921874989, 37.940234375 ], [ -76.925097656249989, 38.033007812499996 ], [ -77.111083984375, 38.165673828124994 ], [ -77.070654296874991, 38.1671875 ], [ -76.939990234374989, 38.095458984375 ], [ -76.82861328125, 37.961523437499999 ], [ -76.792773437499989, 37.93798828125 ], [ -76.492480468749989, 37.682226562499999 ], [ -76.436621093749991, 37.67041015625 ], [ -76.344140625, 37.675683593749994 ], [ -76.305615234374997, 37.721582031249994 ], [ -76.293212890625, 37.794335937499994 ], [ -76.261816406249991, 37.848095703124997 ], [ -76.264257812499991, 37.8935546875 ], [ -76.354931640624997, 37.963232421874999 ], [ -76.471777343749991, 38.011181640624997 ], [ -76.549511718749997, 38.094482421875 ], [ -76.644873046874991, 38.133935546874994 ], [ -76.906347656249991, 38.197070312499996 ], [ -77.046777343749994, 38.356689453125 ], [ -77.109912109374989, 38.3701171875 ], [ -77.23193359375, 38.340039062499997 ], [ -77.273242187499989, 38.351757812499997 ], [ -77.313671875, 38.396630859374994 ], [ -77.283789062499991, 38.529199218749994 ], [ -77.260400390624994, 38.6 ], [ -77.164648437499991, 38.6765625 ], [ -77.091894531249991, 38.71953125 ], [ -77.045605468749997, 38.77578125 ], [ -77.030371093749991, 38.889257812499999 ], [ -77.018164062499991, 38.777734375 ], [ -77.05390625, 38.705810546875 ], [ -77.134912109374994, 38.650097656249997 ], [ -77.220898437499997, 38.540966796874997 ], [ -77.241601562499994, 38.494824218749997 ], [ -77.232519531249991, 38.40771484375 ], [ -77.155908203124994, 38.397119140624994 ], [ -77.076708984374989, 38.441748046874999 ], [ -77.001171875, 38.445263671874997 ], [ -76.988378906249991, 38.393896484374999 ], [ -76.950244140624989, 38.347021484374999 ], [ -76.889746093749991, 38.292089843749999 ], [ -76.867773437499991, 38.337158203125 ], [ -76.868115234374997, 38.390283203124994 ], [ -76.769140625, 38.262939453125 ], [ -76.593603515624991, 38.228320312499996 ], [ -76.454394531249989, 38.173535156249997 ], [ -76.401953125, 38.125048828124996 ], [ -76.341162109374991, 38.087011718749999 ], [ -76.332910156249994, 38.140771484374994 ], [ -76.36572265625, 38.196875 ], [ -76.408789062499991, 38.268261718749997 ], [ -76.641992187499994, 38.454345703125 ], [ -76.668554687499991, 38.5375 ], [ -76.67734375, 38.611962890624994 ], [ -76.6591796875, 38.579541015624997 ], [ -76.646875, 38.538525390624997 ], [ -76.572412109374994, 38.435791015625 ], [ -76.509912109374994, 38.403662109374999 ], [ -76.438769531249989, 38.361523437499997 ], [ -76.394091796874989, 38.368994140624999 ], [ -76.41640625, 38.420214843749996 ], [ -76.45849609375, 38.474951171874999 ], [ -76.501318359374991, 38.532177734374997 ], [ -76.536865234375, 38.742626953124997 ], [ -76.52109375, 38.78828125 ], [ -76.515527343749994, 38.840625 ], [ -76.51953125, 38.898339843749994 ], [ -76.49375, 38.945214843749994 ], [ -76.518798828125, 39.001171875 ], [ -76.558544921874997, 39.065234375 ], [ -76.546240234374991, 39.06796875 ], [ -76.473095703124997, 39.030615234374999 ], [ -76.420068359374994, 39.073876953124994 ], [ -76.427587890624991, 39.126025390624996 ], [ -76.489355468749991, 39.15869140625 ], [ -76.573925781249997, 39.254296875 ], [ -76.570410156249991, 39.269335937499996 ], [ -76.4208984375, 39.225 ], [ -76.402783203124997, 39.252832031249994 ], [ -76.405664062499994, 39.30390625 ], [ -76.358984375, 39.324658203124997 ], [ -76.345068359374991, 39.364501953125 ], [ -76.34716796875, 39.387548828124999 ], [ -76.330810546875, 39.40390625 ], [ -76.2763671875, 39.32275390625 ], [ -76.2568359375, 39.352148437499999 ], [ -76.24765625, 39.438623046874994 ], [ -76.223046875, 39.4203125 ], [ -76.2158203125, 39.379931640624996 ], [ -76.141357421875, 39.403222656249994 ], [ -76.097265625, 39.43310546875 ], [ -76.080712890624994, 39.4703125 ], [ -76.085058593749991, 39.527001953124994 ], [ -76.06298828125, 39.561132812499999 ], [ -76.006298828124997, 39.568701171874999 ], [ -75.958935546874997, 39.585058593749999 ], [ -75.970410156249997, 39.504589843749997 ], [ -75.872949218749994, 39.510888671874994 ], [ -75.913476562499994, 39.468359375 ], [ -75.954736328124994, 39.459619140624994 ], [ -76.003125, 39.410839843749997 ], [ -75.938720703125, 39.398583984374994 ], [ -75.8759765625, 39.3759765625 ], [ -75.975976562499994, 39.367285156249999 ], [ -76.074365234374994, 39.368847656249997 ], [ -76.153125, 39.315039062499999 ], [ -76.235693359374991, 39.191601562499997 ], [ -76.216845703124989, 39.063623046874994 ], [ -76.132958984374994, 39.122949218749994 ], [ -76.135205078124997, 39.082128906249999 ], [ -76.185693359374994, 38.99072265625 ], [ -76.245019531249994, 39.009179687499994 ], [ -76.312744140625, 39.009375 ], [ -76.32958984375, 38.952783203124994 ], [ -76.330664062499991, 38.90859375 ], [ -76.240820312499991, 38.943066406249997 ], [ -76.191064453124994, 38.915576171874996 ], [ -76.168164062499997, 38.852734375 ], [ -76.246972656249994, 38.82265625 ], [ -76.300341796874989, 38.818212890624999 ], [ -76.341162109374991, 38.709667968749997 ], [ -76.30810546875, 38.722851562499997 ], [ -76.2783203125, 38.7724609375 ], [ -76.212988281249991, 38.75830078125 ], [ -76.175, 38.706689453124994 ], [ -76.056933593749989, 38.621240234374994 ], [ -76.016943359374991, 38.625097656249999 ], [ -76.000927734374997, 38.601708984374994 ], [ -76.112939453124994, 38.6015625 ], [ -76.198388671874994, 38.61865234375 ], [ -76.26416015625, 38.599951171874999 ], [ -76.294873046874997, 38.49462890625 ], [ -76.2646484375, 38.436425781249994 ], [ -76.211669921875, 38.361328125 ], [ -76.116503906249989, 38.317675781249996 ], [ -76.051220703124997, 38.279541015625 ], [ -76.020312499999989, 38.294873046874997 ], [ -76.006689453124991, 38.32275390625 ], [ -75.985742187499994, 38.331933593749994 ], [ -75.967382812499991, 38.291357421874999 ], [ -75.937255859375, 38.309667968749999 ], [ -75.888818359374994, 38.355517578124996 ], [ -75.858691406249989, 38.362060546875 ], [ -75.876757812499989, 38.31875 ], [ -75.863916015624994, 38.26123046875 ], [ -75.884960937499997, 38.213964843749999 ], [ -75.928076171874991, 38.169238281249996 ], [ -75.891308593749997, 38.147216796875 ], [ -75.855615234374994, 38.140380859375 ], [ -75.7953125, 38.086669921875 ], [ -75.829052734374997, 38.032763671874996 ], [ -75.850830078125, 37.971582031249994 ], [ -75.735156249999989, 37.973730468749999 ], [ -75.659277343749991, 37.953955078124999 ], [ -75.719335937499991, 37.821386718749999 ], [ -75.792382812499994, 37.75634765625 ], [ -75.888134765624997, 37.619140625 ], [ -75.975048828124997, 37.3984375 ], [ -75.997363281249989, 37.263818359374994 ], [ -75.984521484374994, 37.212207031249996 ], [ -75.934375, 37.151904296874996 ], [ -75.85400390625, 37.296630859375 ], [ -75.812060546874989, 37.425195312499994 ], [ -75.766894531249989, 37.472998046874999 ], [ -75.698828125, 37.516357421875 ], [ -75.631542968749997, 37.535351562499997 ], [ -75.587109375, 37.558691406249999 ], [ -75.596386718749997, 37.631201171874999 ], [ -75.3759765625, 38.025 ], [ -75.353515625, 38.065039062499999 ], [ -75.291796874999989, 38.129199218749996 ], [ -75.225439453124991, 38.242285156249999 ], [ -75.160009765624991, 38.255078125 ], [ -75.141503906249994, 38.298144531249996 ], [ -75.134228515624997, 38.384326171874996 ], [ -75.116748046874989, 38.406201171874997 ], [ -75.089746093749994, 38.425390625 ], [ -75.073388671874994, 38.410009765624999 ], [ -75.074365234374994, 38.36572265625 ], [ -75.05126953125, 38.383007812499997 ], [ -75.038769531249997, 38.426367187499999 ], [ -75.037646484374989, 38.45556640625 ], [ -75.035888671875, 38.503320312499994 ], [ -75.072851562499991, 38.578710937499999 ], [ -75.11083984375, 38.599365234375 ], [ -75.187109375, 38.591113281249996 ], [ -75.128466796874989, 38.632421875 ], [ -75.083984375, 38.722802734374994 ], [ -75.088671874999989, 38.777539062499997 ], [ -75.18505859375, 38.819384765624996 ], [ -75.310400390624991, 38.966552734375 ], [ -75.3921875, 39.0927734375 ], [ -75.412646484374989, 39.281396484374994 ], [ -75.519824218749989, 39.40283203125 ], [ -75.573876953124994, 39.476953125 ], [ -75.567285156249994, 39.552978515625 ], [ -75.581591796874989, 39.589453125 ], [ -75.587597656249997, 39.640771484374994 ], [ -75.502148437499997, 39.717382812499999 ], [ -75.464404296874989, 39.780957031249997 ], [ -75.420996093749991, 39.8154296875 ], [ -75.400634765625, 39.831591796874996 ], [ -75.320898437499991, 39.864697265624997 ], [ -75.172949218749991, 39.894775390625 ], [ -75.074169921874997, 39.983496093749999 ], [ -75.103808593749989, 39.931835937499997 ], [ -75.15380859375, 39.870507812499994 ], [ -75.353173828124994, 39.829736328124994 ], [ -75.421875, 39.789697265624994 ], [ -75.471630859374997, 39.71240234375 ], [ -75.523535156249991, 39.601855468749996 ], [ -75.519238281249997, 39.531884765624994 ], [ -75.524218749999989, 39.490185546874997 ], [ -75.353417968749994, 39.33984375 ], [ -75.231054687499991, 39.284277343749999 ], [ -75.136132812499994, 39.207861328124999 ], [ -75.050195312499994, 39.210839843749994 ], [ -74.975292968749997, 39.188232421875 ], [ -74.897021484374989, 39.145458984374997 ], [ -74.9203125, 39.047167968749996 ], [ -74.954296875, 38.949951171875 ], [ -74.9234375, 38.941113281249997 ], [ -74.794482421874989, 39.001904296874997 ], [ -74.645947265624997, 39.207861328124999 ], [ -74.604785156249989, 39.247509765624997 ], [ -74.602978515624997, 39.292578125 ], [ -74.578710937499991, 39.316113281249997 ], [ -74.5171875, 39.346875 ], [ -74.474365234375, 39.342578125 ], [ -74.428808593749991, 39.38720703125 ], [ -74.410839843749997, 39.454541015624997 ], [ -74.38984375, 39.48681640625 ], [ -74.407031249999989, 39.548779296874997 ], [ -74.330615234374989, 39.535888671875 ], [ -74.256542968749997, 39.613867187499999 ], [ -74.176123046874991, 39.726611328124996 ], [ -74.117626953124997, 39.938134765624994 ], [ -74.095996093749989, 39.975976562499994 ], [ -74.064599609374994, 39.993115234374997 ], [ -74.083984375, 39.8291015625 ], [ -74.079931640624991, 39.788134765624996 ], [ -74.048925781249991, 39.923046875 ], [ -74.0283203125, 40.072998046875 ], [ -74.004003906249991, 40.171337890624997 ], [ -73.971972656249989, 40.250537109374996 ], [ -73.957617187499991, 40.328369140625 ], [ -73.972265625, 40.400341796874997 ], [ -73.9984375, 40.4521484375 ], [ -74.049853515624989, 40.429833984374994 ], [ -74.241503906249989, 40.45625 ], [ -74.264208984374989, 40.528613281249996 ], [ -74.226708984374994, 40.608007812499999 ], [ -74.187158203124994, 40.647998046874996 ], [ -74.153125, 40.673242187499994 ], [ -74.116259765624989, 40.687304687499996 ], [ -74.067333984374997, 40.719628906249994 ], [ -74.025488281249991, 40.756396484374996 ], [ -73.927197265624997, 40.914257812499997 ], [ -73.910058593749994, 40.992236328124996 ], [ -73.909228515624989, 40.99609375 ], [ -73.917675781249997, 41.135791015624996 ], [ -73.969921875, 41.249707031249997 ], [ -73.925341796874989, 41.218066406249996 ], [ -73.882226562499994, 41.170605468749997 ], [ -73.871972656249994, 41.05517578125 ], [ -73.90673828125, 40.912451171874999 ], [ -73.948583984374991, 40.838769531249994 ], [ -73.987109374999989, 40.751367187499994 ], [ -73.947216796874997, 40.776953125 ], [ -73.910693359374989, 40.816113281249997 ], [ -73.851269531249997, 40.831396484374999 ], [ -73.779003906249997, 40.87841796875 ], [ -73.67138671875, 40.965869140624996 ], [ -73.63046875, 40.991845703124994 ], [ -73.5830078125, 41.021875 ], [ -73.182275390624994, 41.175830078124996 ], [ -73.023730468749989, 41.216455078124994 ], [ -72.924707031249994, 41.28515625 ], [ -72.84716796875, 41.265869140625 ], [ -72.479394531249994, 41.27578125 ], [ -72.371044921874997, 41.312158203124994 ], [ -72.265283203124994, 41.291650390624994 ], [ -72.073876953124994, 41.326123046874997 ], [ -71.929931640625, 41.341064453125 ], [ -71.842382812499991, 41.335498046874996 ], [ -71.769287109375, 41.330908203124999 ], [ -71.522851562499994, 41.378955078124996 ], [ -71.443798828124997, 41.453710937499999 ], [ -71.426562499999989, 41.63330078125 ], [ -71.363671875, 41.702734375 ], [ -71.39013671875, 41.7953125 ], [ -71.359179687499989, 41.786230468749999 ], [ -71.330615234374989, 41.762255859374996 ], [ -71.310742187499997, 41.719873046874994 ], [ -71.27109375, 41.68125 ], [ -71.233789062499994, 41.70654296875 ], [ -71.178320312499991, 41.744042968749994 ], [ -71.148730468749989, 41.745703125 ], [ -71.204296875, 41.64111328125 ], [ -71.188427734374997, 41.51640625 ], [ -71.168554687499991, 41.489404296874994 ], [ -71.079785156249997, 41.5380859375 ], [ -70.97421875, 41.548535156249997 ], [ -70.701123046874997, 41.71484375 ], [ -70.666455078124997, 41.710107421874994 ], [ -70.655371093749991, 41.608105468749997 ], [ -70.668066406249991, 41.558300781249997 ], [ -70.657128906249994, 41.534228515624996 ], [ -70.481347656249994, 41.582470703124997 ], [ -70.4046875, 41.626904296874997 ], [ -70.059521484374997, 41.67734375 ], [ -69.986767578124997, 41.683984375 ], [ -69.948632812499994, 41.677148437499994 ], [ -69.933837890625, 41.71044921875 ], [ -69.941601562499997, 41.807861328125 ], [ -69.977880859374991, 41.961279296874999 ], [ -70.108935546874989, 42.078320312499997 ], [ -70.159863281249997, 42.097119140624997 ], [ -70.203515625, 42.101025390624997 ], [ -70.241064453124991, 42.091210937499994 ], [ -70.236523437499997, 42.071044921875 ], [ -70.196240234374997, 42.035107421874997 ], [ -70.172558593749997, 42.062792968749996 ], [ -70.110253906249994, 42.030126953124999 ], [ -70.090039062499997, 41.9796875 ], [ -70.006103515625, 41.872314453125 ], [ -70.001416015624997, 41.826171875 ], [ -70.135009765625, 41.769873046874999 ], [ -70.295458984374989, 41.728955078124997 ], [ -70.426660156249994, 41.757275390624997 ], [ -70.514697265624989, 41.803320312499999 ], [ -70.548925781249991, 41.938623046874994 ], [ -70.656152343749994, 41.987060546875 ], [ -70.645214843749997, 42.021582031249999 ], [ -70.61767578125, 42.040429687499994 ], [ -70.73828125, 42.228857421874999 ], [ -70.81796875, 42.264941406249996 ], [ -70.996728515624994, 42.3 ], [ -71.046191406249989, 42.331103515624996 ], [ -70.930468749999989, 42.431982421874999 ], [ -70.870898437499989, 42.496630859374996 ], [ -70.831152343749991, 42.552587890624999 ], [ -70.751855468749994, 42.570361328124996 ], [ -70.661425781249989, 42.616650390624997 ], [ -70.612939453124994, 42.623242187499997 ], [ -70.604150390624994, 42.649707031249996 ], [ -70.623974609374997, 42.671777343749994 ], [ -70.654833984374989, 42.673974609374994 ], [ -70.696875, 42.664599609374996 ], [ -70.735693359374991, 42.669287109374999 ], [ -70.781347656249991, 42.721240234374996 ], [ -70.80029296875, 42.774023437499999 ], [ -70.829052734374997, 42.825341796874994 ], [ -70.806103515624997, 42.876757812499996 ], [ -70.777636718749989, 42.940576171874994 ], [ -70.733105468749997, 43.070019531249997 ], [ -70.691162109375, 43.109326171874997 ], [ -70.642333984375, 43.134423828124994 ], [ -70.520703125, 43.348828125 ], [ -70.359667968749989, 43.480224609375 ], [ -70.202587890624997, 43.626123046874994 ], [ -70.237890625, 43.656201171874997 ], [ -70.269238281249997, 43.671923828124996 ], [ -70.178808593749991, 43.766357421875 ], [ -70.062353515624991, 43.834619140624994 ], [ -69.965234375, 43.855078125 ], [ -69.974511718749994, 43.818066406249997 ], [ -69.974316406249997, 43.787890625 ], [ -69.925585937499989, 43.797021484374994 ], [ -69.872509765624997, 43.81953125 ], [ -69.84033203125, 43.789892578124999 ], [ -69.808349609375, 43.772314453124999 ], [ -69.791601562499991, 43.805224609374996 ], [ -69.80322265625, 43.866845703124994 ], [ -69.7953125, 43.91064453125 ], [ -69.772265624999989, 43.899023437499999 ], [ -69.762011718749989, 43.860693359374999 ], [ -69.729833984374991, 43.852001953124997 ], [ -69.699121093749994, 43.955029296874997 ], [ -69.652880859374989, 43.993896484375 ], [ -69.636767578124989, 43.948828125 ], [ -69.623925781249994, 43.880615234375 ], [ -69.589990234374994, 43.886572265624999 ], [ -69.556689453124989, 43.982763671874999 ], [ -69.541552734374989, 43.962597656249997 ], [ -69.520751953125, 43.897363281249994 ], [ -69.480859375, 43.905078125 ], [ -69.434960937499994, 43.956298828125 ], [ -69.344531249999989, 44.000927734374997 ], [ -69.22607421875, 43.986474609374994 ], [ -69.137255859374989, 44.037841796875 ], [ -69.068359375, 44.097558593749994 ], [ -69.063574218749991, 44.17236328125 ], [ -68.956152343749991, 44.348095703124997 ], [ -68.961474609374989, 44.433837890625 ], [ -68.847363281249997, 44.485058593749997 ], [ -68.800195312499994, 44.549414062499999 ], [ -68.7626953125, 44.570751953124997 ], [ -68.765527343749994, 44.509765625 ], [ -68.794921875, 44.454492187499994 ], [ -68.777001953124994, 44.446044921875 ], [ -68.735888671874989, 44.454492187499994 ], [ -68.710107421874994, 44.442578125 ], [ -68.793896484374997, 44.381738281249994 ], [ -68.811914062499994, 44.33935546875 ], [ -68.723291015624994, 44.34228515625 ], [ -68.612011718749997, 44.310546875 ], [ -68.572363281249991, 44.270849609374999 ], [ -68.532519531249989, 44.258642578124999 ], [ -68.514453124999989, 44.30390625 ], [ -68.521435546874997, 44.380224609374999 ], [ -68.479443359374997, 44.445654296874999 ], [ -68.450585937499994, 44.507617187499996 ], [ -68.416845703124991, 44.469091796874999 ], [ -68.373730468749997, 44.445117187499996 ], [ -68.316748046874991, 44.473876953125 ], [ -68.277441406249991, 44.507373046874996 ], [ -68.245751953124994, 44.514794921874994 ], [ -68.1982421875, 44.515234375 ], [ -68.152050781249997, 44.502001953124996 ], [ -68.117285156249991, 44.490625 ], [ -68.093701171874997, 44.438818359374999 ], [ -68.056640625, 44.384326171874996 ], [ -68.013964843749989, 44.40087890625 ], [ -67.98486328125, 44.420166015625 ], [ -67.962695312499989, 44.464306640624997 ], [ -67.907031249999989, 44.45361328125 ], [ -67.8390625, 44.576269531249999 ], [ -67.790478515624997, 44.585693359375 ], [ -67.726806640625, 44.566503906249999 ], [ -67.652978515624994, 44.562402343749994 ], [ -67.599072265624997, 44.576806640624994 ], [ -67.556005859374991, 44.644775390625 ], [ -67.457812499999989, 44.656542968749996 ], [ -67.364062499999989, 44.696875 ], [ -67.191259765624991, 44.675585937499996 ], [ -66.987011718749997, 44.827685546874996 ], [ -66.991455078125, 44.849609375 ], [ -67.014013671874991, 44.867773437499999 ], [ -67.106738281249989, 44.885058593749996 ], [ -67.113916015624994, 44.944384765624996 ], [ -67.08046875, 44.989160156249994 ], [ -67.102246093749997, 45.087744140624999 ], [ -67.13037109375, 45.139013671874999 ], [ -67.124853515624991, 45.16943359375 ], [ -67.084082031249991, 45.143945312499994 ], [ -66.9765625, 45.157177734374997 ], [ -66.918701171875, 45.145605468749999 ], [ -66.908203125, 45.09765625 ], [ -66.872460937499994, 45.067285156249994 ], [ -66.707177734374994, 45.083398437499994 ], [ -66.5109375, 45.143359375 ], [ -66.43984375, 45.095898437499997 ], [ -66.351953125, 45.133203125 ], [ -66.2515625, 45.189013671874996 ], [ -66.14375, 45.227587890624996 ], [ -66.107324218749994, 45.256933593749999 ], [ -66.182714843749991, 45.335205078125 ], [ -66.089746093749994, 45.375634765624994 ], [ -66.064892578124997, 45.400830078124997 ], [ -66.0265625, 45.417578125 ], [ -66.066650390625, 45.359472656249999 ], [ -66.109765625, 45.316601562499997 ], [ -65.955615234374989, 45.222460937499996 ], [ -65.884472656249997, 45.222900390625 ], [ -65.545019531249991, 45.337304687499994 ], [ -65.282324218749991, 45.473095703124997 ], [ -65.057275390624994, 45.544238281249996 ], [ -64.897900390624997, 45.6259765625 ], [ -64.778515625, 45.638427734375 ], [ -64.593652343749994, 45.813671875 ], [ -64.642041015624997, 45.913330078125 ], [ -64.632714843749994, 45.946630859374999 ], [ -64.536328125, 45.866601562499994 ], [ -64.482226562499989, 45.806347656249997 ], [ -64.404052734375, 45.826904296875 ], [ -64.314648437499997, 45.835693359375 ], [ -64.351123046874989, 45.783203125 ], [ -64.397070312499991, 45.755859375 ], [ -64.56005859375, 45.62548828125 ], [ -64.827392578125, 45.475537109374997 ], [ -64.912890624999989, 45.374804687499996 ], [ -64.873144531249991, 45.354589843749999 ], [ -64.831933593749994, 45.350244140624994 ], [ -64.746679687499991, 45.324365234374994 ], [ -64.681103515624997, 45.382958984374994 ], [ -64.600195312499991, 45.410058593749994 ], [ -64.33642578125, 45.389550781249994 ], [ -64.087158203125, 45.410888671875 ], [ -63.906445312499997, 45.378173828125 ], [ -63.614453125, 45.394140625 ], [ -63.368017578124991, 45.364794921874996 ], [ -63.460253906249989, 45.32109375 ], [ -63.748339843749989, 45.310888671874999 ], [ -64.093164062499994, 45.217089843749996 ], [ -64.182714843749991, 45.147021484374996 ], [ -64.135498046875, 45.023046875 ], [ -64.235009765624994, 45.114306640624996 ], [ -64.354248046875, 45.138232421874996 ], [ -64.36572265625, 45.187255859375 ], [ -64.358837890624997, 45.238232421874997 ], [ -64.340429687499991, 45.268212890624994 ], [ -64.330761718749997, 45.309326171875 ], [ -64.448144531249994, 45.337451171874996 ], [ -64.406884765624994, 45.305712890624996 ], [ -64.448828125, 45.256054687499997 ], [ -64.751269531249989, 45.180224609374996 ], [ -64.902929687499991, 45.120800781249997 ], [ -65.65673828125, 44.760302734374996 ], [ -65.692041015624994, 44.73828125 ], [ -65.728222656249997, 44.697119140624999 ], [ -65.587158203125, 44.728515625 ], [ -65.502246093749989, 44.760400390624994 ], [ -65.52001953125, 44.732666015625 ], [ -65.615771484374989, 44.680419921875 ], [ -65.681835937499997, 44.650927734374996 ], [ -65.777685546874991, 44.646191406249997 ], [ -65.917041015624989, 44.615087890624999 ], [ -66.021679687499997, 44.56171875 ], [ -66.090625, 44.504931640624996 ], [ -66.125292968749989, 44.4697265625 ], [ -66.146386718749994, 44.4359375 ], [ -65.941943359374989, 44.575537109374999 ], [ -65.868017578124991, 44.568798828124997 ], [ -66.099560546874997, 44.367480468749996 ], [ -66.193066406249997, 44.143847656249996 ], [ -66.192529296874994, 44.0796875 ], [ -66.125732421875, 43.813818359374999 ], [ -66.037646484374989, 43.7421875 ], [ -66.002148437499997, 43.778125 ], [ -65.978417968749994, 43.81484375 ], [ -65.886914062499997, 43.795214843749996 ], [ -65.835302734374991, 43.734375 ], [ -65.738134765624991, 43.560742187499997 ], [ -65.661914062499989, 43.534033203124999 ], [ -65.564453125, 43.553271484374996 ], [ -65.481689453125, 43.51806640625 ], [ -65.450439453125, 43.52421875 ], [ -65.428515624999989, 43.561425781249994 ], [ -65.386083984374991, 43.565283203124999 ], [ -65.344287109374989, 43.549609375 ], [ -65.32958984375, 43.668115234374994 ], [ -65.234912109374989, 43.726757812499997 ], [ -65.172070312499997, 43.731396484374997 ], [ -65.086816406249994, 43.727197265624994 ], [ -64.862353515624989, 43.867871093749997 ], [ -64.825634765624997, 43.929345703124994 ], [ -64.691601562499997, 44.021337890624999 ], [ -64.578466796874991, 44.142041015624997 ], [ -64.468798828124989, 44.18515625 ], [ -64.378222656249989, 44.303564453124999 ], [ -64.334570312499991, 44.2919921875 ], [ -64.275683593749989, 44.334082031249999 ], [ -64.312255859375, 44.414746093749997 ], [ -64.338525390624994, 44.444873046874996 ], [ -64.286083984374997, 44.550341796874996 ], [ -64.1669921875, 44.586669921875 ], [ -64.100878906249989, 44.487451171874994 ], [ -64.044628906249997, 44.54541015625 ], [ -64.044921875, 44.587890625 ], [ -63.999707031249997, 44.644921875 ], [ -63.923681640624991, 44.603857421874999 ], [ -63.891308593749997, 44.546337890624997 ], [ -63.820654296874991, 44.510644531249994 ], [ -63.761132812499994, 44.486425781249999 ], [ -63.609765625, 44.47998046875 ], [ -63.567675781249989, 44.514453125 ], [ -63.544824218749994, 44.54375 ], [ -63.558251953124994, 44.610595703125 ], [ -63.60400390625, 44.683203125 ], [ -63.544335937499994, 44.655078125 ], [ -63.456835937499989, 44.639941406249996 ], [ -63.380810546874997, 44.651904296874996 ], [ -63.306298828124994, 44.642578125 ], [ -63.155712890624997, 44.711328125 ], [ -63.089208984374991, 44.708544921874996 ], [ -63.031835937499991, 44.714794921874997 ], [ -62.76806640625, 44.785107421874997 ], [ -62.514013671874991, 44.843652343749994 ], [ -62.264990234374991, 44.936474609374997 ], [ -62.026806640624997, 44.994482421874999 ], [ -61.793896484374997, 45.084423828124997 ], [ -61.71923828125, 45.094482421875 ], [ -61.647412109374997, 45.130517578124994 ], [ -61.56875, 45.15380859375 ], [ -61.497900390624991, 45.15703125 ], [ -61.387255859374989, 45.18505859375 ], [ -61.283789062499991, 45.235498046874994 ], [ -61.165332031249989, 45.256103515625 ], [ -61.10107421875, 45.233447265624996 ], [ -61.067675781249989, 45.252832031249994 ], [ -61.031542968749989, 45.291748046875 ], [ -61.07080078125, 45.330175781249999 ], [ -61.106738281249989, 45.3486328125 ], [ -61.460986328124989, 45.36669921875 ], [ -61.376123046874994, 45.410595703124997 ], [ -61.281982421875, 45.441064453124994 ], [ -61.277050781249997, 45.476025390624997 ], [ -61.350488281249994, 45.573681640624997 ], [ -61.427636718749994, 45.648291015624999 ], [ -61.492285156249991, 45.68701171875 ], [ -61.656884765624994, 45.6421875 ], [ -61.776513671874994, 45.655615234374999 ], [ -61.877246093749989, 45.714208984374999 ], [ -61.91162109375, 45.799121093749996 ], [ -61.923583984375, 45.851171875 ], [ -61.955517578124997, 45.8681640625 ], [ -62.217724609374997, 45.730859375 ], [ -62.421875, 45.664648437499999 ], [ -62.447265625, 45.640527343749994 ], [ -62.483056640624994, 45.621826171875 ], [ -62.585644531249997, 45.660693359374996 ], [ -62.750097656249991, 45.648242187499996 ], [ -62.718359375, 45.685986328124997 ], [ -62.70068359375, 45.740576171874999 ], [ -62.910791015624994, 45.7763671875 ], [ -63.10791015625, 45.782421875 ], [ -63.216894531249991, 45.757958984374994 ], [ -63.292773437499989, 45.751953125 ], [ -63.31591796875, 45.779882812499999 ], [ -63.358007812499991, 45.811279296875 ], [ -63.509228515624997, 45.874707031249997 ], [ -63.567675781249989, 45.8779296875 ], [ -63.702880859375, 45.858007812499999 ], [ -63.874707031249997, 45.959228515625 ], [ -64.030957031249997, 46.0126953125 ], [ -64.056396484375, 46.021337890624999 ], [ -63.831933593749994, 46.107177734375 ], [ -63.87265625, 46.146191406249997 ], [ -63.915917968749994, 46.165820312499996 ], [ -64.14501953125, 46.19287109375 ], [ -64.211816406249994, 46.22021484375 ], [ -64.54150390625, 46.240332031249999 ], [ -64.556835937499997, 46.311425781249994 ], [ -64.647851562499994, 46.35595703125 ], [ -64.641357421875, 46.425585937499996 ], [ -64.689501953124989, 46.512304687499999 ], [ -64.725878906249989, 46.671435546874996 ], [ -64.816699218749989, 46.698681640624997 ], [ -64.882519531249997, 46.822851562499999 ], [ -64.90576171875, 46.887939453125 ], [ -64.865869140624994, 46.9578125 ], [ -64.831396484374991, 47.060791015625 ], [ -64.942431640624989, 47.086181640625 ], [ -65.042382812499994, 47.088818359374997 ], [ -65.192089843749997, 47.049560546875 ], [ -65.260205078124997, 47.069238281249994 ], [ -65.318896484374989, 47.101220703124994 ], [ -65.086132812499997, 47.233789062499994 ], [ -64.912207031249991, 47.36865234375 ], [ -64.852148437499991, 47.569873046874996 ], [ -64.766308593749997, 47.673486328124994 ], [ -64.703222656249991, 47.724853515625 ], [ -64.873974609374997, 47.797216796874999 ], [ -65.04638671875, 47.793017578124996 ], [ -65.001660156249997, 47.846826171874994 ], [ -65.228173828124994, 47.811279296875 ], [ -65.343945312499997, 47.767919921874999 ], [ -65.483496093749991, 47.68701171875 ], [ -65.607226562499989, 47.670019531249999 ], [ -65.666455078124997, 47.696142578124999 ], [ -65.755712890624991, 47.859765625 ], [ -65.849414062499989, 47.911035156249994 ], [ -66.210205078125, 47.988574218749996 ], [ -66.359619140625, 48.060644531249999 ], [ -66.428808593749991, 48.066943359374996 ], [ -66.631542968749997, 48.011083984374999 ], [ -66.704394531249989, 48.0224609375 ], [ -66.448974609375, 48.11962890625 ], [ -66.324267578124989, 48.097900390625 ], [ -66.248632812499991, 48.117333984374994 ], [ -66.083105468749991, 48.102685546874994 ], [ -66.012548828124991, 48.146679687499997 ], [ -65.926708984374997, 48.188867187499994 ], [ -65.754687499999989, 48.111669921874999 ], [ -65.475878906249989, 48.031494140625 ], [ -65.360009765624994, 48.011132812499994 ], [ -65.259423828124994, 48.021240234375 ], [ -65.036083984374997, 48.10625 ], [ -64.959912109374997, 48.159863281249997 ], [ -64.822070312499989, 48.196484375 ], [ -64.764501953124991, 48.228076171874996 ], [ -64.705761718749997, 48.310595703124996 ], [ -64.633154296874991, 48.360498046874994 ], [ -64.348828125, 48.423193359374999 ], [ -64.253759765624991, 48.550390625 ], [ -64.24609375, 48.691113281249997 ], [ -64.41455078125, 48.803613281249994 ], [ -64.513720703124989, 48.841113281249996 ], [ -64.370751953124994, 48.838964843749999 ], [ -64.208789062499989, 48.806201171874996 ], [ -64.216210937499994, 48.873632812499999 ], [ -64.261816406249991, 48.921875 ], [ -64.567724609374991, 49.104785156249996 ], [ -64.836328125, 49.191748046874999 ], [ -65.396142578124994, 49.262060546874999 ], [ -65.523388671874997, 49.266162109374996 ], [ -65.8828125, 49.225683593749999 ], [ -66.178173828124997, 49.213134765625 ], [ -66.598095703124997, 49.126367187499994 ], [ -67.117480468749989, 48.964160156249996 ], [ -67.560888671874991, 48.85595703125 ], [ -67.889013671874991, 48.730908203124997 ], [ -68.238183593749994, 48.626416015624997 ], [ -68.431494140624991, 48.541699218749997 ], [ -68.552001953125, 48.457324218749996 ], [ -68.746044921874997, 48.376416015624997 ], [ -68.815673828125, 48.366015625 ], [ -68.987060546875, 48.275 ], [ -69.306347656249997, 48.047021484374994 ], [ -69.471044921874991, 47.96728515625 ], [ -69.5810546875, 47.823681640624997 ], [ -69.80224609375, 47.6234375 ], [ -70.017138671874989, 47.471435546875 ], [ -70.069580078125, 47.377783203124999 ], [ -70.2177734375, 47.28984375 ], [ -70.388085937499994, 47.116943359375 ], [ -70.519482421874997, 47.032519531249996 ], [ -70.993261718749991, 46.852197265624994 ], [ -71.152001953124994, 46.819091796875 ], [ -71.261181640624997, 46.75625 ], [ -71.439208984375, 46.720751953124996 ], [ -71.671289062499994, 46.653759765624997 ], [ -71.900927734374989, 46.631933593749999 ], [ -72.109277343749994, 46.551220703124997 ], [ -72.187207031249997, 46.511523437499996 ], [ -72.240136718749994, 46.442089843749997 ], [ -72.366162109374997, 46.40478515625 ], [ -72.496191406249991, 46.352685546874994 ], [ -72.733447265624989, 46.181835937499997 ], [ -72.989941406249997, 46.103613281249999 ], [ -73.159570312499994, 46.010058593749996 ], [ -73.253027343749991, 45.863671875 ], [ -73.368847656249997, 45.7578125 ], [ -73.465283203124997, 45.63232421875 ], [ -73.484179687499989, 45.586767578124999 ], [ -73.518798828125, 45.458984375 ], [ -73.55810546875, 45.425097656249996 ], [ -73.7646484375, 45.395458984374997 ], [ -74.0498046875, 45.24140625 ], [ -74.26904296875, 45.18828125 ], [ -74.566308593749994, 45.041601562499999 ], [ -74.708886718749994, 45.003857421874997 ], [ -74.358300781249994, 45.206396484374999 ], [ -74.340429687499991, 45.214453125 ], [ -74.098095703124997, 45.324023437499996 ], [ -73.973828125, 45.345117187499994 ], [ -73.999609375, 45.433349609375 ], [ -74.24765625, 45.492871093749997 ], [ -74.315087890624994, 45.531054687499996 ], [ -74.037841796875, 45.501855468749994 ], [ -73.897412109374997, 45.564160156249997 ], [ -73.7978515625, 45.654931640624994 ], [ -73.711865234374997, 45.711181640625 ], [ -73.476611328124989, 45.738232421874997 ], [ -73.283544921874991, 45.899853515624997 ], [ -73.1796875, 46.025 ], [ -73.145410156249994, 46.066308593749994 ], [ -73.021923828124997, 46.120263671874994 ], [ -72.981005859374989, 46.209716796875 ], [ -72.842675781249994, 46.262402343749997 ], [ -72.680126953124997, 46.287304687499997 ], [ -72.256640624999989, 46.485058593749997 ], [ -72.204638671874989, 46.558886718749996 ], [ -72.028466796874994, 46.607421875 ], [ -71.879589843749997, 46.686816406249996 ], [ -71.757275390624997, 46.673583984375 ], [ -71.624755859375, 46.698388671874994 ], [ -71.267773437499997, 46.795947265624996 ], [ -71.115625, 46.924951171874994 ], [ -70.972705078124989, 47.006689453124999 ], [ -70.705859374999989, 47.139794921874994 ], [ -70.448046874999989, 47.4234375 ], [ -70.300097656249989, 47.503027343749999 ], [ -69.994433593749989, 47.739892578124994 ], [ -69.905566406249989, 47.832226562499997 ], [ -69.83984375, 47.952587890624997 ], [ -69.775, 48.098095703124997 ], [ -69.865527343749989, 48.172265625 ], [ -69.97119140625, 48.205761718749997 ], [ -70.145312499999989, 48.243554687499994 ], [ -70.500634765624994, 48.354345703124999 ], [ -70.67109375, 48.353222656249997 ], [ -70.838769531249994, 48.367382812499997 ], [ -70.922607421875, 48.422314453124997 ], [ -71.018261718749997, 48.455615234374996 ], [ -70.383691406249994, 48.366503906249996 ], [ -70.110644531249989, 48.277978515624994 ], [ -70.001025390624989, 48.270947265624997 ], [ -69.851708984374994, 48.207373046874999 ], [ -69.761914062499997, 48.191162109375 ], [ -69.673876953124989, 48.199169921874997 ], [ -69.550097656249989, 48.25078125 ], [ -69.374951171874997, 48.386425781249997 ], [ -69.230761718749989, 48.573632812499994 ], [ -68.929052734374991, 48.828955078124999 ], [ -68.669042968749991, 48.939501953124996 ], [ -68.627880859374997, 49.007177734374999 ], [ -68.543847656249994, 49.05615234375 ], [ -68.414404296874991, 49.099511718749994 ], [ -68.29453125, 49.114355468749999 ], [ -68.220605468749994, 49.149658203125 ], [ -68.281933593749997, 49.197167968749994 ], [ -68.05625, 49.256787109374997 ], [ -67.549267578124997, 49.332275390625 ], [ -67.46923828125, 49.334619140624994 ], [ -67.372021484374997, 49.3484375 ], [ -67.261914062499997, 49.451171875 ], [ -67.234375, 49.601757812499997 ], [ -66.941162109375, 49.993701171874996 ], [ -66.740869140624994, 50.065527343749999 ], [ -66.621728515624994, 50.155419921874994 ], [ -66.550048828125, 50.161181640624996 ], [ -66.495507812499994, 50.211865234374997 ], [ -66.411083984374997, 50.224267578124994 ], [ -66.368847656249997, 50.206640625 ], [ -66.2421875, 50.220361328124994 ], [ -66.125537109374989, 50.201025390624999 ], [ -65.955371093749989, 50.294140625 ], [ -65.762451171875, 50.25927734375 ], [ -65.268603515624989, 50.320019531249997 ], [ -65.180908203125, 50.297900390624996 ], [ -64.867871093749997, 50.275488281249999 ], [ -64.508935546874994, 50.308935546874999 ], [ -64.17041015625, 50.269433593749994 ], [ -64.015820312499997, 50.303955078125 ], [ -63.853955078124997, 50.314355468749994 ], [ -63.73359375, 50.304638671874997 ], [ -63.586669921875, 50.258203125 ], [ -63.238623046874991, 50.242578125 ], [ -63.135644531249994, 50.293798828124999 ], [ -62.949755859374989, 50.291357421874999 ], [ -62.830224609374994, 50.301464843749997 ], [ -62.715429687499991, 50.301660156249994 ], [ -62.540917968749994, 50.284521484374999 ], [ -62.361669921874991, 50.277294921874997 ], [ -62.165234375, 50.238916015624994 ], [ -61.91953125, 50.232861328124997 ], [ -61.835351562499994, 50.196972656249997 ], [ -61.724853515625, 50.104052734374996 ], [ -61.289746093749997, 50.201953125 ], [ -61.180712890624989, 50.191503906249999 ], [ -60.956298828125, 50.205419921874999 ], [ -60.807226562499991, 50.249804687499996 ], [ -60.608203124999989, 50.221142578124997 ], [ -60.438085937499991, 50.238867187499999 ], [ -60.080175781249991, 50.254589843749997 ], [ -59.886328125, 50.31640625 ], [ -59.815332031249994, 50.418261718749996 ], [ -59.611914062499991, 50.492089843749994 ], [ -59.378027343749991, 50.675439453124994 ], [ -59.165380859374991, 50.779882812499999 ], [ -59.054931640625, 50.879101562499997 ], [ -58.637597656249994, 51.171679687499996 ], [ -58.61474609375, 51.237060546875 ], [ -58.59326171875, 51.257128906249996 ], [ -58.510351562499991, 51.295068359374994 ], [ -58.442285156249994, 51.305908203125 ], [ -58.270458984374997, 51.295214843749996 ], [ -58.089404296874989, 51.310986328124997 ], [ -58.02265625, 51.322070312499996 ], [ -57.853759765625, 51.399511718749999 ], [ -57.769580078124989, 51.425927734374994 ], [ -57.461669921875, 51.469091796874999 ], [ -57.29921875, 51.478271484375 ], [ -57.10009765625, 51.443359375 ], [ -57.095605468749994, 51.442529296874994 ], [ -57.018261718749997, 51.44677734375 ], [ -56.975976562499994, 51.457666015624994 ], [ -56.548583984375, 51.681005859374999 ], [ -56.282568359374991, 51.797070312499997 ], [ -56.017480468749994, 51.929296875 ], [ -55.695214843749994, 52.137792968749999 ], [ -55.672802734374997, 52.190136718749997 ], [ -55.691064453124994, 52.241601562500001 ], [ -55.783496093749989, 52.279931640625001 ], [ -55.833642578124994, 52.310400390624999 ], [ -56.004638671875, 52.370410156249996 ], [ -56.01171875, 52.394482421874997 ], [ -55.896679687499997, 52.369580078124997 ], [ -55.777148437499989, 52.3642578125 ], [ -55.716210937499994, 52.391503906250001 ], [ -55.705957031249994, 52.428271484374996 ], [ -55.746484375, 52.474560546874997 ], [ -55.840185546874991, 52.507617187499996 ], [ -56.052587890624991, 52.537402343749996 ], [ -56.228417968749994, 52.535986328124999 ], [ -56.324902343749997, 52.54453125 ], [ -56.292382812499994, 52.573779296874996 ], [ -56.1669921875, 52.574755859374996 ], [ -55.848437499999989, 52.623339843749996 ], [ -55.802832031249991, 52.643164062499999 ], [ -55.818652343749989, 52.677148437500001 ], [ -55.872509765624997, 52.735693359374999 ], [ -55.85791015625, 52.823388671875001 ], [ -55.829882812499989, 52.87841796875 ], [ -55.892333984375, 53.000439453124997 ], [ -55.808203125, 53.134667968750001 ], [ -55.797949218749991, 53.211962890624996 ], [ -55.81689453125, 53.245751953125001 ], [ -55.854785156249989, 53.285839843749997 ], [ -55.863378906249991, 53.312255859375 ], [ -55.859375, 53.343896484375001 ], [ -55.911230468749991, 53.390820312499997 ], [ -55.966113281249989, 53.471142578124997 ], [ -56.110156249999989, 53.587597656249997 ], [ -56.270214843749997, 53.60009765625 ], [ -56.35400390625, 53.624462890624997 ], [ -56.4443359375, 53.718310546874996 ], [ -56.464990234374994, 53.765039062500001 ], [ -56.524316406249994, 53.766455078124999 ], [ -56.696582031249989, 53.757666015624999 ], [ -56.840869140624989, 53.739453125 ], [ -57.012158203124997, 53.672607421875 ], [ -57.221386718749997, 53.528515625 ], [ -57.331738281249997, 53.469091796874999 ], [ -57.386132812499994, 53.560546875 ], [ -57.420214843749989, 53.583251953125 ], [ -57.52734375, 53.599902343749996 ], [ -57.524072265624994, 53.611425781249999 ], [ -57.489453125, 53.633105468749996 ], [ -57.243994140624991, 53.715478515625001 ], [ -57.156933593749997, 53.756884765624996 ], [ -57.134960937499997, 53.791845703124999 ], [ -57.148974609374989, 53.847705078124996 ], [ -57.198876953124994, 53.924365234374996 ], [ -57.416064453124989, 54.162744140625001 ], [ -57.614941406249997, 54.191113281249997 ], [ -58.192089843749997, 54.228173828125001 ], [ -58.309960937499994, 54.20166015625 ], [ -58.356152343749997, 54.171923828124996 ], [ -58.360791015624997, 54.154492187499997 ], [ -58.317480468749991, 54.114453125 ], [ -58.177441406249997, 54.131298828124997 ], [ -58.06484375, 54.126757812499996 ], [ -57.928271484374989, 54.103564453124996 ], [ -57.935986328124997, 54.091162109374999 ], [ -58.088085937499997, 54.089501953125001 ], [ -58.326708984374989, 54.051806640624996 ], [ -58.652050781249997, 53.977880859374999 ], [ -58.919580078124994, 53.875292968749996 ], [ -59.12939453125, 53.743945312499996 ], [ -59.322265625, 53.64375 ], [ -59.498144531249991, 53.574755859374996 ], [ -59.62109375, 53.536816406249997 ], [ -59.829052734374997, 53.504541015625001 ], [ -59.881738281249994, 53.480078125 ], [ -59.987109374999989, 53.392822265625 ], [ -60.148339843749994, 53.306542968750001 ], [ -60.329492187499994, 53.26611328125 ], [ -60.3375, 53.277441406249999 ], [ -60.345703125, 53.289013671874997 ], [ -60.272705078125, 53.317089843749997 ], [ -60.251171875, 53.343554687499996 ], [ -60.305761718749991, 53.360107421875 ], [ -60.290283203125, 53.391455078124999 ], [ -60.157128906249994, 53.449804687499999 ], [ -60.100292968749997, 53.486962890625001 ], [ -60.160253906249991, 53.529980468749997 ], [ -60.36953125, 53.607470703124996 ], [ -60.395410156249994, 53.6533203125 ], [ -60.263330078124994, 53.610058593749997 ], [ -60.144921875, 53.596142578124997 ], [ -60.117285156249991, 53.610107421875 ], [ -60.100488281249994, 53.634228515624997 ], [ -60.081347656249989, 53.701025390624999 ], [ -60.056542968749994, 53.733349609374997 ], [ -60.01416015625, 53.761572265624999 ], [ -59.873339843749989, 53.807763671875001 ], [ -59.823046874999989, 53.834423828124997 ], [ -59.749462890624997, 53.84228515625 ], [ -59.652685546874991, 53.83125 ], [ -59.496533203124997, 53.834179687499997 ], [ -59.201416015625, 53.929101562500001 ], [ -59.038818359375, 53.963623046875 ], [ -59.012646484374997, 53.976269531249997 ], [ -58.978466796874997, 54.01025390625 ], [ -58.920214843749989, 54.033105468750001 ], [ -58.8408203125, 54.044482421874996 ], [ -58.719433593749997, 54.039404296874999 ], [ -58.633203125, 54.049560546875 ], [ -58.558398437499989, 54.102978515624997 ], [ -58.435205078124994, 54.228125 ], [ -58.359130859375, 54.253320312500001 ], [ -58.2197265625, 54.286474609374999 ], [ -58.161914062499989, 54.319970703125001 ], [ -58.1513671875, 54.350439453124999 ], [ -57.889111328124997, 54.384082031249996 ], [ -57.699267578124989, 54.386572265624999 ], [ -57.563232421875, 54.4404296875 ], [ -57.4853515625, 54.517480468750001 ], [ -57.404443359374994, 54.570410156249999 ], [ -57.404492187499997, 54.590869140624996 ], [ -57.483007812499991, 54.640283203125001 ], [ -57.626611328124994, 54.650341796874997 ], [ -57.724902343749989, 54.673730468750001 ], [ -57.826855468749997, 54.718652343750001 ], [ -57.929296875, 54.773144531249997 ], [ -57.962451171874989, 54.875732421875 ], [ -58.058496093749994, 54.882226562500001 ], [ -58.195263671874997, 54.865917968749997 ], [ -58.222851562499997, 54.812695312499997 ], [ -58.398144531249997, 54.774121093749997 ], [ -58.499902343749994, 54.783105468750001 ], [ -58.780175781249994, 54.83837890625 ], [ -58.885791015624989, 54.952246093749999 ], [ -58.955810546875, 55.055078125 ], [ -58.997119140624989, 55.149462890624996 ], [ -59.086328125, 55.183251953125001 ], [ -59.259570312499989, 55.199951171875 ], [ -59.324169921874997, 55.15283203125 ], [ -59.394189453124994, 55.080712890625001 ], [ -59.428564453124991, 55.055517578124999 ], [ -59.749902343749994, 54.887011718749996 ], [ -59.837792968749994, 54.81396484375 ], [ -59.81640625, 54.867236328124996 ], [ -59.74169921875, 54.942578125 ], [ -59.48583984375, 55.130175781249996 ], [ -59.437890625, 55.175927734375001 ], [ -59.517675781249991, 55.197363281249999 ], [ -59.60546875, 55.17333984375 ], [ -59.6890625, 55.196337890624996 ], [ -59.695507812499997, 55.269140625 ], [ -59.7587890625, 55.3095703125 ], [ -59.862109374999989, 55.294873046874997 ], [ -59.930322265624994, 55.259423828125001 ], [ -60.212548828124994, 55.236425781249999 ], [ -60.340771484374997, 55.193945312499999 ], [ -60.556542968749994, 55.067480468749999 ], [ -60.617138671874997, 55.060205078125001 ], [ -60.5205078125, 55.129003906249999 ], [ -60.450097656249994, 55.199951171875 ], [ -60.43310546875, 55.242773437499999 ], [ -60.3609375, 55.366308593749999 ], [ -60.224023437499994, 55.444384765624996 ], [ -60.1923828125, 55.480908203124997 ], [ -60.308300781249997, 55.556982421874999 ], [ -60.351953125, 55.612353515624996 ], [ -60.408300781249991, 55.649560546875001 ], [ -60.365429687499997, 55.709082031249999 ], [ -60.341015625, 55.78466796875 ], [ -60.41259765625, 55.78857421875 ], [ -60.475830078125, 55.805126953124997 ], [ -60.562109375, 55.727001953124997 ], [ -60.592578124999989, 55.81484375 ], [ -60.630957031249991, 55.825 ], [ -60.736621093749989, 55.886962890625 ], [ -60.743261718749991, 55.941455078124996 ], [ -60.831835937499989, 55.957861328124999 ], [ -60.892675781249991, 55.914208984375001 ], [ -60.995751953124994, 55.862353515624996 ], [ -61.08935546875, 55.866357421875001 ], [ -61.122998046874997, 55.888574218750001 ], [ -61.133886718749991, 55.930273437499999 ], [ -61.187890625, 55.955371093749996 ], [ -61.351269531249997, 55.973681640624996 ], [ -61.449511718749989, 55.995703125 ], [ -61.448925781249997, 56.022363281250001 ], [ -61.301123046874991, 56.047167968749996 ], [ -61.324414062499997, 56.076220703124996 ], [ -61.364697265624997, 56.216015625 ], [ -61.42109375, 56.221826171875001 ], [ -61.55859375, 56.2078125 ], [ -61.713085937499997, 56.23095703125 ], [ -61.707128906249991, 56.288720703125001 ], [ -61.498681640624994, 56.327587890624997 ], [ -61.42529296875, 56.360644531249996 ], [ -61.514599609374997, 56.390332031249997 ], [ -61.692480468749991, 56.397070312499999 ], [ -61.9404296875, 56.423583984375 ], [ -62.009667968749994, 56.453857421875 ], [ -61.8994140625, 56.505419921874996 ], [ -61.760058593749989, 56.5107421875 ], [ -61.737744140624997, 56.526025390625001 ], [ -61.813378906249994, 56.570507812499997 ], [ -61.854931640624997, 56.584277343749996 ], [ -61.991601562499994, 56.5908203125 ], [ -62.116503906249989, 56.666845703124999 ], [ -62.3955078125, 56.730029296874996 ], [ -62.497265625, 56.801708984374997 ], [ -62.460205078125, 56.818457031249999 ], [ -62.372021484374997, 56.836181640625 ], [ -62.295800781249994, 56.8328125 ], [ -62.381738281249994, 56.787695312499999 ], [ -62.366113281249994, 56.766992187500001 ], [ -62.0625, 56.699072265624999 ], [ -61.531689453124997, 56.654589843749996 ], [ -61.371630859374989, 56.680810546875001 ], [ -61.372802734375, 56.775830078124997 ], [ -61.390478515624991, 56.852978515624997 ], [ -61.345751953124989, 56.921582031249997 ], [ -61.333740234375, 57.010595703124999 ], [ -61.628515625, 57.183154296874996 ], [ -61.71630859375, 57.196191406250001 ], [ -61.79833984375, 57.186230468749997 ], [ -61.86083984375, 57.197558593749996 ], [ -61.94453125, 57.228125 ], [ -61.977441406249994, 57.247949218750001 ], [ -61.938867187499994, 57.274365234374997 ], [ -61.885839843749991, 57.347851562499997 ], [ -61.849804687499997, 57.370410156249996 ], [ -61.85107421875, 57.381298828124997 ], [ -61.921142578125, 57.420800781250001 ], [ -62.088085937499997, 57.452832031249997 ], [ -62.194238281249994, 57.45458984375 ], [ -62.30322265625, 57.440673828125 ], [ -62.396484375, 57.448193359374997 ], [ -62.454980468749994, 57.461962890624996 ], [ -62.495556640624997, 57.489208984374997 ], [ -62.377148437499997, 57.477978515624997 ], [ -62.338574218749997, 57.484521484375001 ], [ -62.253613281249997, 57.528759765624997 ], [ -62.166894531249994, 57.536572265624997 ], [ -62.083984375, 57.561914062500001 ], [ -61.96796875, 57.611914062499999 ], [ -61.93125, 57.668554687499999 ], [ -61.994921874999989, 57.769433593750001 ], [ -61.9677734375, 57.803320312499999 ], [ -61.9140625, 57.825048828124999 ], [ -61.899072265624994, 57.861328125 ], [ -61.958642578124994, 57.911767578125001 ], [ -62.117431640625, 57.964111328125 ], [ -62.201513671874991, 57.954638671874996 ], [ -62.3056640625, 57.972265625 ], [ -62.486230468749994, 58.154052734375 ], [ -62.588085937499997, 58.158105468749994 ], [ -62.817529296874994, 58.129248046874999 ], [ -62.980908203124997, 58.093310546875003 ], [ -63.220019531249989, 58.002148437499997 ], [ -63.261523437499989, 58.014697265625003 ], [ -63.151660156249989, 58.084179687499997 ], [ -63.062792968749989, 58.127099609374994 ], [ -62.812060546874989, 58.200390625 ], [ -62.67431640625, 58.319189453124999 ], [ -62.593847656249991, 58.474023437499994 ], [ -62.607861328124997, 58.496386718750003 ], [ -62.7373046875, 58.4921875 ], [ -62.83740234375, 58.479394531249994 ], [ -63.07568359375, 58.414794921875 ], [ -63.132128906249989, 58.410839843749997 ], [ -63.11953125, 58.441748046874999 ], [ -63.1455078125, 58.46044921875 ], [ -63.2099609375, 58.466943359374994 ], [ -63.296484375, 58.441210937500003 ], [ -63.4736328125, 58.330664062499999 ], [ -63.537060546874997, 58.329931640624999 ], [ -63.437939453124997, 58.398828125 ], [ -63.389941406249989, 58.452539062499994 ], [ -63.218652343749994, 58.51953125 ], [ -63.102343749999989, 58.545751953124999 ], [ -62.873876953124991, 58.672460937499999 ], [ -62.926074218749989, 58.765039062499994 ], [ -63.008349609374989, 58.855419921874997 ], [ -63.05029296875, 58.878173828125 ], [ -63.185351562499989, 58.857763671874999 ], [ -63.282128906249994, 58.867382812499997 ], [ -63.221923828125, 58.911035156249994 ], [ -63.21640625, 58.927978515625 ], [ -63.279443359374994, 59.003173828125 ], [ -63.309863281249989, 59.026464843749999 ], [ -63.3037109375, 59.034423828125 ], [ -63.222509765624991, 59.057177734375003 ], [ -63.2484375, 59.068310546874997 ], [ -63.325537109374991, 59.081591796875003 ], [ -63.398974609374989, 59.079638671875003 ], [ -63.56787109375, 59.047021484374994 ], [ -63.793652343749997, 59.027001953124994 ], [ -63.941015625, 59.027392578125003 ], [ -63.971142578124997, 59.053808593749999 ], [ -63.910498046874991, 59.065576171874994 ], [ -63.756396484374989, 59.0634765625 ], [ -63.6455078125, 59.07890625 ], [ -63.506201171874991, 59.115185546874997 ], [ -63.415136718749991, 59.194384765625003 ], [ -63.539892578124991, 59.332861328124999 ], [ -63.6375, 59.341455078124994 ], [ -63.752001953124989, 59.27734375 ], [ -63.77587890625, 59.277148437500003 ], [ -63.758593749999989, 59.318652343750003 ], [ -63.780859375, 59.349267578124994 ], [ -63.945458984374994, 59.380175781250003 ], [ -63.970703125, 59.409082031249994 ], [ -63.850390624999989, 59.447802734375003 ], [ -63.750195312499997, 59.512597656249994 ], [ -63.841259765624997, 59.574414062499997 ], [ -63.928808593749991, 59.644921875 ], [ -63.969482421875, 59.697607421874999 ], [ -63.978710937499997, 59.753710937500003 ], [ -64.056054687499994, 59.822558593750003 ], [ -64.150683593749989, 59.793603515624994 ], [ -64.226318359375, 59.7412109375 ], [ -64.168798828124991, 59.846533203124999 ], [ -64.182861328125, 59.972949218750003 ], [ -64.283496093749989, 60.0640625 ], [ -64.40771484375, 60.064794921874999 ], [ -64.559179687499991, 60.043408203124997 ], [ -64.732568359374994, 59.99755859375 ], [ -64.768457031249994, 60.012109375 ], [ -64.71328125, 60.037158203125003 ], [ -64.527734375, 60.09453125 ], [ -64.419580078124994, 60.17138671875 ], [ -64.436328124999989, 60.228125 ], [ -64.499414062499994, 60.268261718749997 ], [ -64.6142578125, 60.306005859374999 ], [ -64.705859374999989, 60.336132812499997 ], [ -64.817333984374997, 60.3310546875 ], [ -64.845019531249989, 60.308300781249997 ], [ -64.889550781249994, 60.286523437499994 ], [ -64.93125, 60.252001953125003 ], [ -65.073388671874994, 60.062207031249997 ], [ -65.104882812499994, 59.993408203125 ], [ -65.171728515624991, 59.908007812500003 ], [ -65.181396484375, 59.866650390624997 ], [ -65.159228515624989, 59.830126953125003 ], [ -65.11328125, 59.801611328124999 ], [ -65.028173828124991, 59.770703125 ], [ -65.054492187499989, 59.752783203124999 ], [ -65.212255859374991, 59.809521484374997 ], [ -65.288769531249997, 59.818066406249997 ], [ -65.35791015625, 59.80908203125 ], [ -65.406152343749994, 59.795214843750003 ], [ -65.433398437499989, 59.776513671874994 ], [ -65.480859375, 59.690234375 ], [ -65.486474609374994, 59.648681640625 ], [ -65.475195312499991, 59.616796875 ], [ -65.407421875, 59.539355468750003 ], [ -65.345507812499989, 59.511035156250003 ], [ -65.26318359375, 59.495458984374999 ], [ -65.170947265624989, 59.462255859374999 ], [ -65.06884765625, 59.411474609374999 ], [ -65.038232421874994, 59.387890625 ], [ -65.074316406249991, 59.378027343749999 ], [ -65.273779296874991, 59.464160156250003 ], [ -65.349707031249991, 59.478808593750003 ], [ -65.47509765625, 59.4703125 ], [ -65.489355468749991, 59.44775390625 ], [ -65.407275390624989, 59.330224609374994 ], [ -65.41171875, 59.314990234375003 ], [ -65.512792968749991, 59.350390625 ], [ -65.5453125, 59.319726562499994 ], [ -65.578027343749994, 59.244970703124999 ], [ -65.607128906249997, 59.213134765625 ], [ -65.660742187499991, 59.2296875 ], [ -65.691699218749989, 59.229394531249994 ], [ -65.7, 59.213330078124997 ], [ -65.665625, 59.152783203124997 ], [ -65.63984375, 59.127734375 ], [ -65.60625, 59.110742187499994 ], [ -65.495996093749994, 59.09130859375 ], [ -65.383544921875, 59.060205078124994 ], [ -65.396240234375, 59.038427734374999 ], [ -65.526318359374997, 59.036230468749999 ], [ -65.543994140624989, 59.011865234374994 ], [ -65.695263671874997, 59.03203125 ], [ -65.720996093749989, 59.023779296874999 ], [ -65.721923828125, 59.002587890624994 ], [ -65.703564453124997, 58.970605468749994 ], [ -65.794824218749994, 58.98046875 ], [ -65.84140625, 58.97705078125 ], [ -65.920703124999989, 58.914648437499999 ], [ -65.918408203124997, 58.895605468749999 ], [ -65.8359375, 58.860498046874994 ], [ -65.854833984374991, 58.846630859374997 ], [ -65.967041015625, 58.839208984374999 ], [ -66.043066406249991, 58.820654296874999 ], [ -66.049365234374989, 58.787890625 ], [ -66.021289062499989, 58.734765625 ], [ -65.949658203124997, 58.649853515624997 ], [ -65.927929687499997, 58.6109375 ], [ -65.922900390624989, 58.571972656249997 ], [ -65.93125, 58.535058593749994 ], [ -66.002392578124997, 58.431201171875003 ], [ -66.017041015624997, 58.430810546874994 ], [ -66.029541015625, 58.566796875 ], [ -66.044628906249997, 58.605615234374994 ], [ -66.090917968749991, 58.659033203124999 ], [ -66.168212890625, 58.727099609375003 ], [ -66.237402343749991, 58.772265625 ], [ -66.298535156249997, 58.79453125 ], [ -66.362402343749991, 58.791162109374994 ], [ -66.47998046875, 58.730908203124997 ], [ -66.515039062499994, 58.697314453125003 ], [ -66.557714843749991, 58.636621093749994 ], [ -66.60791015625, 58.548925781249999 ], [ -66.72216796875, 58.491015625 ], [ -66.900390625, 58.462792968749994 ], [ -67.019433593749994, 58.432910156250003 ], [ -67.162841796875, 58.370361328125 ], [ -67.381982421874994, 58.3 ], [ -67.569628906249989, 58.213476562499999 ], [ -67.596337890624994, 58.186132812499999 ], [ -67.6171875, 58.140332031249997 ], [ -67.632226562499994, 58.076123046874997 ], [ -67.678271484374989, 57.991113281250001 ], [ -67.69765625, 58.008740234374997 ], [ -67.680566406249994, 58.10703125 ], [ -67.688183593749997, 58.140234375 ], [ -67.689697265625, 58.243798828124994 ], [ -67.737060546875, 58.385449218749997 ], [ -67.755957031249991, 58.404589843750003 ], [ -67.805224609374989, 58.365478515625 ], [ -67.823339843749991, 58.310253906249997 ], [ -67.855859375, 58.272607421874994 ], [ -68.008984375, 58.152050781249997 ], [ -68.063867187499994, 58.138964843750003 ], [ -67.911425781249989, 58.267236328124994 ], [ -67.88828125, 58.295751953124999 ], [ -67.887792968749991, 58.329394531250003 ], [ -67.981152343749997, 58.461230468750003 ], [ -68.021044921874989, 58.485302734374997 ], [ -68.111035156249997, 58.473339843749997 ], [ -68.175537109375, 58.402587890625 ], [ -68.289111328124989, 58.177685546874997 ], [ -68.351855468749989, 58.090722656249994 ], [ -68.41357421875, 58.0517578125 ], [ -68.495068359374997, 58.011669921874997 ], [ -68.780957031249997, 57.975830078125 ], [ -69.040820312499989, 57.902490234375001 ], [ -69.035449218749989, 57.926025390625 ], [ -68.9453125, 57.968798828124996 ], [ -68.82578125, 57.999853515624999 ], [ -68.596875, 58.036865234375 ], [ -68.468164062499994, 58.076318359374994 ], [ -68.356542968749991, 58.163232421874994 ], [ -68.314697265625, 58.226904296874999 ], [ -68.23388671875, 58.39921875 ], [ -68.229394531249994, 58.484570312499997 ], [ -68.235156249999989, 58.528173828124999 ], [ -68.252978515624989, 58.556640625 ], [ -68.326464843749989, 58.595410156249997 ], [ -68.381152343749989, 58.743505859374999 ], [ -68.414306640625, 58.78271484375 ], [ -68.474902343749989, 58.823486328125 ], [ -68.562890625, 58.865917968749997 ], [ -68.637304687499991, 58.892871093750003 ], [ -68.698193359374997, 58.904541015625 ], [ -68.941503906249991, 58.888916015625 ], [ -69.063623046874994, 58.898242187500003 ], [ -69.173486328124994, 58.896630859374994 ], [ -69.27109375, 58.883935546874994 ], [ -69.3818359375, 58.850732421874994 ], [ -69.650537109374994, 58.728271484375 ], [ -69.789892578124991, 58.689306640624999 ], [ -69.878564453124994, 58.696972656249997 ], [ -70.033007812499989, 58.745166015625003 ], [ -70.154345703124989, 58.760595703124999 ], [ -70.159960937499989, 58.789404296874999 ], [ -69.979150390624994, 58.816357421874997 ], [ -69.867578125, 58.856152343749997 ], [ -69.841601562499989, 58.881152343750003 ], [ -69.82861328125, 58.905371093749999 ], [ -69.828515625, 58.928759765625003 ], [ -69.813671875, 58.945556640625 ], [ -69.7841796875, 58.955712890624994 ], [ -69.753027343749991, 58.939599609374994 ], [ -69.67734375, 58.831347656250003 ], [ -69.648388671874997, 58.82080078125 ], [ -69.608203124999989, 58.829492187499994 ], [ -69.531640625, 58.869238281249999 ], [ -69.500097656249991, 58.920654296875 ], [ -69.474658203124989, 59.0 ], [ -69.448095703124991, 59.049169921874999 ], [ -69.4203125, 59.068212890624999 ], [ -69.414111328124989, 59.086865234374997 ], [ -69.459765624999989, 59.152441406249999 ], [ -69.450488281249989, 59.180029296874999 ], [ -69.350439453124991, 59.277197265624999 ], [ -69.344042968749989, 59.303076171874999 ], [ -69.4, 59.337792968749994 ], [ -69.681884765625, 59.341748046874997 ], [ -69.710888671874997, 59.392529296874997 ], [ -69.6923828125, 59.488427734374994 ], [ -69.656201171874997, 59.565087890624994 ], [ -69.602343749999989, 59.622705078124994 ], [ -69.579394531249989, 59.675097656250003 ], [ -69.58740234375, 59.722314453124994 ], [ -69.630224609374991, 59.821826171875003 ], [ -69.6734375, 59.870751953124994 ], [ -69.733935546874989, 59.918017578125003 ], [ -69.8056640625, 59.944873046875003 ], [ -70.326855468749997, 59.971386718749997 ], [ -70.466650390624991, 59.970849609374994 ], [ -70.619726562499991, 59.984277343749994 ], [ -70.654833984374989, 60.026220703124999 ], [ -70.509326171874989, 60.015185546875003 ], [ -69.962841796874997, 60.017822265625 ], [ -69.795654296875, 60.029736328124997 ], [ -69.673730468749994, 60.075878906249997 ], [ -69.629785156249994, 60.122119140625003 ], [ -69.623144531249991, 60.145458984374997 ], [ -69.628759765624991, 60.198583984374999 ], [ -69.633105468749989, 60.220361328124994 ], [ -69.70849609375, 60.2859375 ], [ -69.740576171874991, 60.332275390625 ], [ -69.755908203124989, 60.388525390624999 ], [ -69.759472656249997, 60.440234375 ], [ -69.751269531249989, 60.487451171874994 ], [ -69.721386718749997, 60.567431640625003 ], [ -69.640478515624991, 60.689794921874999 ], [ -69.57421875, 60.742724609375003 ], [ -69.489941406249997, 60.779589843750003 ], [ -69.433447265624991, 60.814257812500003 ], [ -69.404736328124997, 60.846777343749999 ], [ -69.398339843749994, 60.882861328125003 ], [ -69.414355468749989, 60.922460937499999 ], [ -69.471923828125, 61.0109375 ], [ -69.503320312499994, 61.040429687499994 ], [ -69.556982421874991, 61.059667968749999 ], [ -69.623632812499991, 61.049511718749997 ], [ -69.650439453124989, 61.01416015625 ], [ -69.677587890624991, 60.949560546874999 ], [ -69.708398437499994, 60.914648437499999 ], [ -69.800439453124994, 60.906689453124997 ], [ -69.909228515624989, 60.860107421875 ], [ -69.992431640625, 60.856494140625003 ], [ -70.0953125, 60.880273437499994 ], [ -70.145898437499994, 60.921826171874997 ], [ -70.144140625, 60.981103515624994 ], [ -70.157958984375, 61.020654296874994 ], [ -70.187207031249997, 61.04052734375 ], [ -70.279296875, 61.068652343750003 ], [ -70.383642578124991, 61.06396484375 ], [ -70.540771484375, 61.04248046875 ], [ -70.723242187499991, 61.05517578125 ], [ -71.034960937499989, 61.125537109375003 ], [ -71.175146484374991, 61.146533203125003 ], [ -71.348437499999989, 61.148974609375003 ], [ -71.422705078124991, 61.158935546875 ], [ -71.551513671875, 61.21328125 ], [ -71.743457031249989, 61.337255859374999 ], [ -71.732128906249997, 61.3720703125 ], [ -71.646435546874997, 61.398730468750003 ], [ -71.645312499999989, 61.413134765625003 ], [ -71.793652343749997, 61.421191406250003 ], [ -71.854394531249994, 61.439794921874999 ], [ -71.841015625, 61.466015625 ], [ -71.755761718749994, 61.526757812499994 ], [ -71.656201171874997, 61.550927734374994 ], [ -71.619433593749989, 61.572900390624994 ], [ -71.604785156249989, 61.592382812499999 ], [ -71.63828125, 61.6171875 ], [ -71.866113281249994, 61.688525390625003 ], [ -71.922265625, 61.676953125 ], [ -71.964404296874989, 61.636279296875003 ], [ -72.023095703124994, 61.611962890624994 ], [ -72.215869140624989, 61.587255859374999 ], [ -72.2470703125, 61.60205078125 ], [ -72.08203125, 61.64140625 ], [ -72.04296875, 61.664697265624994 ], [ -72.0400390625, 61.680273437499999 ], [ -72.081445312499994, 61.728271484375 ], [ -72.126123046874994, 61.753222656250003 ], [ -72.178466796875, 61.801806640625003 ], [ -72.226123046874989, 61.831591796875003 ], [ -72.360742187499994, 61.887792968749999 ], [ -72.505566406249997, 61.92265625 ], [ -72.573876953124994, 61.907128906249994 ], [ -72.66064453125, 61.863232421874997 ], [ -72.727392578124991, 61.838623046875 ], [ -72.771630859374994, 61.840429687499999 ], [ -72.666015625, 61.955322265625 ], [ -72.632128906249989, 62.027246093749994 ], [ -72.633105468749989, 62.052783203125003 ], [ -72.64599609375, 62.076611328124997 ], [ -72.670800781249994, 62.113867187499999 ], [ -72.686962890624997, 62.124560546875003 ], [ -72.734960937499991, 62.131103515625 ], [ -72.8818359375, 62.125390625 ], [ -72.992382812499997, 62.180419921875 ], [ -73.049365234374989, 62.1982421875 ], [ -73.195166015624991, 62.279150390624999 ], [ -73.298974609374994, 62.325048828124999 ], [ -73.428369140624994, 62.368847656249997 ], [ -73.629980468749991, 62.454199218749999 ], [ -73.705078125, 62.47314453125 ], [ -73.763964843749989, 62.46875 ], [ -73.877832031249994, 62.434375 ], [ -74.046484375, 62.370019531249994 ], [ -74.20546875, 62.321386718749999 ], [ -74.42919921875, 62.271826171874999 ], [ -74.645800781249989, 62.211132812499997 ], [ -74.689892578124997, 62.183447265624999 ], [ -74.612890625, 62.125195312499997 ], [ -74.632568359375, 62.115673828124997 ], [ -74.907568359374991, 62.230029296875003 ], [ -75.022753906249989, 62.264453125 ], [ -75.114013671875, 62.270751953125 ], [ -75.341210937499994, 62.312109375 ], [ -75.409228515624989, 62.307080078124997 ], [ -75.488818359374989, 62.286425781250003 ], [ -75.789843749999989, 62.179589843749994 ], [ -75.809228515624994, 62.193408203125003 ], [ -75.675537109375, 62.24951171875 ], [ -75.81689453125, 62.315869140624997 ], [ -76.616357421874994, 62.465673828124999 ], [ -76.87939453125, 62.525390625 ], [ -77.205273437499997, 62.549951171874994 ], [ -77.372412109374991, 62.572509765625 ], [ -77.603955078124997, 62.531396484374994 ], [ -77.89990234375, 62.4265625 ], [ -78.068115234375, 62.355419921874997 ], [ -78.10859375, 62.318115234375 ], [ -78.133398437499991, 62.282275390625003 ], [ -78.14697265625, 62.208691406249997 ], [ -78.137158203124997, 62.107373046874997 ], [ -78.077490234374991, 61.923388671875003 ], [ -78.021386718749994, 61.832080078125003 ], [ -77.947558593749989, 61.761865234374994 ], [ -77.889892578125, 61.728710937499997 ], [ -77.813769531249989, 61.694775390624997 ], [ -77.6984375, 61.626416015624997 ], [ -77.514355468749997, 61.556298828124994 ], [ -77.648876953124997, 61.478662109374994 ], [ -77.736181640624991, 61.437353515624999 ], [ -77.749609375, 61.393017578124997 ], [ -77.726806640625, 61.230664062499997 ], [ -77.730615234374994, 61.206396484374999 ], [ -77.765039062499994, 61.157519531250003 ], [ -77.830126953124989, 61.084033203125003 ], [ -77.934179687499991, 61.002636718749997 ], [ -78.15966796875, 60.852197265624994 ], [ -78.181347656249997, 60.819140625 ], [ -78.122460937499994, 60.809619140625003 ], [ -77.998144531249991, 60.818212890624999 ], [ -77.871533203124997, 60.785839843749997 ], [ -77.60302734375, 60.8251953125 ], [ -77.589550781249997, 60.80859375 ], [ -77.66064453125, 60.789501953124997 ], [ -77.734228515624991, 60.696972656249997 ], [ -77.76123046875, 60.679052734374999 ], [ -77.790820312499989, 60.63984375 ], [ -77.714990234374994, 60.577783203124994 ], [ -77.639453124999989, 60.56689453125 ], [ -77.515576171874997, 60.563183593749997 ], [ -77.503564453124994, 60.542724609375 ], [ -77.59814453125, 60.506738281249994 ], [ -77.681445312499989, 60.427099609374999 ], [ -77.648632812499997, 60.3625 ], [ -77.452880859375, 60.145800781250003 ], [ -77.461376953124997, 60.133496093749997 ], [ -77.572167968749994, 60.100976562499994 ], [ -77.585888671874997, 60.088183593750003 ], [ -77.547167968749989, 60.061132812499999 ], [ -77.311816406249989, 60.042382812499994 ], [ -77.289208984374994, 60.022021484375003 ], [ -77.372949218749994, 59.925097656250003 ], [ -77.368408203125, 59.884375 ], [ -77.32763671875, 59.833398437499994 ], [ -77.331640625, 59.796630859375 ], [ -77.474560546874997, 59.715673828124999 ], [ -77.485302734374997, 59.6845703125 ], [ -77.411035156249994, 59.609619140625 ], [ -77.349072265624997, 59.578955078124999 ], [ -77.396679687499997, 59.569238281249994 ], [ -77.590429687499991, 59.680517578124999 ], [ -77.726171875, 59.675878906249999 ], [ -77.747509765624997, 59.658496093750003 ], [ -77.733496093749991, 59.580957031249994 ], [ -77.7490234375, 59.558154296875003 ], [ -77.859033203124994, 59.47578125 ], [ -77.844677734374997, 59.443505859374994 ], [ -77.779443359374994, 59.410400390625 ], [ -77.760693359374997, 59.380029296874994 ], [ -77.842822265624989, 59.305029296874999 ], [ -77.987646484374991, 59.245507812499994 ], [ -78.067675781249989, 59.2001953125 ], [ -78.140234375, 59.141748046874994 ], [ -78.244433593749989, 59.035058593749994 ], [ -78.430517578124991, 58.901757812499994 ], [ -78.458691406249997, 58.873291015625 ], [ -78.482617187499997, 58.8291015625 ], [ -78.502294921874991, 58.769091796875003 ], [ -78.515087890624997, 58.682373046875 ], [ -78.505908203124989, 58.649121093749997 ], [ -78.462988281249991, 58.602441406249994 ], [ -78.351708984374994, 58.580664062499999 ], [ -78.013574218749994, 58.399169921875 ], [ -77.884130859374991, 58.350732421874994 ], [ -77.68408203125, 58.291357421874999 ], [ -77.552441406249997, 58.239599609374999 ], [ -77.489160156249994, 58.1953125 ], [ -77.156787109374989, 58.018896484374999 ], [ -76.890917968749989, 57.758105468749996 ], [ -76.809814453125, 57.657958984375 ], [ -76.786279296874994, 57.598583984374997 ], [ -76.655419921874994, 57.380566406249997 ], [ -76.601416015624991, 57.272265625 ], [ -76.572851562499991, 57.181201171874996 ], [ -76.525585937499997, 56.891796875 ], [ -76.519628906249991, 56.706982421874997 ], [ -76.529833984374989, 56.499951171874997 ], [ -76.54638671875, 56.358789062500001 ], [ -76.604052734374989, 56.199560546874999 ], [ -76.650488281249991, 56.107226562499996 ], [ -76.761816406249991, 55.996435546874999 ], [ -76.938085937499991, 55.867236328124996 ], [ -77.072558593749989, 55.756298828124997 ], [ -77.165087890624989, 55.663525390624997 ], [ -77.324951171875, 55.555517578124999 ], [ -77.7021484375, 55.344189453124997 ], [ -77.775292968749994, 55.291259765625 ], [ -77.89111328125, 55.236425781249999 ], [ -78.128857421874997, 55.151318359374997 ], [ -78.303613281249994, 55.068554687499997 ], [ -78.475048828124997, 55.011035156249996 ], [ -78.846240234374989, 54.908007812499996 ], [ -78.909228515624989, 54.881494140625001 ], [ -79.66552734375, 54.697460937499997 ], [ -79.712353515624997, 54.671826171874997 ], [ -79.713964843749991, 54.654980468749997 ], [ -79.67041015625, 54.646826171874999 ], [ -79.631738281249994, 54.629101562499997 ], [ -79.597949218749989, 54.601660156249999 ], [ -79.520654296874994, 54.491552734374999 ], [ -79.475976562499994, 54.394775390625 ], [ -79.430566406249994, 54.336621093749997 ], [ -79.356152343749997, 54.263378906249997 ], [ -79.295654296875, 54.216845703124996 ], [ -79.215966796874994, 54.185693359375001 ], [ -79.146728515625, 54.169238281249996 ], [ -79.138818359374994, 54.1572265625 ], [ -79.178808593749991, 54.116943359375 ], [ -79.241796875, 54.098876953125 ], [ -79.067138671875, 54.051953125 ], [ -79.009912109374994, 54.023974609374996 ], [ -78.996044921874997, 54.002490234374996 ], [ -79.073291015624989, 53.951416015625 ], [ -79.075146484374997, 53.932373046875 ], [ -79.032031249999989, 53.881054687499997 ], [ -78.944384765624989, 53.840234375 ], [ -78.945703125, 53.831591796874996 ], [ -79.003173828125, 53.836572265625001 ], [ -79.040332031249989, 53.81796875 ], [ -79.081445312499994, 53.742285156249999 ], [ -79.113134765624991, 53.7171875 ], [ -79.100341796875, 53.656640625 ], [ -79.043115234374994, 53.560498046874997 ], [ -78.992041015624991, 53.410351562499997 ], [ -78.947119140624991, 53.206201171875001 ], [ -78.898242187499989, 53.043359375 ], [ -78.854101562499991, 52.97607421875 ], [ -78.73984375, 52.898974609374996 ], [ -78.7216796875, 52.8564453125 ], [ -78.753613281249997, 52.812402343750001 ], [ -78.765771484374994, 52.760058593749996 ], [ -78.744140625, 52.655371093749999 ], [ -78.723779296874994, 52.627734375 ], [ -78.6005859375, 52.535107421874997 ], [ -78.557080078124997, 52.491894531249997 ], [ -78.529101562499989, 52.399169921875 ], [ -78.526074218749997, 52.310693359375001 ], [ -78.513085937499994, 52.291113281249999 ], [ -78.448095703124991, 52.261376953125001 ], [ -78.491650390624997, 52.252099609375001 ], [ -78.537353515625, 52.21328125 ], [ -78.593310546874989, 52.139697265624996 ], [ -78.702001953124991, 52.03271484375 ], [ -78.828222656249991, 51.962988281249999 ], [ -78.871240234374994, 51.913427734374999 ], [ -78.89111328125, 51.845117187500001 ], [ -78.927880859374994, 51.798828125 ], [ -78.981640625, 51.774560546875001 ], [ -78.977734375, 51.733789062500001 ], [ -78.776318359374997, 51.565771484374999 ], [ -78.736425781249991, 51.526611328125 ], [ -78.731347656249994, 51.497460937499994 ], [ -78.827441406249989, 51.429980468749996 ], [ -78.858007812499991, 51.383935546874994 ], [ -78.897509765624989, 51.271679687499997 ], [ -78.903173828124991, 51.200292968749999 ], [ -78.936914062499994, 51.259130859374999 ], [ -78.984326171874997, 51.386376953124994 ], [ -79.005029296874994, 51.425341796874996 ], [ -79.04052734375, 51.463769531249994 ], [ -79.090869140624989, 51.501708984375 ], [ -79.152734375, 51.526220703124999 ], [ -79.226123046874989, 51.537304687499997 ], [ -79.264257812499991, 51.552001953125 ], [ -79.296972656249991, 51.622802734375 ], [ -79.338671874999989, 51.628173828125 ], [ -79.49755859375, 51.569921875 ], [ -79.521337890624991, 51.544726562499996 ], [ -79.528027343749997, 51.537695312499999 ], [ -79.547460937499991, 51.493847656249997 ], [ -79.585742187499989, 51.452441406249996 ], [ -79.64296875, 51.413525390624997 ], [ -79.688818359374991, 51.346582031249994 ], [ -79.723242187499991, 51.251660156249997 ], [ -79.737451171874994, 51.186279296875 ], [ -79.731396484374997, 51.150488281249999 ], [ -79.714453125, 51.117578125 ], [ -79.636181640624997, 51.049023437499997 ], [ -79.520458984374997, 50.965966796874994 ], [ -79.45263671875, 50.917285156249996 ], [ -79.380712890624991, 50.834521484374996 ], [ -79.347900390625, 50.762646484374997 ], [ -79.456152343749991, 50.875585937499999 ], [ -79.519580078124989, 50.918505859374996 ], [ -79.651513671874994, 51.0078125 ], [ -79.836230468749989, 51.17333984375 ], [ -79.960400390624997, 51.23515625 ], [ -80.103564453124989, 51.282861328124994 ], [ -80.265673828124989, 51.316357421874997 ], [ -80.367968749999989, 51.329882812499996 ], [ -80.478320312499989, 51.307324218749997 ], [ -80.67724609375, 51.190869140624997 ], [ -80.794970703124989, 51.1318359375 ], [ -80.851220703124994, 51.125 ], [ -80.672705078124991, 51.264746093749999 ], [ -80.495507812499994, 51.344677734374997 ], [ -80.443310546874997, 51.388574218749994 ], [ -80.447607421874991, 51.432226562499999 ], [ -80.495849609375, 51.525097656249997 ], [ -80.588037109374994, 51.667236328125 ], [ -80.657958984375, 51.758349609374996 ], [ -80.705517578124997, 51.79833984375 ], [ -80.968505859375, 51.972216796874996 ], [ -81.127197265625, 52.04541015625 ], [ -81.285058593749994, 52.089208984374999 ], [ -81.398095703124994, 52.142236328125001 ], [ -81.466210937499994, 52.204492187500001 ], [ -81.549511718749997, 52.236767578124997 ], [ -81.647998046874989, 52.2390625 ], [ -81.814550781249991, 52.2171875 ], [ -81.827880859375, 52.22421875 ], [ -81.7763671875, 52.253613281249997 ], [ -81.661230468749991, 52.293896484374997 ], [ -81.611523437499997, 52.324072265624999 ], [ -81.571679687499994, 52.367285156249999 ], [ -81.599414062499989, 52.4326171875 ], [ -81.742333984374994, 52.563623046875001 ], [ -81.859277343749994, 52.651416015624996 ], [ -82.02001953125, 52.811621093749999 ], [ -82.107958984374989, 52.877392578124997 ], [ -82.202685546874989, 52.921679687499996 ], [ -82.260449218749997, 52.961132812499997 ], [ -82.291552734374989, 53.030712890624997 ], [ -82.291601562499991, 53.066113281249997 ], [ -82.259912109374994, 53.159814453125001 ], [ -82.21923828125, 53.211474609374996 ], [ -82.1591796875, 53.26416015625 ], [ -82.146191406249997, 53.364599609374999 ], [ -82.180371093749997, 53.512841796875001 ], [ -82.190625, 53.6109375 ], [ -82.15, 53.739550781249996 ], [ -82.141455078124991, 53.817626953125 ], [ -82.162646484374989, 53.885693359374997 ], [ -82.239892578124994, 54.044824218750001 ], [ -82.263574218749994, 54.072998046875 ], [ -82.394140625, 54.18046875 ], [ -82.424169921874991, 54.244580078124997 ], [ -82.418066406249991, 54.355810546874999 ], [ -82.37060546875, 54.483496093749999 ], [ -82.219384765624994, 54.8134765625 ], [ -82.226611328124989, 54.855908203124997 ], [ -82.308251953124994, 54.998144531249999 ], [ -82.393261718749997, 55.067822265624997 ], [ -82.577441406249989, 55.148730468749996 ], [ -82.6875, 55.16552734375 ], [ -82.800683593749994, 55.155908203125001 ], [ -82.867773437499991, 55.160693359374996 ], [ -82.947021484375, 55.222216796874996 ], [ -82.986279296874997, 55.231396484374997 ], [ -83.21435546875, 55.214599609375 ], [ -83.569482421874994, 55.261816406249999 ], [ -83.667675781249997, 55.264501953124999 ], [ -83.910595703124997, 55.314648437499997 ], [ -83.971777343749991, 55.314160156249997 ], [ -84.022998046874989, 55.297802734374997 ], [ -84.105371093749994, 55.290820312499996 ], [ -84.218945312499997, 55.293115234375001 ], [ -84.356494140624989, 55.282519531249996 ], [ -84.51796875, 55.258886718749999 ], [ -84.705761718749997, 55.259228515624997 ], [ -84.919921875, 55.283349609375001 ], [ -85.0609375, 55.28564453125 ], [ -85.128857421874997, 55.266210937499999 ], [ -85.213574218749997, 55.224365234375 ], [ -85.365283203124989, 55.079296875 ], [ -85.362011718749997, 55.095458984375 ], [ -85.212011718749991, 55.297460937499999 ], [ -85.218017578125, 55.348974609374999 ], [ -85.28271484375, 55.38330078125 ], [ -85.407275390624989, 55.43115234375 ], [ -85.478466796874997, 55.474267578125001 ], [ -85.559326171875, 55.540185546875001 ], [ -85.676660156249994, 55.60107421875 ], [ -85.830517578124997, 55.656933593749997 ], [ -85.984472656249991, 55.695898437499999 ], [ -86.138671875, 55.717871093749999 ], [ -86.376953125, 55.773242187499996 ], [ -86.919384765624997, 55.91455078125 ], [ -87.286865234375, 55.974658203124996 ], [ -87.482421875, 56.021289062499996 ], [ -87.560888671874991, 56.056347656249997 ], [ -87.878125, 56.341601562499996 ], [ -88.075097656249994, 56.46728515625 ], [ -88.271337890624991, 56.535693359374996 ], [ -88.447070312499989, 56.608691406249996 ], [ -88.679882812499997, 56.725048828124997 ], [ -88.826464843749989, 56.814257812499996 ], [ -88.948486328125, 56.851318359375 ], [ -89.211572265624994, 56.883837890624996 ], [ -89.342333984374989, 56.915429687500001 ], [ -89.790820312499989, 56.981347656250001 ], [ -90.0751953125, 57.051904296875001 ], [ -90.344824218749991, 57.149072265625001 ], [ -90.5921875, 57.224462890624999 ], [ -90.8974609375, 57.256933593749999 ], [ -91.111279296874997, 57.2412109375 ], [ -92.018017578124997, 57.063769531249996 ], [ -92.2490234375, 57.008984375 ], [ -92.355712890625, 56.970605468750001 ], [ -92.372119140624989, 56.975146484374996 ], [ -92.298291015624997, 57.022753906249996 ], [ -92.303369140624994, 57.045849609374997 ], [ -92.456298828125, 57.03671875 ], [ -92.510302734374989, 57.022314453124999 ], [ -92.650976562499991, 56.958300781249996 ], [ -92.725292968749997, 56.933544921874997 ], [ -92.798144531249989, 56.921972656249999 ], [ -92.802392578124994, 56.928320312499999 ], [ -92.737988281249997, 56.95263671875 ], [ -92.675244140624997, 56.989550781249996 ], [ -92.614111328124991, 57.039013671874997 ], [ -92.548486328124994, 57.1109375 ], [ -92.478369140624991, 57.205273437499997 ], [ -92.439794921874991, 57.275048828125001 ], [ -92.4328125, 57.3203125 ], [ -92.449414062499997, 57.384863281249999 ], [ -92.489648437499994, 57.468603515624999 ], [ -92.70166015625, 57.777783203124997 ], [ -92.73984375, 57.844042968749996 ], [ -92.841748046874997, 58.075878906249997 ], [ -92.925146484374991, 58.224511718749994 ], [ -93.100195312499991, 58.48984375 ], [ -93.126513671874989, 58.564404296874997 ], [ -93.154589843749989, 58.694580078125 ], [ -93.178759765624989, 58.725634765625003 ], [ -93.278125, 58.756396484375003 ], [ -93.375048828124989, 58.741015625 ], [ -93.486181640624991, 58.744482421874999 ], [ -93.780029296875, 58.772558593749999 ], [ -94.055761718749991, 58.760009765625 ], [ -94.123193359374994, 58.73671875 ], [ -94.208935546874997, 58.626367187499994 ], [ -94.272167968749997, 58.378027343749999 ], [ -94.332226562499997, 58.29736328125 ], [ -94.332617187499991, 58.339111328125 ], [ -94.280810546874989, 58.658935546875 ], [ -94.287060546874997, 58.716015625 ], [ -94.419238281249989, 58.745507812499994 ], [ -94.539697265624994, 58.848388671875 ], [ -94.579199218749991, 58.868457031250003 ], [ -94.623730468749997, 58.875732421875 ], [ -94.673388671874989, 58.8701171875 ], [ -94.71337890625, 58.9033203125 ], [ -94.74375, 58.975439453124999 ], [ -94.776171874999989, 59.020605468749999 ], [ -94.846582031249994, 59.050341796875003 ], [ -94.957324218749989, 59.06884765625 ], [ -94.870263671874994, 59.087988281249999 ], [ -94.81953125, 59.151318359374997 ], [ -94.78828125, 59.267871093750003 ], [ -94.776660156249989, 59.478125 ], [ -94.785791015624994, 59.953320312499997 ], [ -94.771875, 60.001757812500003 ], [ -94.741601562499994, 60.107373046874997 ], [ -94.67041015625, 60.301074218750003 ], [ -94.646777343749989, 60.41640625 ], [ -94.670654296875, 60.453320312499997 ], [ -94.705273437499997, 60.4775390625 ], [ -94.76171875, 60.498242187499997 ], [ -94.678759765624989, 60.537695312499999 ], [ -94.568896484374989, 60.5419921875 ], [ -94.509375, 60.604541015625003 ], [ -94.427197265624997, 60.730712890625 ], [ -94.308691406249991, 60.870996093749994 ], [ -94.154052734375, 61.025439453125003 ], [ -94.067773437499994, 61.138867187499997 ], [ -94.049951171874994, 61.211279296874999 ], [ -94.055224609374989, 61.266162109375003 ], [ -94.083447265624997, 61.303662109374997 ], [ -94.060742187499997, 61.317822265624997 ], [ -93.941992187499991, 61.308007812499994 ], [ -93.888818359374994, 61.344042968750003 ], [ -93.889257812499991, 61.3640625 ], [ -93.940869140624997, 61.443652343750003 ], [ -93.912744140624994, 61.4814453125 ], [ -93.709667968749997, 61.6025390625 ], [ -93.420605468749997, 61.705810546875 ], [ -93.352343749999989, 61.739550781250003 ], [ -93.31201171875, 61.767285156249997 ], [ -93.314404296874997, 61.77978515625 ], [ -93.429931640625, 61.812109375 ], [ -93.494238281249991, 61.846923828125 ], [ -93.526708984374991, 61.871630859375003 ], [ -93.581787109375, 61.942041015624994 ], [ -93.372021484374997, 61.928955078125 ], [ -93.333056640624989, 61.932910156250003 ], [ -93.2734375, 61.961083984374994 ], [ -93.296875, 61.981591796874994 ], [ -93.366357421874994, 62.014550781249994 ], [ -93.349755859374994, 62.02978515625 ], [ -93.16748046875, 62.033642578124997 ], [ -93.073388671874994, 62.060546875 ], [ -93.016259765624994, 62.092675781249994 ], [ -93.027734375, 62.108642578125 ], [ -93.070263671874997, 62.127832031249994 ], [ -93.065869140624997, 62.149755859374999 ], [ -92.905517578125, 62.215136718750003 ], [ -92.914453125, 62.244970703124999 ], [ -92.98779296875, 62.2859375 ], [ -93.179248046874989, 62.349560546874997 ], [ -93.205371093749989, 62.364941406249997 ], [ -93.154443359374994, 62.366845703124994 ], [ -92.865820312499991, 62.306201171875003 ], [ -92.734765625, 62.259716796874997 ], [ -92.648095703124994, 62.207763671875 ], [ -92.579199218749991, 62.17734375 ], [ -92.527978515624994, 62.168408203124997 ], [ -92.544042968749991, 62.202294921874994 ], [ -92.62744140625, 62.279052734375 ], [ -92.701464843749989, 62.328222656249999 ], [ -92.765966796874991, 62.349951171874999 ], [ -92.76796875, 62.379980468749999 ], [ -92.707421875, 62.418212890625 ], [ -92.594970703125, 62.470068359374999 ], [ -92.562207031249997, 62.502880859374997 ], [ -92.551416015624994, 62.546728515624999 ], [ -92.497363281249989, 62.56484375 ], [ -92.4, 62.557226562499999 ], [ -92.324072265624991, 62.564599609374994 ], [ -92.26953125, 62.586962890625003 ], [ -92.207226562499997, 62.585351562499994 ], [ -92.081152343749991, 62.544091796874994 ], [ -92.007861328124989, 62.54052734375 ], [ -91.944433593749991, 62.575488281250003 ], [ -91.935839843749989, 62.592382812499999 ], [ -91.955859374999989, 62.644775390625 ], [ -92.149121093749997, 62.665283203125 ], [ -92.2431640625, 62.683642578125003 ], [ -92.30517578125, 62.711669921875 ], [ -92.345263671874989, 62.733837890624997 ], [ -92.377734374999989, 62.772412109374997 ], [ -92.388134765624997, 62.800878906249999 ], [ -92.361279296874997, 62.819384765625003 ], [ -92.196142578124991, 62.828808593749997 ], [ -92.152099609375, 62.8390625 ], [ -92.110058593749997, 62.86171875 ], [ -92.034228515624989, 62.863427734374994 ], [ -91.86962890625, 62.834716796875 ], [ -91.448974609375, 62.804052734374999 ], [ -91.349462890624991, 62.818896484375003 ], [ -91.114892578124994, 62.921582031249997 ], [ -91.007714843749994, 62.9404296875 ], [ -90.871191406249991, 62.945947265624994 ], [ -90.777880859374989, 62.971630859374997 ], [ -90.727636718749991, 63.017480468749994 ], [ -90.698583984374991, 63.063867187499994 ], [ -90.690722656249989, 63.110546875 ], [ -90.711279296874991, 63.304052734374999 ], [ -90.74658203125, 63.3515625 ], [ -90.970068359374991, 63.442773437499994 ], [ -91.103076171874989, 63.475878906250003 ], [ -91.330078125, 63.5068359375 ], [ -91.489306640624989, 63.562207031249997 ], [ -91.68603515625, 63.659716796875003 ], [ -91.841845703124989, 63.697558593750003 ], [ -91.956835937499989, 63.675634765624999 ], [ -92.076611328124997, 63.639990234374999 ], [ -92.28955078125, 63.56298828125 ], [ -92.465087890625, 63.555078125 ], [ -92.461035156249991, 63.569433593749999 ], [ -92.205029296874997, 63.656787109375003 ], [ -92.156884765624994, 63.691699218750003 ], [ -92.196484375, 63.7078125 ], [ -92.339208984374991, 63.734912109375003 ], [ -92.529248046874997, 63.76123046875 ], [ -93.165917968749994, 63.901757812499994 ], [ -93.250439453124997, 63.926904296874994 ], [ -93.378515625, 63.948486328125 ], [ -93.405859375, 63.941210937500003 ], [ -93.380273437499994, 63.900048828124994 ], [ -93.326855468749997, 63.872265625 ], [ -93.266210937499991, 63.853320312500003 ], [ -93.270214843749997, 63.840869140625003 ], [ -93.415576171874989, 63.837988281249999 ], [ -93.559814453125, 63.865283203125003 ], [ -93.664160156249991, 63.94140625 ], [ -93.655810546874989, 63.972802734374994 ], [ -93.604882812499994, 64.004492187500006 ], [ -93.596728515624989, 64.040576171875003 ], [ -93.696337890624989, 64.147167968749997 ], [ -93.4296875, 64.02880859375 ], [ -92.97021484375, 63.937646484374994 ], [ -92.550097656249989, 63.829541015624997 ], [ -92.338427734374989, 63.787646484375003 ], [ -92.195214843749994, 63.775976562499999 ], [ -92.094873046874994, 63.784423828125 ], [ -92.03759765625, 63.813037109375003 ], [ -91.982226562499989, 63.822412109374994 ], [ -91.92890625, 63.812451171874997 ], [ -91.91943359375, 63.800585937500003 ], [ -91.953808593749997, 63.786816406249997 ], [ -91.956005859374997, 63.772314453124999 ], [ -91.926025390625, 63.757080078125 ], [ -91.674658203124991, 63.742236328125003 ], [ -91.538818359375, 63.7255859375 ], [ -91.108056640624994, 63.617822265624994 ], [ -90.945654296874991, 63.587841796874997 ], [ -90.811914062499994, 63.580908203124999 ], [ -90.706835937499989, 63.596923828125 ], [ -90.635009765625, 63.623779296875 ], [ -90.596386718749997, 63.661279296874994 ], [ -90.533496093749989, 63.665429687499994 ], [ -90.446240234374997, 63.636181640624997 ], [ -90.368847656249997, 63.624414062499994 ], [ -90.2453125, 63.641894531250003 ], [ -90.154736328124997, 63.689648437499997 ], [ -90.013427734375, 63.804296875 ], [ -90.01796875, 63.829345703125 ], [ -90.059619140624989, 63.877490234375003 ], [ -90.168164062499997, 63.978759765625 ], [ -90.141894531249989, 63.981982421875003 ], [ -89.921875, 63.943554687499997 ], [ -89.855712890625, 63.956982421874997 ], [ -89.860595703125, 63.978808593750003 ], [ -89.953564453124997, 64.080615234375003 ], [ -89.985595703125, 64.100195312500006 ], [ -90.080029296874997, 64.127734375 ], [ -90.041650390624994, 64.140869140625 ], [ -89.811328124999989, 64.180566406249994 ], [ -89.792089843749991, 64.168261718750003 ], [ -89.763818359374994, 64.099511718749994 ], [ -89.732714843749989, 64.076953125 ], [ -89.615820312499991, 64.030615234375006 ], [ -89.551318359374989, 64.014794921874994 ], [ -89.500927734374997, 64.014501953125006 ], [ -89.464746093749994, 64.0296875 ], [ -89.403515625, 64.039990234374997 ], [ -89.214550781249997, 63.984130859375 ], [ -89.131542968749997, 63.968505859375 ], [ -89.107666015625, 63.981103515624994 ], [ -89.209423828124997, 64.105419921874997 ], [ -89.200634765624997, 64.11376953125 ], [ -89.059619140624989, 64.034423828125 ], [ -88.964404296874989, 64.01123046875 ], [ -88.817724609374991, 63.992236328125003 ], [ -88.653027343749997, 64.009375 ], [ -88.378955078124989, 64.089257812499994 ], [ -88.105615234374994, 64.183300781249997 ], [ -87.99755859375, 64.243945312500003 ], [ -87.963574218749997, 64.302490234375 ], [ -87.885009765625, 64.400439453125003 ], [ -87.280517578125, 64.826171875 ], [ -87.182910156249989, 64.926806640625003 ], [ -87.028515625, 65.063623046874994 ], [ -87.002685546875, 65.10859375 ], [ -87.027539062499997, 65.198095703125006 ], [ -87.108007812499991, 65.224804687499997 ], [ -87.391943359374991, 65.260546875 ], [ -87.929541015624991, 65.280322265625003 ], [ -88.197802734374989, 65.279882812500006 ], [ -88.974023437499994, 65.348291015624994 ], [ -89.1265625, 65.395605468750006 ], [ -89.241748046874989, 65.446386718750006 ], [ -89.600390624999989, 65.647753906250003 ], [ -89.787988281249994, 65.73671875 ], [ -89.924072265625, 65.7802734375 ], [ -90.047558593749997, 65.805615234374997 ], [ -90.158642578124997, 65.812695312499997 ], [ -90.596826171874994, 65.884814453125003 ], [ -90.983447265624989, 65.919238281250003 ], [ -91.06494140625, 65.89990234375 ], [ -91.073632812499994, 65.885546875 ], [ -91.041113281249991, 65.829833984375 ], [ -91.28515625, 65.894433593749994 ], [ -91.42724609375, 65.947900390624994 ], [ -91.411523437499994, 65.959375 ], [ -91.305468749999989, 65.964550781249997 ], [ -91.009521484375, 65.965722656249994 ], [ -90.825732421874989, 65.953857421875 ], [ -90.65546875, 65.929345703124994 ], [ -90.51328125, 65.920507812500006 ], [ -90.316259765624991, 65.926367187500006 ], [ -90.116601562499994, 65.882421875 ], [ -90.003808593749994, 65.882568359375 ], [ -89.889697265624989, 65.868554687499994 ], [ -89.847753906249991, 65.872265625 ], [ -89.943994140624994, 65.93359375 ], [ -89.890478515624991, 65.940820312499994 ], [ -89.749414062499994, 65.93603515625 ], [ -89.592675781249994, 65.909326171874994 ], [ -89.420361328124997, 65.860791015624997 ], [ -89.087744140624991, 65.738964843749997 ], [ -88.946142578124991, 65.703027343749994 ], [ -88.808496093749994, 65.691650390625 ], [ -88.743945312499989, 65.678759765625003 ], [ -88.672460937499991, 65.611572265625 ], [ -88.586718749999989, 65.587646484375 ], [ -88.394873046874991, 65.516210937500006 ], [ -88.120996093749994, 65.394580078125003 ], [ -87.969970703125, 65.348925781250003 ], [ -87.678125, 65.335351562499994 ], [ -87.452880859375, 65.338964843750006 ], [ -87.291455078124997, 65.354833984375006 ], [ -87.193798828124997, 65.383056640625 ], [ -87.081103515624989, 65.440820312499994 ], [ -86.953173828124989, 65.528271484374997 ], [ -86.701953124999989, 65.670556640624994 ], [ -86.042871093749994, 66.022558593750006 ], [ -86.012255859374989, 66.048486328124994 ], [ -85.958740234375, 66.119042968749994 ], [ -85.964257812499994, 66.154443359374994 ], [ -86.000830078124991, 66.186816406250003 ], [ -86.113085937499989, 66.225292968749997 ], [ -86.301025390625, 66.269921875 ], [ -86.584765624999989, 66.321923828124994 ], [ -86.685107421874989, 66.360400390625003 ], [ -86.746972656249994, 66.417089843750006 ], [ -86.738378906249991, 66.432861328125 ], [ -86.700146484374997, 66.442773437499994 ], [ -86.688623046874994, 66.457470703124997 ], [ -86.737109374999989, 66.510888671874994 ], [ -86.708154296874994, 66.523046875 ], [ -86.633203125, 66.531347656250006 ], [ -86.063232421875, 66.520361328125006 ], [ -85.791748046875, 66.532958984375 ], [ -85.603857421874991, 66.568261718749994 ], [ -85.442236328124991, 66.537353515625 ], [ -85.306835937499997, 66.440332031249994 ], [ -85.191503906249991, 66.369677734375003 ], [ -85.09619140625, 66.325341796874994 ], [ -84.908398437499997, 66.271337890625006 ], [ -84.628076171874994, 66.207714843749997 ], [ -84.478417968749994, 66.179296875 ], [ -84.459375, 66.186230468749997 ], [ -84.3984375, 66.258740234374997 ], [ -84.324267578124989, 66.290673828124994 ], [ -84.293066406249991, 66.291796875 ], [ -84.011669921874997, 66.231201171875 ], [ -83.905078124999989, 66.211767578125006 ], [ -83.869042968749994, 66.213574218749997 ], [ -83.797558593749997, 66.238476562499997 ], [ -83.825830078124994, 66.289990234374997 ], [ -83.964208984374991, 66.420556640624994 ], [ -84.09423828125, 66.526220703125006 ], [ -84.152734375, 66.590234375 ], [ -84.18310546875, 66.647851562499994 ], [ -84.223046875, 66.682470703125006 ], [ -84.318945312499991, 66.711816406249994 ], [ -84.589501953124994, 66.856640625 ], [ -84.6025390625, 66.875146484374994 ], [ -84.638574218749994, 66.90234375 ], [ -84.737744140624997, 66.93359375 ], [ -84.857373046874997, 66.940673828125 ], [ -84.899023437499991, 66.9265625 ], [ -84.977978515624997, 66.88125 ], [ -85.018261718749997, 66.8720703125 ], [ -85.111279296874997, 66.890917968750003 ], [ -85.113720703124997, 66.906933593749997 ], [ -85.0400390625, 66.9560546875 ], [ -84.845751953124989, 67.028710937499994 ], [ -84.692578125, 67.0166015625 ], [ -84.538476562499994, 66.972802734374994 ], [ -84.530664062499994, 66.961328125 ], [ -84.466064453125, 66.927441406249997 ], [ -84.310351562499989, 66.862744140624997 ], [ -84.272558593749991, 66.839208984375006 ], [ -84.361083984375, 66.822558593750003 ], [ -84.366259765624989, 66.811132812500006 ], [ -84.324365234374994, 66.781787109375003 ], [ -84.2080078125, 66.736328125 ], [ -84.154443359374994, 66.731689453125 ], [ -84.05, 66.739501953125 ], [ -83.998046875, 66.728515625 ], [ -83.920214843749989, 66.679052734375006 ], [ -83.739208984374997, 66.534375 ], [ -83.651074218749997, 66.484619140625 ], [ -83.628369140624997, 66.460693359375 ], [ -83.590283203124997, 66.387841796874994 ], [ -83.523095703124994, 66.36875 ], [ -83.406445312499997, 66.371240234374994 ], [ -83.298388671874989, 66.392138671875003 ], [ -83.198779296874989, 66.431494140625006 ], [ -82.948876953124994, 66.550830078125003 ], [ -82.641503906249994, 66.5875 ], [ -82.553662109374997, 66.621386718750003 ], [ -82.374755859375, 66.709423828124997 ], [ -82.260546874999989, 66.739111328125006 ], [ -82.198339843749991, 66.7646484375 ], [ -82.113183593749994, 66.825097656249994 ], [ -82.005078125, 66.92041015625 ], [ -81.925537109375, 66.974707031250006 ], [ -81.874462890624997, 66.987939453124994 ], [ -81.722363281249997, 66.986083984375 ], [ -81.630078125, 67.002001953125003 ], [ -81.467578124999989, 67.069873046875003 ], [ -81.442724609374991, 67.092871093750006 ], [ -81.38720703125, 67.188574218750006 ], [ -81.301074218749989, 67.356982421875003 ], [ -81.270117187499991, 67.459912109374997 ], [ -81.294335937499994, 67.497412109375006 ], [ -81.412304687499997, 67.595361328124994 ], [ -81.492773437499991, 67.636914062499997 ], [ -81.70859375, 67.722363281249997 ], [ -81.869335937499997, 67.802490234375 ], [ -81.976464843749994, 67.862011718749997 ], [ -82.062548828124989, 67.928173828124997 ], [ -82.100488281249994, 67.98984375 ], [ -82.102148437499991, 68.018896484375006 ], [ -82.091894531249991, 68.051464843749997 ], [ -82.013378906249997, 68.173388671875003 ], [ -82.0125, 68.193896484375003 ], [ -82.033886718749997, 68.195947265624994 ], [ -82.07763671875, 68.1796875 ], [ -82.151318359374997, 68.139697265625003 ], [ -82.186572265624989, 68.134423828124994 ], [ -82.222412109375, 68.145263671875 ], [ -82.392529296874997, 68.285253906250006 ], [ -82.422705078124991, 68.296582031249997 ], [ -82.4306640625, 68.306591796874997 ], [ -82.392871093749989, 68.338330078124997 ], [ -82.412988281249994, 68.357177734375 ], [ -82.464160156249989, 68.382421875 ], [ -82.552685546874997, 68.446484375 ], [ -82.548632812499989, 68.468603515625006 ], [ -82.498730468749997, 68.478613281250006 ], [ -82.397216796875, 68.477587890625003 ], [ -82.21015625, 68.50625 ], [ -82.106347656249994, 68.49853515625 ], [ -82.006494140624994, 68.462646484375 ], [ -81.914843749999989, 68.458789062500003 ], [ -81.831396484374991, 68.486865234375003 ], [ -81.639501953124991, 68.524365234374997 ], [ -81.52685546875, 68.555957031250003 ], [ -81.281542968749989, 68.6572265625 ], [ -81.259130859374991, 68.692431640625003 ], [ -81.252490234374989, 68.7431640625 ], [ -81.263525390624991, 68.780615234375006 ], [ -81.331298828125, 68.827978515625006 ], [ -81.380908203124989, 68.850048828124997 ], [ -81.476025390624997, 68.865576171875006 ], [ -81.686914062499994, 68.878955078125003 ], [ -81.957910156249994, 68.883642578125006 ], [ -81.95166015625, 68.909082031249994 ], [ -81.758349609374989, 68.956738281249997 ], [ -81.611425781249991, 69.003027343750006 ], [ -81.328662109374989, 69.119921875 ], [ -81.321582031249989, 69.138916015625 ], [ -81.377832031249994, 69.185644531250006 ], [ -81.412304687499997, 69.198144531249994 ], [ -81.732177734375, 69.258105468750003 ], [ -81.951806640624994, 69.276074218749997 ], [ -82.150537109374994, 69.248876953125006 ], [ -82.2275390625, 69.248876953125006 ], [ -82.246777343749997, 69.264990234375006 ], [ -82.208154296874994, 69.297021484374994 ], [ -82.231835937499994, 69.332568359375003 ], [ -82.309863281249989, 69.410009765625006 ], [ -82.642041015624997, 69.458398437499994 ], [ -82.754833984374997, 69.494384765625 ], [ -82.63330078125, 69.518115234375003 ], [ -82.495703125, 69.5322265625 ], [ -82.390234375, 69.600878906250003 ], [ -82.374169921874994, 69.641796875 ], [ -82.618359375, 69.691064453124994 ], [ -82.74560546875, 69.695117187500003 ], [ -82.991357421874994, 69.685888671875006 ], [ -83.551708984374997, 69.703955078125006 ], [ -83.665332031249989, 69.69970703125 ], [ -83.9171875, 69.745361328125 ], [ -84.241650390624997, 69.835009765625003 ], [ -84.318798828124997, 69.843701171874997 ], [ -84.645117187499991, 69.849707031250006 ], [ -84.833984375, 69.835058593750006 ], [ -85.019824218749989, 69.804785156250006 ], [ -85.176806640624989, 69.805126953124997 ], [ -85.304980468749989, 69.836132812499997 ], [ -85.415136718749991, 69.849511718749994 ], [ -85.507373046874989, 69.845263671875003 ], [ -85.534814453124994, 69.835058593750006 ], [ -85.497460937499994, 69.819042968749997 ], [ -85.446093749999989, 69.777783203124997 ], [ -85.447900390624994, 69.748144531250006 ], [ -85.50244140625, 69.651513671874994 ], [ -85.48203125, 69.61875 ], [ -85.430126953124997, 69.580664062500006 ], [ -85.415966796874997, 69.547753906249994 ], [ -85.439501953124989, 69.519921875 ], [ -85.437207031249997, 69.488232421874997 ], [ -85.4091796875, 69.452490234375006 ], [ -85.402246093749994, 69.4267578125 ], [ -85.41640625, 69.410888671875 ], [ -85.431933593749989, 69.353857421875006 ], [ -85.427539062499989, 69.318408203125003 ], [ -85.386767578124989, 69.231884765624997 ], [ -85.275488281249991, 69.172314453124997 ], [ -85.242626953124997, 69.162744140624994 ], [ -85.113525390625, 69.165869140625006 ], [ -84.890039062499994, 69.0927734375 ], [ -84.862207031249994, 69.073974609375 ], [ -84.892724609374994, 69.02099609375 ], [ -84.895312499999989, 68.988525390625 ], [ -84.916064453124989, 68.962255859375006 ], [ -85.00830078125, 68.94921875 ], [ -85.083398437499994, 68.907910156249997 ], [ -85.104345703124991, 68.870947265625006 ], [ -85.106640625, 68.844042968750003 ], [ -84.867480468749989, 68.790380859375006 ], [ -84.867578125, 68.773339843749994 ], [ -85.275097656249997, 68.741357421874994 ], [ -85.338085937499997, 68.746289062499997 ], [ -85.425048828125, 68.774267578125006 ], [ -85.491064453124991, 68.773974609375003 ], [ -85.517773437499997, 68.769824218750003 ], [ -85.562451171874997, 68.728808593750003 ], [ -85.643164062499991, 68.69970703125 ], [ -85.689794921874991, 68.670947265625003 ], [ -85.733837890624997, 68.630126953125 ], [ -85.744873046875, 68.578271484374994 ], [ -85.722802734374994, 68.515478515625006 ], [ -85.731103515624994, 68.445019531249997 ], [ -85.788867187499989, 68.328027343749994 ], [ -85.952587890624997, 68.072460937499997 ], [ -85.984472656249991, 68.045361328124997 ], [ -86.369677734374989, 67.824804687500006 ], [ -86.398046875, 67.800097656250003 ], [ -86.475537109374997, 67.713134765625 ], [ -86.503515625, 67.649462890625003 ], [ -86.536425781249989, 67.516162109375003 ], [ -86.560791015625, 67.482128906249997 ], [ -86.609375, 67.450830078124994 ], [ -86.68203125, 67.422314453124997 ], [ -86.749853515624991, 67.406103515625006 ], [ -86.812792968749989, 67.402392578125003 ], [ -86.923925781249991, 67.35625 ], [ -87.083203125, 67.267773437499997 ], [ -87.266259765624994, 67.183837890625 ], [ -87.320263671874997, 67.1728515625 ], [ -87.359375, 67.17724609375 ], [ -87.391943359374991, 67.191064453124994 ], [ -87.417919921874997, 67.214160156250003 ], [ -87.470800781249991, 67.324609375 ], [ -87.499121093749991, 67.355322265625006 ], [ -87.997167968749991, 67.625683593749997 ], [ -88.195898437499991, 67.765820312499997 ], [ -88.313818359374991, 67.950341796874994 ], [ -88.325097656249994, 67.98876953125 ], [ -88.319628906249989, 68.165771484375 ], [ -88.360693359374991, 68.259863281250006 ], [ -88.346972656249989, 68.28828125 ], [ -88.235253906249994, 68.3390625 ], [ -88.209082031249991, 68.334863281249994 ], [ -88.145800781249989, 68.266015625 ], [ -88.111132812499989, 68.251171875 ], [ -87.990966796875, 68.242041015625006 ], [ -87.892675781249991, 68.248144531250006 ], [ -87.853271484375, 68.266894531250003 ], [ -87.827929687499989, 68.299951171874994 ], [ -87.813574218749991, 68.345703125 ], [ -87.810302734375, 68.404150390625006 ], [ -87.827734375, 68.448095703125006 ], [ -87.865966796875, 68.477636718750006 ], [ -87.911523437499994, 68.564697265625 ], [ -87.96435546875, 68.709277343750003 ], [ -88.041357421874991, 68.81171875 ], [ -88.223535156249994, 68.9150390625 ], [ -88.315527343749991, 68.954443359375006 ], [ -88.637744140624989, 69.058837890625 ], [ -88.814550781249991, 69.135888671874994 ], [ -88.953515625, 69.220410156249997 ], [ -89.056738281249991, 69.26611328125 ], [ -89.198486328125, 69.269482421874997 ], [ -89.279541015625, 69.25546875 ], [ -89.351904296874991, 69.227001953124997 ], [ -89.552001953125, 69.084912109374997 ], [ -89.666601562499991, 69.014599609374997 ], [ -89.720166015624997, 68.931591796874997 ], [ -89.750830078124991, 68.812451171874997 ], [ -89.783105468749994, 68.7359375 ], [ -89.884228515624997, 68.625585937500006 ], [ -89.896582031249991, 68.594384765624994 ], [ -89.879492187499991, 68.521533203125003 ], [ -89.897705078125, 68.490771484375003 ], [ -90.005322265624997, 68.398046875 ], [ -90.11640625, 68.338574218749997 ], [ -90.156835937499991, 68.305517578125006 ], [ -90.174414062499991, 68.270214843749997 ], [ -90.204785156249997, 68.257470703124994 ], [ -90.247753906249997, 68.267431640625006 ], [ -90.285253906249991, 68.291650390624994 ], [ -90.317236328124991, 68.330322265625 ], [ -90.360058593749997, 68.346728515625003 ], [ -90.423046875, 68.394726562499997 ], [ -90.5283203125, 68.432226562500006 ], [ -90.573632812499994, 68.474707031250006 ], [ -90.525244140624991, 68.611279296874997 ], [ -90.51015625, 68.688867187499994 ], [ -90.542529296874989, 68.785986328125006 ], [ -90.538964843749994, 68.819580078125 ], [ -90.468359375, 68.86376953125 ], [ -90.47900390625, 68.881152343750003 ], [ -90.587304687499994, 68.946875 ], [ -90.744775390624994, 69.105908203124997 ], [ -91.237207031249994, 69.285546875 ], [ -91.21796875, 69.302099609375006 ], [ -91.147851562499994, 69.302587890625006 ], [ -91.057763671874994, 69.318408203125003 ], [ -91.024853515624997, 69.315234375 ], [ -91.04921875, 69.293017578125003 ], [ -91.004980468749991, 69.277099609375 ], [ -90.892285156249997, 69.267285156249997 ], [ -90.822119140624991, 69.290478515624997 ], [ -90.794580078124994, 69.346728515625003 ], [ -90.74853515625, 69.392480468749994 ], [ -90.683984375, 69.427734375 ], [ -90.605566406249991, 69.4453125 ], [ -90.51328125, 69.445117187500003 ], [ -90.415576171874989, 69.456982421874997 ], [ -90.450537109374991, 69.475439453125006 ], [ -90.554931640625, 69.504492187500006 ], [ -90.666650390624994, 69.515527343749994 ], [ -90.785742187499991, 69.50859375 ], [ -90.9501953125, 69.515478515625006 ], [ -91.288134765624989, 69.543212890625 ], [ -91.43994140625, 69.525683593750003 ], [ -91.426855468749991, 69.537939453125006 ], [ -91.305029296874991, 69.581298828125 ], [ -91.1703125, 69.6203125 ], [ -91.15087890625, 69.637158203124997 ], [ -91.201806640624994, 69.644775390625 ], [ -91.384228515624997, 69.649462890625003 ], [ -91.532373046874994, 69.615039062500003 ], [ -91.72412109375, 69.545605468749997 ], [ -91.911962890624991, 69.53125 ], [ -92.209082031249991, 69.603320312500003 ], [ -92.25830078125, 69.634326171875003 ], [ -92.230761718749989, 69.653369140625003 ], [ -92.311669921874994, 69.672900390625003 ], [ -92.493457031249989, 69.683203125 ], [ -92.642822265625, 69.659277343750006 ], [ -92.802636718749994, 69.651464843750006 ], [ -92.854541015624989, 69.654882812500006 ], [ -92.887792968749991, 69.668212890625 ], [ -92.750927734374997, 69.713916015625003 ], [ -92.284765625, 69.892138671875003 ], [ -92.069042968749997, 69.983984375 ], [ -91.976708984374994, 70.038671875 ], [ -92.057714843749991, 70.071435546874994 ], [ -92.127001953124989, 70.084521484375003 ], [ -92.445751953124997, 70.083154296874994 ], [ -92.511865234374994, 70.103857421875006 ], [ -92.4546875, 70.150439453125003 ], [ -92.36328125, 70.200830078124994 ], [ -92.320507812499997, 70.2353515625 ], [ -92.290332031249989, 70.23984375 ], [ -92.208642578124994, 70.197509765625 ], [ -92.121044921874997, 70.169921875 ], [ -91.994970703124991, 70.143212890624994 ], [ -91.85859375, 70.132666015625006 ], [ -91.616113281249994, 70.147851562499994 ], [ -91.571630859374991, 70.161572265624997 ], [ -91.5640625, 70.178271484375003 ], [ -91.654052734375, 70.232958984375003 ], [ -91.715625, 70.29921875 ], [ -91.760839843749991, 70.326269531250006 ], [ -91.820410156249991, 70.341650390625006 ], [ -91.875537109374989, 70.331152343750006 ], [ -91.926220703124997, 70.294775390625006 ], [ -91.983544921874994, 70.285546875 ], [ -92.04736328125, 70.303320312500006 ], [ -92.072607421874991, 70.31875 ], [ -92.037207031249991, 70.367382812499997 ], [ -92.049121093749989, 70.3896484375 ], [ -92.214453125, 70.492919921875 ], [ -92.315380859374997, 70.607519531250006 ], [ -92.355810546874991, 70.63427734375 ], [ -92.388476562499989, 70.650439453125003 ], [ -92.567480468749991, 70.693212890625006 ], [ -92.641699218749991, 70.718798828125003 ], [ -92.783007812499989, 70.798144531250003 ], [ -92.960888671874997, 70.838134765625 ], [ -92.9814453125, 70.852246093749997 ], [ -92.921972656249991, 70.887109375 ], [ -92.904199218749994, 70.916064453125003 ], [ -92.882714843749994, 71.0693359375 ], [ -92.890185546874989, 71.122363281250003 ], [ -92.948681640624997, 71.262109375 ], [ -92.982568359374994, 71.300341796875003 ], [ -93.031298828124989, 71.335693359375 ], [ -93.25634765625, 71.460839843749994 ], [ -93.407470703125, 71.520703125 ], [ -93.575878906249997, 71.568701171875006 ], [ -93.762841796874994, 71.638037109375006 ], [ -93.781640625, 71.67431640625 ], [ -93.750878906249994, 71.716650390625006 ], [ -93.746289062499997, 71.742822265624994 ], [ -93.810205078124994, 71.766259765624994 ], [ -94.085986328124989, 71.771142578124994 ], [ -94.171240234374991, 71.758447265624994 ], [ -94.308349609375, 71.764892578125 ], [ -94.478808593749989, 71.848583984374997 ], [ -94.491064453124991, 71.91552734375 ], [ -94.557080078124997, 71.978955078124997 ], [ -94.611132812499989, 71.986865234375003 ], [ -94.73486328125, 71.982958984375003 ], [ -94.886962890625, 71.96337890625 ], [ -95.201220703124989, 71.903710937499994 ], [ -95.511669921874997, 71.776806640624997 ], [ -95.615917968749997, 71.685400390625006 ], [ -95.837744140624991, 71.598242187500006 ], [ -95.872314453125, 71.573144531249994 ], [ -95.830371093749989, 71.526074218749997 ], [ -95.773388671874997, 71.514257812500006 ], [ -95.67421875, 71.504052734374994 ], [ -95.445410156249991, 71.50537109375 ], [ -95.40625, 71.491650390624997 ], [ -95.447509765625, 71.460058593750006 ], [ -95.564257812499989, 71.336767578125006 ], [ -95.632568359375, 71.318798828124997 ], [ -95.725390624999989, 71.328173828125003 ], [ -95.850878906249989, 71.361083984375 ], [ -95.924072265625, 71.39306640625 ], [ -95.994433593749989, 71.41064453125 ], [ -96.06201171875, 71.413867187500003 ], [ -96.1396484375, 71.396386718749994 ], [ -96.271337890624991, 71.339111328125 ], [ -96.405664062499994, 71.273632812499997 ], [ -96.446582031249989, 71.239892578124994 ], [ -96.420751953124991, 71.176464843749997 ], [ -96.445458984374994, 71.159228515625003 ], [ -96.504443359374989, 71.143164062500006 ], [ -96.524755859374991, 71.127050781250006 ], [ -96.470410156249997, 71.069726562499994 ], [ -96.491308593749991, 71.00234375 ], [ -96.551074218749989, 70.889746093750006 ], [ -96.548925781249991, 70.808740234374994 ], [ -96.35888671875, 70.678662109374997 ], [ -96.258007812499997, 70.642285156249997 ], [ -96.186425781249994, 70.63828125 ], [ -95.906396484374994, 70.69775390625 ], [ -95.886328125, 70.694287109374997 ], [ -95.988183593749994, 70.616845703124994 ], [ -95.980175781249997, 70.593212890624997 ], [ -95.878613281249997, 70.548974609374994 ], [ -96.048144531249989, 70.567089843749997 ], [ -96.122753906249997, 70.561230468749997 ], [ -96.226416015624991, 70.541699218749997 ], [ -96.297705078124991, 70.511376953124994 ], [ -96.336572265624994, 70.470166015624997 ], [ -96.545605468749997, 70.327246093750006 ], [ -96.5595703125, 70.243017578125006 ], [ -96.551367187499991, 70.210302734375006 ], [ -96.492382812499997, 70.124902343749994 ], [ -96.269384765624991, 69.991796875 ], [ -96.171777343749994, 69.924951171874994 ], [ -96.119091796874997, 69.871875 ], [ -96.050146484374991, 69.831152343750006 ], [ -95.964941406249991, 69.802783203125003 ], [ -95.850683593749991, 69.785107421874997 ], [ -95.707421875, 69.778222656249994 ], [ -95.587597656249997, 69.755712890625006 ], [ -95.491259765624989, 69.717626953125006 ], [ -95.292089843749991, 69.667382812499994 ], [ -94.822509765625, 69.577783203124994 ], [ -94.789257812499997, 69.58544921875 ], [ -94.712695312499989, 69.6494140625 ], [ -94.67626953125, 69.656884765624994 ], [ -94.633837890624989, 69.649658203125 ], [ -94.513916015625, 69.583447265624997 ], [ -94.419189453125, 69.517041015624997 ], [ -94.338134765625, 69.474267578124994 ], [ -94.270800781249989, 69.455126953125003 ], [ -94.163183593749991, 69.445947265624994 ], [ -94.015283203124994, 69.446728515624997 ], [ -93.915087890624989, 69.457666015624994 ], [ -93.794384765624997, 69.497851562500003 ], [ -93.649804687499994, 69.51904296875 ], [ -93.532275390624989, 69.480908203124997 ], [ -93.522412109374997, 69.45068359375 ], [ -93.542871093749994, 69.406445312499997 ], [ -93.537060546874997, 69.38232421875 ], [ -93.430957031249989, 69.375048828125003 ], [ -93.450585937499994, 69.355175781249997 ], [ -93.567480468749991, 69.296875 ], [ -93.74853515625, 69.226123046875003 ], [ -93.820458984374994, 69.252636718749997 ], [ -93.800976562499997, 69.280908203124994 ], [ -93.612646484374991, 69.40283203125 ], [ -93.619482421874991, 69.4169921875 ], [ -93.854394531249994, 69.376367187499994 ], [ -94.156347656249991, 69.341748046874997 ], [ -94.254736328124991, 69.313769531250003 ], [ -94.276757812499994, 69.275244140625006 ], [ -94.284960937499989, 69.241601562499994 ], [ -94.25537109375, 69.151464843750006 ], [ -94.221826171874994, 69.136376953124994 ], [ -94.081152343749991, 69.135839843750006 ], [ -94.083642578124994, 69.123095703125003 ], [ -94.236621093749989, 69.049755859374997 ], [ -94.475634765624989, 68.958154296874994 ], [ -94.562548828124989, 68.911669921875003 ], [ -94.600439453124991, 68.80322265625 ], [ -94.586767578124991, 68.775537109374994 ], [ -94.478320312499989, 68.742773437500006 ], [ -94.216943359374994, 68.760546875 ], [ -94.064892578124997, 68.784765625 ], [ -93.991552734374991, 68.820605468750003 ], [ -93.938085937499991, 68.8890625 ], [ -93.89609375, 68.982177734375 ], [ -93.880712890624991, 68.996826171875 ], [ -93.852441406249994, 69.000341796875006 ], [ -93.811328124999989, 68.99267578125 ], [ -93.765722656249991, 68.969580078125006 ], [ -93.715771484374997, 68.931054687499994 ], [ -93.681445312499989, 68.887255859375003 ], [ -93.662792968749997, 68.838183593750003 ], [ -93.659863281249997, 68.783740234375003 ], [ -93.676171875, 68.685986328124997 ], [ -93.643945312499994, 68.633105468750003 ], [ -93.605810546874991, 68.623681640624994 ], [ -93.448925781249997, 68.618896484375 ], [ -93.483007812499991, 68.598876953125 ], [ -93.651708984374991, 68.543115234374994 ], [ -93.927734375, 68.473828125 ], [ -94.09814453125, 68.3994140625 ], [ -94.254785156249994, 68.296826171874997 ], [ -94.383837890624989, 68.227001953124997 ], [ -94.485302734374997, 68.190087890624994 ], [ -94.744433593749989, 68.070898437500006 ], [ -94.861035156249997, 68.041650390624994 ], [ -94.955224609374994, 68.05029296875 ], [ -95.125878906249994, 68.083300781250003 ], [ -95.234716796874991, 68.059716796874994 ], [ -95.384082031249989, 68.055566406249994 ], [ -95.426513671875, 68.045263671875006 ], [ -95.460693359375, 68.021386718749994 ], [ -95.650488281249991, 67.737451171874994 ], [ -95.633691406249994, 67.703857421875 ], [ -95.46337890625, 67.610205078125006 ], [ -95.389550781249994, 67.517822265625 ], [ -95.295605468749997, 67.361035156249997 ], [ -95.258740234374997, 67.262548828125006 ], [ -95.321093749999989, 67.152490234374994 ], [ -95.354101562499991, 66.980712890625 ], [ -95.399658203125, 66.949462890625 ], [ -95.490380859374994, 66.924121093750003 ], [ -95.625048828124989, 66.916259765625 ], [ -95.972363281249997, 66.952246093750006 ], [ -96.036865234375, 66.9375 ], [ -96.045361328124997, 66.923144531250003 ], [ -96.01611328125, 66.870458984375006 ], [ -95.772119140624994, 66.72607421875 ], [ -95.7431640625, 66.6904296875 ], [ -95.787548828124997, 66.616796875 ], [ -95.79736328125, 66.616552734375006 ], [ -95.813281249999989, 66.690136718749997 ], [ -95.885302734374989, 66.741357421874994 ], [ -96.359521484374994, 66.989404296874994 ], [ -96.420263671874991, 67.036181640625003 ], [ -96.422558593749997, 67.0517578125 ], [ -96.404248046874997, 67.063232421875 ], [ -96.350439453124991, 67.070019531249997 ], [ -96.215576171875, 66.997705078124994 ], [ -96.095458984375, 66.993554687499994 ], [ -96.01953125, 67.01875 ], [ -95.954052734374997, 67.010888671874994 ], [ -95.86181640625, 66.978173828124994 ], [ -95.768652343749991, 66.966699218749994 ], [ -95.610644531249989, 66.975683593750006 ], [ -95.559375, 66.972753906250006 ], [ -95.502246093749989, 66.979882812499994 ], [ -95.456982421874997, 66.989453125 ], [ -95.418896484374997, 67.013232421875003 ], [ -95.406982421875, 67.056103515624997 ], [ -95.404589843749989, 67.115576171875006 ], [ -95.415917968749994, 67.155566406250003 ], [ -95.528710937499994, 67.209179687499997 ], [ -95.55703125, 67.215283203124997 ], [ -95.626416015624997, 67.211572265624994 ], [ -95.777685546874991, 67.184619140625003 ], [ -95.782519531249989, 67.193798828124997 ], [ -95.695166015624991, 67.298730468749994 ], [ -95.719921875, 67.316796875 ], [ -95.879101562499997, 67.298486328124994 ], [ -96.012597656249994, 67.270898437499994 ], [ -96.141455078124991, 67.271826171875006 ], [ -96.169238281249989, 67.288964843749994 ], [ -96.185009765624997, 67.375585937500006 ], [ -96.212841796874997, 67.404296875 ], [ -96.369140625, 67.509765625 ], [ -96.371386718749989, 67.553857421874994 ], [ -96.228466796874997, 67.67919921875 ], [ -96.198828125, 67.717822265625003 ], [ -96.171337890624997, 67.831689453124994 ], [ -96.036035156249994, 68.157763671875003 ], [ -95.9703125, 68.249121093750006 ], [ -96.075585937499994, 68.236523437499997 ], [ -96.439355468749994, 68.15087890625 ], [ -96.461181640625, 68.135839843750006 ], [ -96.493701171874989, 68.0849609375 ], [ -96.531298828124989, 68.063134765624994 ], [ -96.5921875, 68.0484375 ], [ -96.722070312499994, 68.038769531249997 ], [ -96.725146484374989, 68.061230468749997 ], [ -96.480224609375, 68.242822265624994 ], [ -96.434960937499994, 68.290087890625003 ], [ -96.4306640625, 68.310595703125003 ], [ -96.628173828125, 68.250292968750003 ], [ -96.976708984374994, 68.255419921875003 ], [ -96.999560546874989, 68.264941406250003 ], [ -97.07177734375, 68.332861328125006 ], [ -97.135986328125, 68.377978515625003 ], [ -97.265917968749989, 68.452929687500003 ], [ -97.335791015624991, 68.479150390624994 ], [ -97.410351562499997, 68.496533203124997 ], [ -97.481103515624994, 68.495166015625003 ], [ -97.548046875, 68.474951171875006 ], [ -97.639550781249994, 68.481982421875003 ], [ -97.828564453124997, 68.532763671875003 ], [ -97.925097656249989, 68.523681640625 ], [ -97.938867187499994, 68.510449218749997 ], [ -97.911035156249994, 68.449511718750003 ], [ -97.794238281249989, 68.387597656249994 ], [ -98.090527343749997, 68.346337890624994 ], [ -98.218554687499989, 68.317431640625003 ], [ -98.468554687499989, 68.382128906250003 ], [ -98.522216796875, 68.383398437500006 ], [ -98.562255859375, 68.370849609375 ], [ -98.650488281249991, 68.363525390625 ], [ -98.633007812499997, 68.331152343750006 ], [ -98.491259765624989, 68.2236328125 ], [ -98.449169921874997, 68.20078125 ], [ -98.380859375, 68.132470703124994 ], [ -98.386083984374991, 68.115332031250006 ], [ -98.500244140625, 68.132275390624997 ], [ -98.500292968749989, 68.11767578125 ], [ -98.438378906249994, 68.064697265625 ], [ -98.192529296874994, 67.922998046874994 ], [ -98.110498046874994, 67.903027343749997 ], [ -97.913330078125, 67.953564453124997 ], [ -97.739111328124991, 67.978173828124994 ], [ -97.546630859375, 67.960742187500003 ], [ -97.336132812499997, 67.9013671875 ], [ -97.20654296875, 67.855078125 ], [ -97.158056640624991, 67.821923828124994 ], [ -97.13984375, 67.796240234375006 ], [ -97.157177734374997, 67.754833984374997 ], [ -97.155419921874994, 67.726416015625006 ], [ -97.194433593749991, 67.696923828124994 ], [ -97.274267578124991, 67.666259765625 ], [ -97.454931640624991, 67.616992187500003 ], [ -97.607421875, 67.631054687499997 ], [ -97.930761718749991, 67.710791015625006 ], [ -97.977636718749991, 67.738623046875006 ], [ -98.062548828124989, 67.769677734374994 ], [ -98.414794921875, 67.988427734374994 ], [ -98.539843749999989, 68.046630859375 ], [ -98.631542968749997, 68.072558593750003 ], [ -98.68984375, 68.066113281249997 ], [ -98.720068359374991, 68.0419921875 ], [ -98.722216796874989, 68.000195312499997 ], [ -98.703564453124997, 67.965722656249994 ], [ -98.606494140624989, 67.911425781250003 ], [ -98.467822265624989, 67.855810546875006 ], [ -98.417138671874994, 67.826464843750003 ], [ -98.412109375, 67.807177734375003 ], [ -98.452783203124994, 67.797900390625003 ], [ -98.697265625, 67.779736328124997 ], [ -98.81171875, 67.744433593750003 ], [ -98.920458984374989, 67.72578125 ], [ -99.032177734374997, 67.718847656250006 ], [ -99.146875, 67.7236328125 ], [ -99.293554687499991, 67.7453125 ], [ -99.472265625, 67.784082031249994 ], [ -99.77294921875, 67.81484375 ], [ -100.212939453124989, 67.838574218749997 ], [ -100.456103515624989, 67.839453125 ], [ -100.519628906249991, 67.818408203125003 ], [ -100.616113281249994, 67.808251953124994 ], [ -100.74560546875, 67.80908203125 ], [ -100.855615234374994, 67.798974609374994 ], [ -101.026416015624989, 67.765673828125003 ], [ -101.096386718749997, 67.762353515624994 ], [ -101.554980468749989, 67.693164062500003 ], [ -101.688867187499994, 67.708642578124994 ], [ -101.883642578124991, 67.7453125 ], [ -102.057226562499991, 67.753320312499994 ], [ -102.209765624999989, 67.732714843750003 ], [ -102.320361328124989, 67.735644531250003 ], [ -102.389111328124997, 67.76220703125 ], [ -102.691992187499991, 67.811572265625003 ], [ -102.841552734375, 67.852734375 ], [ -103.021777343749989, 67.940234375 ], [ -103.3232421875, 68.063818359375006 ], [ -103.47412109375, 68.115039062500003 ], [ -103.6572265625, 68.069091796875 ], [ -103.9015625, 68.041064453125003 ], [ -104.193554687499997, 68.031201171874997 ], [ -104.350732421874994, 68.041210937499997 ], [ -104.48681640625, 68.063183593749997 ], [ -104.628173828125, 68.121484375 ], [ -104.6611328125, 68.148779296875006 ], [ -104.636376953124994, 68.213916015625003 ], [ -104.653173828124991, 68.230078125 ], [ -104.769628906249991, 68.251757812500003 ], [ -104.879443359375003, 68.245263671874994 ], [ -104.911962890624991, 68.25048828125 ], [ -104.93671875, 68.303027343750003 ], [ -104.959814453124991, 68.310546875 ], [ -104.993798828124994, 68.307421875 ], [ -105.043603515624994, 68.287890625 ], [ -105.101318359375, 68.297998046874994 ], [ -105.194970703124994, 68.330371093750003 ], [ -105.37744140625, 68.413818359375 ], [ -105.428613281249994, 68.458251953125 ], [ -105.456933593749994, 68.578076171874997 ], [ -105.53984375, 68.718652343749994 ], [ -105.606054687499991, 68.782421875 ], [ -105.685595703125003, 68.828173828125003 ], [ -105.797949218749991, 68.864794921875003 ], [ -106.015673828125003, 68.906054687500003 ], [ -106.164453125, 68.919873046874997 ], [ -106.324267578125003, 68.899462890625003 ], [ -106.713476562499991, 68.819482421874994 ], [ -106.830664062499991, 68.809472656249994 ], [ -107.4359375, 68.688867187499994 ], [ -107.766357421875, 68.64892578125 ], [ -108.3134765625, 68.610791015624997 ], [ -108.345751953125003, 68.597802734374994 ], [ -108.640917968750003, 68.378515625 ], [ -108.718115234374991, 68.297460937500006 ], [ -108.686572265625003, 68.27734375 ], [ -108.367919921875, 68.177539062500003 ], [ -108.322802734375003, 68.154101562500003 ], [ -108.261035156250003, 68.14990234375 ], [ -108.104589843749991, 68.169287109375006 ], [ -108.027197265624991, 68.162939453125006 ], [ -107.734179687500003, 68.173730468749994 ], [ -107.677636718749994, 68.202929687500003 ], [ -107.734228515624991, 68.252050781250006 ], [ -107.741503906250003, 68.285742187500006 ], [ -107.619335937499997, 68.3310546875 ], [ -107.499121093749991, 68.323535156250003 ], [ -107.298144531250003, 68.296435546875003 ], [ -107.146191406249997, 68.30419921875 ], [ -107.043310546874991, 68.346826171874994 ], [ -106.94580078125, 68.374365234375006 ], [ -106.853710937499997, 68.386816406250006 ], [ -106.780419921874994, 68.387304687500006 ], [ -106.608496093749991, 68.357373046874997 ], [ -106.566650390625, 68.388964843750003 ], [ -106.543310546874991, 68.460595703124994 ], [ -106.458056640625003, 68.516455078125006 ], [ -106.2373046875, 68.5765625 ], [ -106.027148437500003, 68.623339843750003 ], [ -105.932226562499991, 68.636523437500003 ], [ -105.774316406249994, 68.611132812500003 ], [ -105.750195312499997, 68.59228515625 ], [ -105.781201171874997, 68.5265625 ], [ -105.85693359375, 68.475146484375003 ], [ -105.933056640624997, 68.443115234375 ], [ -106.039306640625, 68.407324218750006 ], [ -106.132128906250003, 68.389892578125 ], [ -106.271240234375, 68.383203125 ], [ -106.404394531249991, 68.3193359375 ], [ -106.429492187500003, 68.288476562499994 ], [ -106.424267578124997, 68.200585937499994 ], [ -106.45947265625, 68.195654296875006 ], [ -106.534863281249997, 68.209277343750003 ], [ -106.668408203124997, 68.216015625 ], [ -106.710986328125003, 68.206787109375 ], [ -106.790722656249997, 68.144824218750003 ], [ -106.835644531249997, 68.128613281249997 ], [ -106.922558593749997, 68.114160156249994 ], [ -106.99365234375, 68.106298828125006 ], [ -107.124804687500003, 68.108447265625003 ], [ -107.22412109375, 68.093798828125003 ], [ -107.351123046875003, 68.061181640624994 ], [ -107.446191406249994, 68.049658203125006 ], [ -107.509375, 68.059130859375003 ], [ -107.761035156250003, 68.032177734374997 ], [ -107.798291015624997, 68.036914062500003 ], [ -107.787451171874991, 68.0125 ], [ -107.728613281249991, 67.958837890625006 ], [ -107.763085937499994, 67.906835937500006 ], [ -107.890917968750003, 67.856347656249994 ], [ -107.958398437499994, 67.818603515625 ], [ -107.972119140624997, 67.73203125 ], [ -107.954052734374997, 67.7 ], [ -107.865087890624991, 67.639208984375003 ], [ -107.753027343749991, 67.586865234374997 ], [ -107.64990234375, 67.511279296875003 ], [ -107.638378906249997, 67.47421875 ], [ -107.650927734375003, 67.42822265625 ], [ -107.64404296875, 67.384765625 ], [ -107.567480468749991, 67.273046875 ], [ -107.482373046874997, 67.199121093749994 ], [ -107.318457031249991, 67.127783203125006 ], [ -107.283154296874997, 67.103271484375 ], [ -107.347851562499997, 67.054785156250006 ], [ -107.323339843749991, 67.022558593750006 ], [ -107.253759765624991, 66.976367187500003 ], [ -107.156494140625, 66.881738281249994 ], [ -107.2001953125, 66.882568359375 ], [ -107.329199218749991, 66.931982421875006 ], [ -107.402099609375, 66.947998046875 ], [ -107.418847656249994, 66.930712890625003 ], [ -107.451269531249991, 66.9267578125 ], [ -107.49921875, 66.936181640624994 ], [ -107.626171875, 67.003125 ], [ -107.72509765625, 66.984130859375 ], [ -107.745996093749994, 66.961474609375003 ], [ -107.740234375, 66.813769531250003 ], [ -107.730859375, 66.769189453124994 ], [ -107.710351562499994, 66.740039062500003 ], [ -107.564453125, 66.618505859375006 ], [ -107.278076171875, 66.424902343750006 ], [ -107.259472656249997, 66.398535156250006 ], [ -107.291357421874991, 66.401806640624997 ], [ -107.373681640624994, 66.434667968750006 ], [ -107.480322265624991, 66.491796875 ], [ -107.704882812500003, 66.637109375 ], [ -107.7609375, 66.683691406250006 ], [ -107.957958984374997, 66.781298828125003 ], [ -108.001757812500003, 66.818017578124994 ], [ -108.049609375, 66.844335937500006 ], [ -108.101464843749994, 66.8603515625 ], [ -108.157666015624997, 66.892626953125003 ], [ -108.218164062499994, 66.941259765625006 ], [ -108.455273437499997, 67.06298828125 ], [ -108.496044921874997, 67.09228515625 ], [ -108.459082031249991, 67.090429687500006 ], [ -108.344335937499991, 67.057519531249994 ], [ -108.220800781249991, 67.050585937500003 ], [ -108.088427734375003, 67.069775390624997 ], [ -107.991308593749991, 67.095166015624997 ], [ -107.929443359375, 67.126806640625006 ], [ -107.9091796875, 67.162548828124997 ], [ -107.930517578124991, 67.202490234375006 ], [ -107.988720703124997, 67.256396484375003 ], [ -108.346972656250003, 67.403417968750006 ], [ -108.491503906250003, 67.483300781249994 ], [ -108.592919921874994, 67.590869140625003 ], [ -108.613330078125003, 67.598046875 ], [ -108.680224609375003, 67.606201171875 ], [ -108.715136718750003, 67.5828125 ], [ -108.815185546875, 67.4375 ], [ -108.852001953124997, 67.421972656250006 ], [ -108.890966796874991, 67.438085937500006 ], [ -108.949902343749997, 67.493945312500003 ], [ -108.967675781249994, 67.532373046874994 ], [ -108.994482421874991, 67.637109375 ], [ -109.038037109374997, 67.691162109375 ], [ -109.08125, 67.710742187500003 ], [ -109.224316406249997, 67.729785156250003 ], [ -109.63037109375, 67.732714843750003 ], [ -109.68603515625, 67.751757812500003 ], [ -109.76015625, 67.820117187500003 ], [ -109.831347656250003, 67.865820312500006 ], [ -109.904248046874997, 67.87353515625 ], [ -109.9365234375, 67.887890625 ], [ -110.04248046875, 67.977197265624994 ], [ -110.073925781249997, 67.992919921875 ], [ -110.101953125, 67.992236328125003 ], [ -110.216259765624997, 67.954003906249994 ], [ -110.371972656249994, 67.954199218750006 ], [ -110.804882812499997, 67.832324218750003 ], [ -110.990039062500003, 67.790820312500003 ], [ -111.08740234375, 67.787646484375003 ], [ -111.15478515625, 67.798242187499994 ], [ -111.1921875, 67.822558593750003 ], [ -111.290820312500003, 67.815234375 ], [ -111.45068359375, 67.776171875 ], [ -111.575732421875003, 67.7568359375 ], [ -111.710888671874997, 67.75732421875 ], [ -112.101318359375, 67.731738281250003 ], [ -112.23671875, 67.731103515624994 ], [ -112.314550781249991, 67.719580078125006 ], [ -112.43515625, 67.684765625 ], [ -112.503027343749991, 67.681933593750003 ], [ -112.879443359375003, 67.679882812499997 ], [ -113.074951171875, 67.686669921874994 ], [ -113.214990234374994, 67.701757812500006 ], [ -113.681933593750003, 67.699951171875 ], [ -113.893212890624994, 67.706884765625006 ], [ -114.051074218750003, 67.726904296875006 ], [ -114.175732421874997, 67.735009765624994 ], [ -114.267041015624997, 67.731152343749997 ], [ -114.429394531249997, 67.751220703125 ], [ -114.662890625, 67.795214843750003 ], [ -114.856738281250003, 67.813574218750006 ], [ -115.011181640624997, 67.806396484375 ], [ -115.133203125, 67.819189453125006 ], [ -115.288476562499994, 67.871679687500006 ], [ -115.434472656249994, 67.90234375 ], [ -115.426855468749991, 67.923535156249997 ], [ -115.201855468749997, 67.9984375 ], [ -115.167089843749991, 68.0185546875 ], [ -115.186767578125, 68.084179687499997 ], [ -115.175927734374994, 68.104394531249994 ], [ -115.127050781249991, 68.13203125 ], [ -114.852197265624994, 68.195263671874997 ], [ -114.765283203124994, 68.270214843749997 ], [ -114.274755859374991, 68.247851562500003 ], [ -114.095947265625, 68.266796875 ], [ -114.05322265625, 68.283398437499997 ], [ -114.020800781250003, 68.306494140625006 ], [ -113.964404296875003, 68.399072265624994 ], [ -113.988183593749994, 68.414990234374997 ], [ -114.051123046874991, 68.414648437500006 ], [ -114.092041015625, 68.435400390625006 ], [ -114.11083984375, 68.47734375 ], [ -114.218164062499994, 68.552050781250003 ], [ -114.413867187500003, 68.659570312499994 ], [ -114.620166015625003, 68.74609375 ], [ -114.99375, 68.850048828124997 ], [ -115.23984375, 68.891845703125 ], [ -115.442285156249994, 68.94091796875 ], [ -115.631152343750003, 68.972558593749994 ], [ -115.806347656249997, 68.986621093750003 ], [ -115.883251953124997, 68.9873046875 ], [ -115.936083984375003, 68.958105468750006 ], [ -116.166748046875, 68.975341796875 ], [ -116.243408203125, 68.974072265624997 ], [ -116.251611328124994, 68.957910156249994 ], [ -116.065234374999989, 68.855419921874997 ], [ -116.059472656249994, 68.837011718750006 ], [ -116.222705078124989, 68.846826171874994 ], [ -116.334082031250006, 68.873632812500006 ], [ -116.424560546875, 68.880615234375 ], [ -116.549951171874994, 68.878808593749994 ], [ -117.025732421875006, 68.915966796874997 ], [ -117.131738281249994, 68.907128906249994 ], [ -117.226953125, 68.913427734375006 ], [ -117.311279296875, 68.934912109375006 ], [ -117.830322265625, 68.999902343749994 ], [ -118.09521484375, 69.042919921874997 ], [ -118.306982421875006, 69.092724609374997 ], [ -118.485595703125, 69.144873046875006 ], [ -118.744873046875, 69.234277343749994 ], [ -118.868701171874989, 69.257177734375006 ], [ -119.852832031249989, 69.342333984375003 ], [ -120.139990234375006, 69.380566406249997 ], [ -120.292529296874989, 69.420556640624994 ], [ -120.681835937499997, 69.566943359375003 ] ] ] } }
]
}
